{"type": "FeatureCollection", "features": [{"type": "Feature", "properties": {"GID_2": "IND.4.1_1", "GID_0": "IND", "COUNTRY": "India", "GID_1": "IND.4_1", "NAME_1": "Assam", "NL_NAME_1": "NA", "NAME_2": "Baksa", "VARNAME_2": "Kampur|Ramrup", "NL_NAME_2": "NA", "TYPE_2": "District", "ENGTYPE_2": "District", "CC_2": "NA", "HASC_2": "IN.AS.BK"}, "geometry": {"type": "MultiPolygon", "coordinates": [[[[91.7091, 26.7904], [91.7117, 26.7848], [91.7121, 26.7777], [91.7178, 26.7541], [91.7229, 26.7437], [91.7334, 26.7303], [91.7326, 26.7132], [91.74, 26.6996], [91.7382, 26.6933], [91.7424, 26.6879], [91.7432, 26.6842], [91.7404, 26.6697], [91.7348, 26.6692], [91.7325, 26.6587], [91.7337, 26.6536], [91.7384, 26.6526], [91.7403, 26.6493], [91.7448, 26.6473], [91.7428, 26.644], [91.738, 26.6416], [91.7382, 26.6385], [91.7474, 26.6374], [91.7475, 26.6348], [91.7451, 26.6325], [91.738, 26.6327], [91.7358, 26.6307], [91.7367, 26.6269], [91.7453, 26.6282], [91.7458, 26.6264], [91.7395, 26.6167], [91.7394, 26.6131], [91.7429, 26.6117], [91.7386, 26.6057], [91.7393, 26.6022], [91.7489, 26.6051], [91.7497, 26.603], [91.7426, 26.591], [91.7472, 26.587], [91.7482, 26.5798], [91.7527, 26.5769], [91.7579, 26.5774], [91.7607, 26.575], [91.7652, 26.5693], [91.765, 26.5656], [91.7719, 26.5535], [91.7748, 26.5501], [91.7785, 26.549], [91.7778, 26.5456], [91.7793, 26.5411], [91.7836, 26.5377], [91.7768, 26.5294], [91.7841, 26.5298], [91.7832, 26.5266], [91.777, 26.524], [91.7832, 26.5208], [91.7826, 26.5179], [91.7798, 26.5156], [91.7797, 26.5124], [91.7843, 26.5059], [91.7863, 26.4996], [91.7802, 26.4951], [91.7478, 26.4991], [91.7419, 26.4974], [91.7285, 26.4854], [91.7237, 26.4784], [91.7222, 26.4711], [91.7114, 26.4608], [91.6885, 26.4622], [91.663, 26.47], [91.6557, 26.4802], [91.6456, 26.4868], [91.6428, 26.4966], [91.6415, 26.513], [91.6236, 26.5151], [91.6187, 26.5243], [91.6145, 26.5283], [91.6054, 26.5301], [91.5995, 26.533], [91.5972, 26.5479], [91.5917, 26.5658], [91.5828, 26.5722], [91.57, 26.5726], [91.5539, 26.5772], [91.5465, 26.5763], [91.5402, 26.5721], [91.5359, 26.5721], [91.5304, 26.5692], [91.5322, 26.5624], [91.5233, 26.5525], [91.5237, 26.5428], [91.5158, 26.5439], [91.5088, 26.5356], [91.4986, 26.5313], [91.49, 26.5422], [91.4815, 26.5567], [91.4789, 26.5658], [91.4737, 26.5725], [91.4746, 26.5755], [91.4715, 26.5793], [91.4625, 26.5817], [91.455, 26.5775], [91.4467, 26.5604], [91.4191, 26.5488], [91.4173, 26.5423], [91.413, 26.5351], [91.4048, 26.5296], [91.3741, 26.5277], [91.3627, 26.5244], [91.3547, 26.5208], [91.3508, 26.5155], [91.3497, 26.5034], [91.3434, 26.4978], [91.3299, 26.4924], [91.3053, 26.4928], [91.2983, 26.4966], [91.2928, 26.5045], [91.2926, 26.5089], [91.2965, 26.5117], [91.2984, 26.5221], [91.2938, 26.5366], [91.2949, 26.5454], [91.3066, 26.5584], [91.311, 26.5736], [91.3103, 26.5792], [91.3065, 26.5822], [91.2997, 26.5813], [91.2912, 26.5761], [91.2904, 26.5807], [91.2459, 26.5852], [91.2387, 26.5887], [91.2406, 26.5922], [91.2515, 26.5927], [91.2551, 26.5981], [91.264, 26.6207], [91.2387, 26.6136], [91.2375, 26.6171], [91.235, 26.6137], [91.2235, 26.6127], [91.22, 26.6107], [91.2167, 26.606], [91.2114, 26.6036], [91.2105, 26.5994], [91.2157, 26.5964], [91.2137, 26.5937], [91.2095, 26.5917], [91.2035, 26.5929], [91.1994, 26.5988], [91.2011, 26.6059], [91.1992, 26.6102], [91.1956, 26.6105], [91.1929, 26.608], [91.1905, 26.6083], [91.1744, 26.6207], [91.1715, 26.6348], [91.168, 26.6417], [91.1693, 26.6524], [91.1674, 26.6581], [91.1577, 26.6643], [91.1534, 26.663], [91.1493, 26.6579], [91.1511, 26.6545], [91.1504, 26.6527], [91.1439, 26.6534], [91.1413, 26.6503], [91.1416, 26.6472], [91.1475, 26.646], [91.1483, 26.6428], [91.1477, 26.6343], [91.1435, 26.6277], [91.1486, 26.6188], [91.1392, 26.6082], [91.1424, 26.6001], [91.14, 26.5915], [91.1429, 26.5852], [91.1467, 26.5815], [91.1479, 26.5736], [91.1412, 26.5526], [91.1375, 26.5454], [91.1298, 26.5429], [91.1191, 26.5431], [91.1129, 26.5361], [91.1051, 26.5206], [91.1021, 26.5177], [91.0984, 26.518], [91.084, 26.5265], [91.0653, 26.5453], [91.0507, 26.5538], [91.0504, 26.5571], [91.0484, 26.5592], [91.0287, 26.5601], [91.0172, 26.5576], [91.0078, 26.5532], [90.996, 26.5442], [90.9805, 26.5487], [90.9696, 26.549], [90.9643, 26.5454], [90.9378, 26.5396], [90.9369, 26.5449], [90.9355, 26.5469], [90.9314, 26.5474], [90.9269, 26.5556], [90.9185, 26.5564], [90.9185, 26.5587], [90.9236, 26.5627], [90.9247, 26.5657], [90.9195, 26.5678], [90.9213, 26.572], [90.9184, 26.5785], [90.9204, 26.5824], [90.913, 26.5887], [90.906, 26.5877], [90.8918, 26.5784], [90.8789, 26.5766], [90.8756, 26.5714], [90.8688, 26.5692], [90.8712, 26.5563], [90.8669, 26.544], [90.8692, 26.5373], [90.8739, 26.5345], [90.8763, 26.5252], [90.8753, 26.5234], [90.8671, 26.5224], [90.8643, 26.5197], [90.8621, 26.5198], [90.8503, 26.5244], [90.8525, 26.5343], [90.8464, 26.5339], [90.8298, 26.539], [90.8289, 26.5413], [90.8273, 26.5411], [90.8278, 26.5566], [90.8199, 26.5605], [90.816, 26.5686], [90.8267, 26.5757], [90.8432, 26.5715], [90.846, 26.5723], [90.8476, 26.5781], [90.8512, 26.583], [90.8495, 26.5834], [90.8535, 26.5982], [90.8643, 26.5987], [90.8672, 26.6003], [90.8727, 26.6169], [90.878, 26.6205], [90.8896, 26.625], [90.8962, 26.6319], [90.899, 26.64], [90.8997, 26.6588], [90.8985, 26.6622], [90.8934, 26.6643], [90.8927, 26.6665], [90.8958, 26.6776], [90.899, 26.6828], [90.8973, 26.6866], [90.898, 26.6898], [90.9077, 26.6981], [90.91, 26.7054], [90.9141, 26.7108], [90.9143, 26.7138], [90.9118, 26.7181], [90.9123, 26.7267], [90.9206, 26.7362], [90.9216, 26.7404], [90.9278, 26.7451], [90.9323, 26.7563], [90.9368, 26.7609], [90.9415, 26.7751], [90.9497, 26.777], [90.9534, 26.7796], [90.9548, 26.7838], [90.9587, 26.7844], [90.9567, 26.7815], [90.9916, 26.7908], [91.0554, 26.7824], [91.0975, 26.8222], [91.1458, 26.8112], [91.1922, 26.8136], [91.2368, 26.8123], [91.2768, 26.8006], [91.2964, 26.7872], [91.3374, 26.7812], [91.3756, 26.7954], [91.4075, 26.8397], [91.4483, 26.8111], [91.4636, 26.8027], [91.4949, 26.7914], [91.5913, 26.805], [91.6256, 26.8212], [91.6897, 26.8069], [91.7042, 26.8119], [91.7091, 26.7904]]]]}}, {"type": "Feature", "properties": {"GID_2": "IND.4.2_1", "GID_0": "IND", "COUNTRY": "India", "GID_1": "IND.4_1", "NAME_1": "Assam", "NL_NAME_1": "NA", "NAME_2": "Barpeta", "VARNAME_2": "NA", "NL_NAME_2": "NA", "TYPE_2": "District", "ENGTYPE_2": "District", "CC_2": "NA", "HASC_2": "IN.AS.BP"}, "geometry": {"type": "MultiPolygon", "coordinates": [[[[90.8503, 26.5244], [90.8621, 26.5198], [90.8643, 26.5197], [90.8671, 26.5224], [90.8753, 26.5234], [90.8755, 26.5309], [90.8739, 26.5345], [90.8692, 26.5373], [90.8669, 26.544], [90.8712, 26.5563], [90.8688, 26.5692], [90.8756, 26.5714], [90.8789, 26.5766], [90.8918, 26.5784], [90.906, 26.5877], [90.913, 26.5887], [90.9204, 26.5824], [90.9184, 26.5785], [90.9213, 26.572], [90.9195, 26.5678], [90.9247, 26.5657], [90.9236, 26.5627], [90.9185, 26.5587], [90.9185, 26.5564], [90.9269, 26.5556], [90.9314, 26.5474], [90.9355, 26.5469], [90.9369, 26.5449], [90.9378, 26.5396], [90.9643, 26.5454], [90.9696, 26.549], [90.9805, 26.5487], [90.996, 26.5442], [91.0078, 26.5532], [91.0172, 26.5576], [91.0287, 26.5601], [91.0484, 26.5592], [91.0504, 26.5571], [91.0507, 26.5538], [91.0653, 26.5453], [91.084, 26.5265], [91.0984, 26.518], [91.1021, 26.5177], [91.1051, 26.5206], [91.1129, 26.5361], [91.1191, 26.5431], [91.1298, 26.5429], [91.1375, 26.5454], [91.1412, 26.5526], [91.1479, 26.5736], [91.1467, 26.5815], [91.1429, 26.5852], [91.14, 26.5915], [91.1424, 26.6001], [91.1392, 26.6082], [91.1486, 26.6188], [91.1435, 26.6277], [91.1477, 26.6343], [91.1483, 26.6428], [91.1475, 26.646], [91.1416, 26.6472], [91.1413, 26.6503], [91.1439, 26.6534], [91.1504, 26.6527], [91.1511, 26.6545], [91.1493, 26.6579], [91.1534, 26.663], [91.1577, 26.6643], [91.1674, 26.6581], [91.1693, 26.6524], [91.168, 26.6417], [91.1715, 26.6348], [91.1744, 26.6207], [91.1905, 26.6083], [91.1929, 26.608], [91.1956, 26.6105], [91.1992, 26.6102], [91.2011, 26.6059], [91.1994, 26.5988], [91.2035, 26.5929], [91.2095, 26.5917], [91.2137, 26.5937], [91.2157, 26.5964], [91.2105, 26.5994], [91.2114, 26.6036], [91.2167, 26.606], [91.22, 26.6107], [91.2235, 26.6127], [91.235, 26.6137], [91.2375, 26.6171], [91.2387, 26.6136], [91.264, 26.6207], [91.2551, 26.5981], [91.2515, 26.5927], [91.2406, 26.5922], [91.2387, 26.5887], [91.2459, 26.5852], [91.2904, 26.5807], [91.2935, 26.57], [91.2906, 26.5671], [91.2905, 26.5629], [91.2726, 26.5515], [91.2674, 26.5518], [91.2679, 26.5474], [91.2647, 26.5474], [91.2657, 26.5438], [91.2617, 26.5442], [91.2549, 26.5415], [91.2536, 26.5381], [91.2499, 26.5352], [91.247, 26.5104], [91.2578, 26.5039], [91.2623, 26.4986], [91.2658, 26.4937], [91.2655, 26.4878], [91.2507, 26.4675], [91.2377, 26.4557], [91.2374, 26.4494], [91.2321, 26.4404], [91.2318, 26.4246], [91.2363, 26.4171], [91.2384, 26.4038], [91.2341, 26.3928], [91.2399, 26.3868], [91.239, 26.3823], [91.2475, 26.3735], [91.2476, 26.3678], [91.2615, 26.3684], [91.2781, 26.3731], [91.2793, 26.3705], [91.2707, 26.3622], [91.2771, 26.3551], [91.2758, 26.3415], [91.2686, 26.3405], [91.2662, 26.3368], [91.2695, 26.3282], [91.2626, 26.316], [91.2583, 26.3167], [91.255, 26.3115], [91.2607, 26.3029], [91.2536, 26.3022], [91.2505, 26.2998], [91.2522, 26.296], [91.2605, 26.2913], [91.2507, 26.2833], [91.2373, 26.2779], [91.2269, 26.2815], [91.2152, 26.2686], [91.2185, 26.2612], [91.2333, 26.2629], [91.2366, 26.2618], [91.2393, 26.2573], [91.2379, 26.2522], [91.2263, 26.242], [91.2188, 26.2256], [91.2146, 26.2215], [91.2189, 26.2165], [91.2281, 26.2154], [91.2349, 26.2125], [91.2415, 26.2041], [91.2483, 26.1998], [91.2406, 26.1925], [91.239, 26.1814], [91.2335, 26.1829], [91.1804, 26.1743], [91.1649, 26.17], [91.1457, 26.16], [91.1303, 26.159], [91.1158, 26.154], [91.0996, 26.1623], [91.0905, 26.1644], [91.0733, 26.1567], [91.0554, 26.1399], [91.0519, 26.1357], [91.0513, 26.1317], [91.0483, 26.1289], [91.0423, 26.1286], [91.0309, 26.1214], [91.0246, 26.12], [91.0018, 26.1299], [90.9884, 26.1247], [90.9548, 26.0974], [90.95, 26.0955], [90.9356, 26.0943], [90.9327, 26.0981], [90.9228, 26.0925], [90.9132, 26.0895], [90.9021, 26.0937], [90.8775, 26.0954], [90.8682, 26.098], [90.8588, 26.1135], [90.847, 26.1171], [90.8379, 26.1115], [90.8311, 26.1155], [90.8035, 26.1237], [90.7767, 26.1346], [90.7548, 26.1374], [90.7379, 26.1375], [90.7215, 26.135], [90.7184, 26.1322], [90.7119, 26.1356], [90.7124, 26.1391], [90.7091, 26.1393], [90.7061, 26.1476], [90.6946, 26.1508], [90.6913, 26.1534], [90.6748, 26.1856], [90.6662, 26.2125], [90.6578, 26.2287], [90.6517, 26.2368], [90.652, 26.2417], [90.6545, 26.2464], [90.6639, 26.2523], [90.6767, 26.2568], [90.6837, 26.2576], [90.7017, 26.2561], [90.7155, 26.2639], [90.7227, 26.2578], [90.7297, 26.2579], [90.7322, 26.2594], [90.7309, 26.2685], [90.719, 26.2683], [90.7177, 26.277], [90.7191, 26.284], [90.7303, 26.2958], [90.7417, 26.3003], [90.7454, 26.3027], [90.7498, 26.309], [90.7587, 26.3134], [90.7663, 26.307], [90.7756, 26.3038], [90.7898, 26.303], [90.7943, 26.3059], [90.7991, 26.3063], [90.8035, 26.3136], [90.8009, 26.3211], [90.7888, 26.3258], [90.789, 26.3284], [90.8037, 26.3435], [90.8042, 26.3512], [90.8176, 26.366], [90.823, 26.3669], [90.8312, 26.3612], [90.8388, 26.3584], [90.8575, 26.3621], [90.86, 26.3687], [90.8597, 26.3758], [90.8467, 26.3899], [90.8433, 26.4027], [90.85, 26.4185], [90.8581, 26.4319], [90.8584, 26.4342], [90.8562, 26.4369], [90.8435, 26.4459], [90.8317, 26.434], [90.825, 26.4326], [90.8194, 26.4341], [90.7984, 26.4284], [90.7931, 26.4289], [90.7857, 26.4391], [90.7869, 26.4419], [90.7952, 26.445], [90.8004, 26.4411], [90.8141, 26.4394], [90.8177, 26.4415], [90.8248, 26.4501], [90.8248, 26.4535], [90.8178, 26.4617], [90.8163, 26.4768], [90.8061, 26.4771], [90.8033, 26.479], [90.8042, 26.4867], [90.8023, 26.4946], [90.8048, 26.4928], [90.8055, 26.5002], [90.8082, 26.5007], [90.8121, 26.4989], [90.8157, 26.4946], [90.821, 26.4929], [90.8244, 26.4995], [90.8345, 26.5045], [90.8374, 26.5046], [90.8452, 26.4975], [90.8499, 26.4993], [90.851, 26.5022], [90.8485, 26.5083], [90.8503, 26.5244]]]]}}, {"type": "Feature", "properties": {"GID_2": "IND.4.3_1", "GID_0": "IND", "COUNTRY": "India", "GID_1": "IND.4_1", "NAME_1": "Assam", "NL_NAME_1": "NA", "NAME_2": "Bongaigaon", "VARNAME_2": "NA", "NL_NAME_2": "NA", "TYPE_2": "District", "ENGTYPE_2": "District", "CC_2": "NA", "HASC_2": "IN.AS.BG"}, "geometry": {"type": "MultiPolygon", "coordinates": [[[[90.8503, 26.5244], [90.8485, 26.5083], [90.851, 26.5022], [90.8499, 26.4993], [90.8452, 26.4975], [90.8374, 26.5046], [90.8345, 26.5045], [90.8244, 26.4995], [90.821, 26.4929], [90.8157, 26.4946], [90.8121, 26.4989], [90.8082, 26.5007], [90.8055, 26.5002], [90.8048, 26.4928], [90.8023, 26.4946], [90.8042, 26.4867], [90.8033, 26.479], [90.8061, 26.4771], [90.8163, 26.4768], [90.8178, 26.4617], [90.8248, 26.4535], [90.8248, 26.4501], [90.8177, 26.4415], [90.8141, 26.4394], [90.8004, 26.4411], [90.7952, 26.445], [90.7869, 26.4419], [90.7857, 26.4391], [90.7931, 26.4289], [90.7984, 26.4284], [90.8194, 26.4341], [90.825, 26.4326], [90.8317, 26.434], [90.8435, 26.4459], [90.8562, 26.4369], [90.8584, 26.4342], [90.8581, 26.4319], [90.85, 26.4185], [90.8433, 26.4027], [90.8467, 26.3899], [90.8597, 26.3758], [90.86, 26.3687], [90.8575, 26.3621], [90.8388, 26.3584], [90.8312, 26.3612], [90.823, 26.3669], [90.8176, 26.366], [90.8042, 26.3512], [90.8037, 26.3435], [90.789, 26.3284], [90.7888, 26.3258], [90.8009, 26.3211], [90.8035, 26.3136], [90.7991, 26.3063], [90.7943, 26.3059], [90.7898, 26.303], [90.7756, 26.3038], [90.7663, 26.307], [90.7587, 26.3134], [90.7498, 26.309], [90.7454, 26.3027], [90.7417, 26.3003], [90.7303, 26.2958], [90.7191, 26.284], [90.7177, 26.277], [90.719, 26.2683], [90.7309, 26.2685], [90.7322, 26.2594], [90.725, 26.257], [90.7155, 26.2639], [90.7017, 26.2561], [90.6837, 26.2576], [90.6767, 26.2568], [90.6639, 26.2523], [90.6545, 26.2464], [90.652, 26.2417], [90.6517, 26.2368], [90.6581, 26.228], [90.6205, 26.2239], [90.5999, 26.1993], [90.5712, 26.189], [90.5403, 26.1869], [90.5177, 26.1746], [90.4787, 26.1602], [90.454, 26.1458], [90.4252, 26.1438], [90.3985, 26.1479], [90.3595, 26.1602], [90.346, 26.1759], [90.373, 26.1793], [90.3752, 26.1817], [90.3769, 26.2066], [90.3757, 26.2216], [90.3776, 26.2241], [90.3838, 26.2257], [90.3942, 26.2206], [90.3981, 26.2209], [90.4179, 26.2366], [90.4257, 26.2446], [90.4382, 26.2444], [90.439, 26.2469], [90.4294, 26.2572], [90.43, 26.2609], [90.4338, 26.2623], [90.4366, 26.2611], [90.4395, 26.2542], [90.4482, 26.249], [90.4511, 26.2524], [90.4445, 26.2584], [90.4418, 26.2647], [90.4478, 26.2719], [90.4498, 26.2725], [90.4596, 26.2652], [90.466, 26.2651], [90.4716, 26.2689], [90.4723, 26.2716], [90.4698, 26.2726], [90.4554, 26.2728], [90.4549, 26.2805], [90.4562, 26.2847], [90.4573, 26.2781], [90.469, 26.2781], [90.468, 26.2809], [90.464, 26.2823], [90.4634, 26.2892], [90.4742, 26.2883], [90.4796, 26.2904], [90.4794, 26.2962], [90.4771, 26.3021], [90.4785, 26.3053], [90.4663, 26.3264], [90.4728, 26.3314], [90.4695, 26.3332], [90.4612, 26.3304], [90.4539, 26.339], [90.4561, 26.3432], [90.4527, 26.3498], [90.4566, 26.3563], [90.4521, 26.3581], [90.4491, 26.3541], [90.4472, 26.358], [90.4461, 26.3819], [90.441, 26.4059], [90.4453, 26.4128], [90.447, 26.4077], [90.4538, 26.4083], [90.4576, 26.4039], [90.4609, 26.4037], [90.4631, 26.4122], [90.4596, 26.4166], [90.4613, 26.4206], [90.4567, 26.4209], [90.4628, 26.4237], [90.4607, 26.428], [90.4645, 26.4386], [90.4701, 26.4417], [90.4723, 26.4511], [90.4746, 26.4533], [90.4797, 26.4558], [90.4949, 26.4545], [90.5184, 26.456], [90.526, 26.4508], [90.5246, 26.4273], [90.5258, 26.4205], [90.532, 26.4196], [90.5429, 26.4271], [90.5486, 26.4277], [90.552, 26.4342], [90.5521, 26.4553], [90.557, 26.4667], [90.5618, 26.4695], [90.5635, 26.4761], [90.5636, 26.4843], [90.5611, 26.4953], [90.5567, 26.5043], [90.5641, 26.511], [90.5707, 26.5141], [90.591, 26.5112], [90.5968, 26.5052], [90.6049, 26.4861], [90.6091, 26.4812], [90.6142, 26.4809], [90.6279, 26.4876], [90.6333, 26.4981], [90.6243, 26.5059], [90.6215, 26.5133], [90.6219, 26.5184], [90.6426, 26.5272], [90.6563, 26.5263], [90.6641, 26.5237], [90.6681, 26.5173], [90.6756, 26.5111], [90.6869, 26.5103], [90.6947, 26.5011], [90.6944, 26.4908], [90.702, 26.4857], [90.7112, 26.4877], [90.7122, 26.485], [90.7157, 26.4842], [90.7184, 26.4857], [90.7235, 26.481], [90.7282, 26.4842], [90.7442, 26.4834], [90.7485, 26.4767], [90.7527, 26.4764], [90.753, 26.4732], [90.7552, 26.4719], [90.7628, 26.4783], [90.7639, 26.4841], [90.768, 26.4867], [90.773, 26.4854], [90.7797, 26.4728], [90.7867, 26.4724], [90.7905, 26.4753], [90.7932, 26.4803], [90.7847, 26.4867], [90.7742, 26.4995], [90.7623, 26.5067], [90.7601, 26.5115], [90.7616, 26.5178], [90.7654, 26.521], [90.7775, 26.5227], [90.7899, 26.5219], [90.7953, 26.5241], [90.7971, 26.5309], [90.8036, 26.5345], [90.8384, 26.5246], [90.8503, 26.5244]]]]}}, {"type": "Feature", "properties": {"GID_2": "IND.4.4_1", "GID_0": "IND", "COUNTRY": "India", "GID_1": "IND.4_1", "NAME_1": "Assam", "NL_NAME_1": "NA", "NAME_2": "Cachar", "VARNAME_2": "NA", "NL_NAME_2": "NA", "TYPE_2": "District", "ENGTYPE_2": "District", "CC_2": "NA", "HASC_2": "IN.AS.CA"}, "geometry": {"type": "MultiPolygon", "coordinates": [[[[92.4903, 24.8739], [92.4919, 24.878], [92.4911, 24.8916], [92.4968, 24.9022], [92.4928, 24.9062], [92.4945, 24.916], [92.4875, 24.9208], [92.4839, 24.9286], [92.4876, 24.9467], [92.4834, 24.9473], [92.4792, 24.9426], [92.4489, 24.9391], [92.4482, 24.9473], [92.4513, 24.9521], [92.455, 24.9547], [92.4633, 24.9559], [92.4647, 24.9548], [92.4737, 24.9571], [92.471, 24.9641], [92.4605, 24.9762], [92.4494, 24.9721], [92.4459, 24.967], [92.4352, 24.9664], [92.4285, 24.9726], [92.4295, 24.9799], [92.4245, 24.9826], [92.4236, 24.9961], [92.4295, 25.0097], [92.4333, 25.0281], [92.4328, 25.031], [92.4306, 25.0323], [92.4259, 25.0318], [92.4379, 25.0338], [92.4418, 25.0399], [92.4465, 25.042], [92.451, 25.041], [92.4568, 25.035], [92.4633, 25.0371], [92.4647, 25.0472], [92.4629, 25.0501], [92.4602, 25.0496], [92.4598, 25.0547], [92.466, 25.0572], [92.4709, 25.0669], [92.4746, 25.0708], [92.4802, 25.0858], [92.4803, 25.1004], [92.4843, 25.1081], [92.4991, 25.1081], [92.5098, 25.1055], [92.5265, 25.1059], [92.532, 25.104], [92.538, 25.0993], [92.5446, 25.0993], [92.5487, 25.106], [92.5602, 25.1064], [92.5656, 25.1035], [92.5744, 25.1038], [92.596, 25.1084], [92.605, 25.1128], [92.6135, 25.1069], [92.623, 25.1043], [92.6265, 25.109], [92.6345, 25.1103], [92.6386, 25.1162], [92.6479, 25.1203], [92.6523, 25.1195], [92.6571, 25.1154], [92.6622, 25.1157], [92.6724, 25.1106], [92.6773, 25.1112], [92.6871, 25.1169], [92.6925, 25.1164], [92.6981, 25.112], [92.7017, 25.1112], [92.7076, 25.1135], [92.7125, 25.1186], [92.7166, 25.1201], [92.7259, 25.1147], [92.7282, 25.1196], [92.738, 25.1282], [92.7317, 25.1403], [92.7332, 25.1455], [92.7373, 25.1421], [92.7398, 25.1432], [92.7465, 25.1379], [92.7564, 25.1412], [92.7596, 25.1306], [92.7655, 25.1239], [92.7673, 25.1196], [92.7676, 25.1061], [92.7835, 25.0893], [92.7881, 25.0877], [92.8027, 25.0881], [92.8273, 25.0753], [92.8309, 25.0712], [92.8313, 25.0631], [92.836, 25.0577], [92.8413, 25.0559], [92.8587, 25.066], [92.8829, 25.0697], [92.8858, 25.0711], [92.8898, 25.0766], [92.9018, 25.0823], [92.9239, 25.0825], [92.9358, 25.08], [92.9421, 25.0774], [92.9461, 25.0733], [92.952, 25.0733], [92.956, 25.0763], [92.9574, 25.0891], [92.9625, 25.0912], [92.9682, 25.0915], [92.9786, 25.0879], [92.9831, 25.0904], [92.9886, 25.0966], [92.9937, 25.0981], [93.0193, 25.0984], [93.0221, 25.1027], [93.0335, 25.1065], [93.0442, 25.1061], [93.0498, 25.102], [93.0481, 25.0967], [93.0415, 25.0881], [93.0305, 25.0782], [93.0239, 25.0766], [93.0178, 25.0643], [93.0295, 25.0499], [93.0387, 25.0428], [93.0405, 25.0394], [93.0501, 25.0358], [93.057, 25.0299], [93.0574, 25.0271], [93.0611, 25.0258], [93.0641, 25.0185], [93.0595, 25.0149], [93.0591, 25.0111], [93.0626, 25.0094], [93.0635, 25.0052], [93.0689, 25.0058], [93.0723, 25.0033], [93.0722, 25.0005], [93.1712, 25.0], [93.1862, 24.9982], [93.1872, 24.9999], [93.19, 24.9999], [93.19, 24.9936], [93.1943, 24.9949], [93.1986, 24.9936], [93.2, 24.9911], [93.1986, 24.9886], [93.2014, 24.9861], [93.207, 24.9836], [93.2141, 24.986], [93.2169, 24.9898], [93.2253, 24.9872], [93.2294, 24.9885], [93.2336, 24.986], [93.2293, 24.9797], [93.2347, 24.9772], [93.2389, 24.9797], [93.2403, 24.976], [93.243, 24.976], [93.2445, 24.9709], [93.2473, 24.971], [93.2529, 24.9751], [93.2529, 24.9726], [93.2587, 24.9727], [93.2632, 24.9664], [93.2606, 24.9589], [93.2624, 24.9514], [93.2595, 24.9514], [93.2535, 24.9551], [93.2492, 24.9551], [93.2511, 24.9463], [93.2541, 24.9426], [93.2441, 24.9438], [93.24, 24.9388], [93.2414, 24.9376], [93.2485, 24.9401], [93.243, 24.9313], [93.2502, 24.9301], [93.2533, 24.9188], [93.2505, 24.9151], [93.2419, 24.915], [93.2404, 24.9163], [93.239, 24.915], [93.2434, 24.9075], [93.2434, 24.9037], [93.242, 24.9012], [93.2362, 24.9025], [93.2334, 24.8987], [93.2334, 24.8949], [93.2305, 24.8949], [93.2348, 24.8899], [93.2334, 24.8848], [93.2291, 24.8848], [93.2262, 24.8811], [93.2291, 24.8773], [93.2191, 24.8697], [93.2143, 24.8619], [93.2087, 24.8565], [93.2058, 24.8553], [93.2001, 24.8578], [93.1972, 24.8565], [93.2015, 24.8502], [93.2016, 24.8439], [93.1958, 24.8464], [93.1944, 24.8439], [93.1973, 24.8402], [93.2001, 24.8414], [93.2016, 24.8402], [93.1987, 24.8364], [93.1944, 24.8376], [93.193, 24.8364], [93.193, 24.8339], [93.1973, 24.8339], [93.1916, 24.8226], [93.1959, 24.8163], [93.1988, 24.815], [93.1931, 24.8062], [93.1816, 24.8049], [93.1788, 24.7961], [93.1759, 24.7974], [93.1744, 24.8037], [93.1615, 24.7973], [93.1529, 24.7898], [93.1515, 24.7961], [93.1429, 24.8011], [93.1371, 24.8111], [93.1313, 24.806], [93.127, 24.8085], [93.1213, 24.8085], [93.1198, 24.811], [93.1227, 24.8148], [93.1227, 24.8198], [93.1112, 24.8123], [93.1098, 24.8097], [93.1127, 24.8022], [93.1085, 24.7909], [93.1056, 24.7884], [93.1056, 24.7846], [93.1071, 24.7833], [93.1013, 24.7783], [93.1057, 24.7695], [93.1, 24.7544], [93.1, 24.7507], [93.1015, 24.7494], [93.0986, 24.7444], [93.1015, 24.7419], [93.1029, 24.7432], [93.1029, 24.7469], [93.1058, 24.7457], [93.1072, 24.7419], [93.1044, 24.7369], [93.0973, 24.7318], [93.0973, 24.7281], [93.093, 24.7243], [93.0944, 24.7205], [93.0888, 24.7092], [93.0787, 24.7142], [93.0759, 24.7104], [93.0932, 24.6879], [93.0918, 24.6778], [93.0932, 24.6765], [93.1018, 24.6804], [93.1047, 24.6791], [93.1047, 24.6753], [93.0976, 24.6628], [93.0963, 24.6527], [93.0891, 24.6527], [93.0863, 24.6514], [93.0848, 24.6477], [93.0893, 24.6339], [93.0894, 24.6276], [93.0794, 24.6263], [93.0794, 24.6213], [93.0867, 24.6138], [93.0868, 24.6113], [93.0768, 24.6038], [93.0754, 24.5962], [93.0798, 24.5925], [93.0885, 24.59], [93.0987, 24.5913], [93.1044, 24.5876], [93.107, 24.5836], [93.0973, 24.5825], [93.0871, 24.5712], [93.0712, 24.5761], [93.0611, 24.5748], [93.0727, 24.5611], [93.0655, 24.5473], [93.0612, 24.5548], [93.0527, 24.5447], [93.0485, 24.5309], [93.0528, 24.5247], [93.0528, 24.5196], [93.0414, 24.5146], [93.04, 24.5108], [93.0443, 24.5058], [93.0358, 24.4969], [93.0485, 24.4755], [93.0483, 24.464], [93.0379, 24.4612], [93.0367, 24.4439], [93.0322, 24.4289], [93.0393, 24.4176], [93.0392, 24.4111], [93.0292, 24.4063], [93.016, 24.4025], [93.0089, 24.4054], [93.0064, 24.4119], [92.998, 24.4016], [92.9953, 24.402], [92.9883, 24.4076], [92.9803, 24.4097], [92.9756, 24.4078], [92.9708, 24.4012], [92.9603, 24.3959], [92.9547, 24.4039], [92.9512, 24.4048], [92.9406, 24.4011], [92.9357, 24.3955], [92.9277, 24.3986], [92.9226, 24.4042], [92.9234, 24.4057], [92.9115, 24.4129], [92.9093, 24.4032], [92.9057, 24.3991], [92.9052, 24.3945], [92.901, 24.3934], [92.8944, 24.3953], [92.8908, 24.4023], [92.8842, 24.403], [92.8739, 24.3973], [92.8629, 24.3995], [92.8591, 24.3984], [92.8516, 24.3924], [92.8469, 24.3823], [92.8443, 24.3799], [92.8396, 24.3808], [92.8327, 24.3764], [92.829, 24.3778], [92.8283, 24.3856], [92.825, 24.3905], [92.8314, 24.4005], [92.8211, 24.4068], [92.8183, 24.4127], [92.8111, 24.4136], [92.8114, 24.4154], [92.8094, 24.4152], [92.8089, 24.4169], [92.8095, 24.4193], [92.8008, 24.4191], [92.8, 24.4215], [92.8038, 24.4217], [92.8043, 24.423], [92.7939, 24.444], [92.7791, 24.4865], [92.7652, 24.5208], [92.7597, 24.5212], [92.7638, 24.5325], [92.7757, 24.5489], [92.7735, 24.5512], [92.7734, 24.5544], [92.7811, 24.5623], [92.7807, 24.572], [92.7747, 24.5721], [92.7645, 24.5693], [92.761, 24.5794], [92.7554, 24.5854], [92.7419, 24.586], [92.7391, 24.5893], [92.7349, 24.5883], [92.7355, 24.5852], [92.726, 24.5717], [92.7196, 24.5676], [92.718, 24.5711], [92.7151, 24.5709], [92.7052, 24.5666], [92.7013, 24.5724], [92.6901, 24.5814], [92.6771, 24.5838], [92.6701, 24.5936], [92.6738, 24.6009], [92.6698, 24.6092], [92.6702, 24.6119], [92.6787, 24.6119], [92.6903, 24.615], [92.6968, 24.6189], [92.6938, 24.6236], [92.6812, 24.6313], [92.6752, 24.6288], [92.6702, 24.6288], [92.6668, 24.6413], [92.669, 24.6613], [92.6671, 24.6642], [92.6666, 24.672], [92.66, 24.6717], [92.6589, 24.6745], [92.6559, 24.6942], [92.658, 24.6984], [92.6593, 24.7141], [92.6566, 24.7307], [92.6574, 24.7443], [92.6675, 24.77], [92.6667, 24.7794], [92.6698, 24.7924], [92.6841, 24.805], [92.6847, 24.8091], [92.6804, 24.8158], [92.6711, 24.8173], [92.6605, 24.8157], [92.6434, 24.8216], [92.6398, 24.8215], [92.6357, 24.8339], [92.6389, 24.838], [92.6317, 24.8503], [92.6313, 24.8556], [92.6102, 24.8633], [92.5979, 24.8803], [92.582, 24.8755], [92.582, 24.8734], [92.5902, 24.8696], [92.5924, 24.8664], [92.589, 24.8643], [92.5779, 24.8707], [92.5601, 24.8744], [92.5526, 24.8724], [92.5409, 24.8653], [92.5257, 24.861], [92.5196, 24.874], [92.516, 24.8772], [92.5034, 24.8743], [92.4941, 24.8767], [92.4903, 24.8739]]]]}}, {"type": "Feature", "properties": {"GID_2": "IND.4.5_1", "GID_0": "IND", "COUNTRY": "India", "GID_1": "IND.4_1", "NAME_1": "Assam", "NL_NAME_1": "NA", "NAME_2": "Chirang", "VARNAME_2": "NA", "NL_NAME_2": "NA", "TYPE_2": "District", "ENGTYPE_2": "District", "CC_2": "NA", "HASC_2": "IN.AS.CH"}, "geometry": {"type": "MultiPolygon", "coordinates": [[[[90.6432, 26.7803], [90.6459, 26.7763], [90.6758, 26.7842], [90.6935, 26.7703], [90.7168, 26.7685], [90.7429, 26.7755], [90.8166, 26.7763], [90.9565, 26.788], [90.959, 26.7848], [90.9548, 26.7838], [90.9534, 26.7796], [90.9497, 26.777], [90.9415, 26.7751], [90.9368, 26.7609], [90.9323, 26.7563], [90.9278, 26.7451], [90.9216, 26.7404], [90.9206, 26.7362], [90.9123, 26.7267], [90.9118, 26.7181], [90.9143, 26.7138], [90.9141, 26.7108], [90.91, 26.7054], [90.9077, 26.6981], [90.898, 26.6898], [90.8973, 26.6866], [90.899, 26.6828], [90.8933, 26.6702], [90.8934, 26.6643], [90.8985, 26.6622], [90.8997, 26.6588], [90.899, 26.64], [90.8962, 26.6319], [90.8896, 26.625], [90.878, 26.6205], [90.8727, 26.6169], [90.8672, 26.6003], [90.8643, 26.5987], [90.8535, 26.5982], [90.8495, 26.5834], [90.8512, 26.583], [90.8476, 26.5781], [90.846, 26.5723], [90.8432, 26.5715], [90.8267, 26.5757], [90.816, 26.5686], [90.8199, 26.5605], [90.8278, 26.5566], [90.8273, 26.5411], [90.8289, 26.5413], [90.8298, 26.539], [90.8464, 26.5339], [90.8525, 26.5343], [90.8503, 26.5244], [90.8384, 26.5246], [90.8036, 26.5345], [90.7971, 26.5309], [90.7953, 26.5241], [90.7899, 26.5219], [90.7775, 26.5227], [90.7654, 26.521], [90.7616, 26.5178], [90.7601, 26.5115], [90.7623, 26.5067], [90.7742, 26.4995], [90.7847, 26.4867], [90.7932, 26.4803], [90.7905, 26.4753], [90.7867, 26.4724], [90.7797, 26.4728], [90.773, 26.4854], [90.768, 26.4867], [90.7639, 26.4841], [90.7628, 26.4783], [90.7552, 26.4719], [90.753, 26.4732], [90.7527, 26.4764], [90.7485, 26.4767], [90.7442, 26.4834], [90.7282, 26.4842], [90.7235, 26.481], [90.7184, 26.4857], [90.7157, 26.4842], [90.7122, 26.485], [90.7112, 26.4877], [90.702, 26.4857], [90.6944, 26.4908], [90.6947, 26.5011], [90.6869, 26.5103], [90.6756, 26.5111], [90.6681, 26.5173], [90.6641, 26.5237], [90.6563, 26.5263], [90.6426, 26.5272], [90.6219, 26.5184], [90.6215, 26.5133], [90.6243, 26.5059], [90.6333, 26.4981], [90.6279, 26.4876], [90.6142, 26.4809], [90.6091, 26.4812], [90.6049, 26.4861], [90.5968, 26.5052], [90.591, 26.5112], [90.5707, 26.5141], [90.5641, 26.511], [90.5567, 26.5043], [90.5611, 26.4953], [90.5636, 26.4843], [90.5635, 26.4761], [90.5618, 26.4695], [90.557, 26.4667], [90.5521, 26.4553], [90.552, 26.4342], [90.5486, 26.4277], [90.5429, 26.4271], [90.532, 26.4196], [90.5258, 26.4205], [90.5246, 26.4273], [90.526, 26.4508], [90.5184, 26.456], [90.4949, 26.4545], [90.4797, 26.4558], [90.4723, 26.4511], [90.4701, 26.4417], [90.4645, 26.4386], [90.4607, 26.428], [90.4628, 26.4237], [90.4567, 26.4209], [90.4613, 26.4206], [90.4596, 26.4166], [90.4631, 26.4122], [90.4609, 26.4037], [90.4576, 26.4039], [90.4538, 26.4083], [90.447, 26.4077], [90.4453, 26.4128], [90.4413, 26.4057], [90.4357, 26.4371], [90.4586, 26.4662], [90.4576, 26.485], [90.4493, 26.4933], [90.4295, 26.4933], [90.4149, 26.4818], [90.3951, 26.4818], [90.3774, 26.486], [90.3577, 26.5224], [90.3535, 26.5464], [90.365, 26.5526], [90.3899, 26.5599], [90.4097, 26.5578], [90.4253, 26.5505], [90.4576, 26.5485], [90.469, 26.5412], [90.4909, 26.5349], [90.5055, 26.5422], [90.5336, 26.5401], [90.5565, 26.5266], [90.5721, 26.5318], [90.5742, 26.5537], [90.5648, 26.5787], [90.5471, 26.5995], [90.5242, 26.6307], [90.5232, 26.6651], [90.5325, 26.6869], [90.5409, 26.7119], [90.5607, 26.7421], [90.5877, 26.7712], [90.615, 26.7951], [90.6303, 26.7917], [90.6432, 26.7803]]]]}}, {"type": "Feature", "properties": {"GID_2": "IND.4.6_1", "GID_0": "IND", "COUNTRY": "India", "GID_1": "IND.4_1", "NAME_1": "Assam", "NL_NAME_1": "NA", "NAME_2": "Darrang", "VARNAME_2": "NA", "NL_NAME_2": "NA", "TYPE_2": "District", "ENGTYPE_2": "District", "CC_2": "NA", "HASC_2": "IN.AS.DR"}, "geometry": {"type": "MultiPolygon", "coordinates": [[[[91.7802, 26.4951], [91.7837, 26.4981], [91.8278, 26.5092], [91.8455, 26.5286], [91.8632, 26.5406], [91.8739, 26.5452], [91.8952, 26.5451], [91.8991, 26.5502], [91.9016, 26.5584], [91.9078, 26.561], [91.9173, 26.5619], [91.9244, 26.5736], [91.9305, 26.5747], [91.9364, 26.5742], [91.948, 26.5703], [91.9543, 26.5652], [91.9538, 26.5591], [91.9652, 26.5536], [91.9695, 26.554], [91.9819, 26.5618], [91.9861, 26.5668], [91.9926, 26.5695], [92.0152, 26.5674], [92.0281, 26.5595], [92.0355, 26.5474], [92.0493, 26.5318], [92.0514, 26.5262], [92.0635, 26.5192], [92.0657, 26.5151], [92.0657, 26.5067], [92.0721, 26.5024], [92.07, 26.4979], [92.0698, 26.4872], [92.077, 26.482], [92.0821, 26.4816], [92.0859, 26.4852], [92.0901, 26.4848], [92.0941, 26.4914], [92.0945, 26.4953], [92.0808, 26.5124], [92.0878, 26.5326], [92.0992, 26.544], [92.099, 26.551], [92.0921, 26.5592], [92.0862, 26.5604], [92.0714, 26.5477], [92.0609, 26.5455], [92.0467, 26.5673], [92.0454, 26.5804], [92.0483, 26.5925], [92.0584, 26.6094], [92.0604, 26.6123], [92.0682, 26.6132], [92.0767, 26.6286], [92.0819, 26.6305], [92.0874, 26.6293], [92.0982, 26.6386], [92.1085, 26.6397], [92.1198, 26.6463], [92.134, 26.6491], [92.1474, 26.6497], [92.1569, 26.654], [92.1642, 26.6597], [92.1771, 26.6604], [92.1847, 26.6675], [92.1894, 26.6688], [92.2022, 26.6656], [92.2136, 26.6561], [92.2177, 26.6404], [92.2379, 26.6251], [92.2396, 26.6151], [92.239, 26.5986], [92.2424, 26.5952], [92.2454, 26.582], [92.2513, 26.5791], [92.258, 26.5824], [92.2602, 26.5856], [92.2702, 26.5923], [92.272, 26.5969], [92.2749, 26.6208], [92.2789, 26.6269], [92.29, 26.6282], [92.2943, 26.6336], [92.298, 26.6442], [92.3006, 26.6649], [92.3036, 26.6719], [92.3109, 26.6773], [92.3341, 26.6689], [92.3357, 26.6669], [92.3326, 26.6632], [92.3333, 26.6577], [92.3308, 26.652], [92.3385, 26.6502], [92.3387, 26.6465], [92.3363, 26.6447], [92.3427, 26.6385], [92.3387, 26.639], [92.3337, 26.6429], [92.3301, 26.6424], [92.3273, 26.6383], [92.3315, 26.6338], [92.3327, 26.6295], [92.3224, 26.6155], [92.3293, 26.6124], [92.329, 26.6095], [92.3254, 26.6077], [92.3271, 26.606], [92.3392, 26.6019], [92.3401, 26.5988], [92.3265, 26.5974], [92.3254, 26.5933], [92.3412, 26.5831], [92.3522, 26.5866], [92.3612, 26.5873], [92.3643, 26.5822], [92.3622, 26.5823], [92.3564, 26.5783], [92.3556, 26.5734], [92.3604, 26.5704], [92.3657, 26.5697], [92.3672, 26.568], [92.3654, 26.563], [92.3663, 26.5594], [92.3833, 26.5362], [92.3813, 26.5328], [92.3795, 26.5325], [92.3533, 26.5318], [92.3469, 26.526], [92.3302, 26.5162], [92.3256, 26.5109], [92.3327, 26.5118], [92.342, 26.5098], [92.3439, 26.5038], [92.3151, 26.4888], [92.2888, 26.4611], [92.2796, 26.4555], [92.2714, 26.453], [92.2548, 26.4529], [92.2472, 26.4492], [92.241, 26.4431], [92.2368, 26.4322], [92.22, 26.4184], [92.2111, 26.4164], [92.2018, 26.4224], [92.1869, 26.425], [92.1789, 26.4245], [92.1625, 26.4184], [92.1538, 26.4121], [92.1415, 26.4], [92.1285, 26.3815], [92.1245, 26.3723], [92.1062, 26.358], [92.1013, 26.3446], [92.0836, 26.3384], [92.0735, 26.3157], [92.0628, 26.3095], [92.0561, 26.2942], [92.043, 26.2769], [92.0303, 26.2712], [92.022, 26.2742], [92.0148, 26.2813], [91.9895, 26.2703], [91.9818, 26.2762], [91.9534, 26.255], [91.9325, 26.2427], [91.9241, 26.2471], [91.9143, 26.2418], [91.9126, 26.2347], [91.9022, 26.2266], [91.8905, 26.2227], [91.8898, 26.2202], [91.8753, 26.2168], [91.8667, 26.22], [91.8549, 26.2168], [91.8418, 26.2156], [91.8157, 26.2069], [91.8109, 26.2082], [91.7768, 26.1989], [91.7589, 26.201], [91.7526, 26.2058], [91.7474, 26.2117], [91.7456, 26.2174], [91.7467, 26.222], [91.7527, 26.2269], [91.7636, 26.2319], [91.7677, 26.2403], [91.7705, 26.2421], [91.779, 26.2423], [91.7842, 26.2452], [91.7838, 26.2547], [91.7858, 26.2619], [91.7904, 26.2693], [91.7904, 26.2726], [91.7878, 26.277], [91.7882, 26.2846], [91.7843, 26.2974], [91.7858, 26.3039], [91.7839, 26.3058], [91.7872, 26.3068], [91.7886, 26.3102], [91.7915, 26.3101], [91.7943, 26.3196], [91.7967, 26.3162], [91.7996, 26.3156], [91.8084, 26.3176], [91.8107, 26.3202], [91.8111, 26.3247], [91.814, 26.3268], [91.8192, 26.326], [91.8214, 26.3331], [91.8197, 26.3377], [91.8212, 26.3649], [91.8192, 26.3684], [91.8199, 26.372], [91.8177, 26.3802], [91.8115, 26.3843], [91.8064, 26.3824], [91.8034, 26.3857], [91.8041, 26.3886], [91.7987, 26.3921], [91.7971, 26.402], [91.7941, 26.4084], [91.7827, 26.4098], [91.7801, 26.4123], [91.7801, 26.4191], [91.7771, 26.4204], [91.778, 26.4268], [91.7736, 26.4273], [91.7725, 26.4317], [91.7706, 26.4328], [91.7718, 26.438], [91.77, 26.4407], [91.7718, 26.4445], [91.769, 26.4473], [91.7678, 26.4533], [91.765, 26.4569], [91.7662, 26.462], [91.7638, 26.4673], [91.7743, 26.4673], [91.7766, 26.4706], [91.7792, 26.4845], [91.7773, 26.4879], [91.7802, 26.4951]]]]}}, {"type": "Feature", "properties": {"GID_2": "IND.4.7_1", "GID_0": "IND", "COUNTRY": "India", "GID_1": "IND.4_1", "NAME_1": "Assam", "NL_NAME_1": "NA", "NAME_2": "Dhemaji", "VARNAME_2": "NA", "NL_NAME_2": "NA", "TYPE_2": "District", "ENGTYPE_2": "District", "CC_2": "NA", "HASC_2": "IN.AS.DM"}, "geometry": {"type": "MultiPolygon", "coordinates": [[[[94.8609, 27.7395], [94.8839, 27.7421], [94.93, 27.7567], [94.987, 27.7709], [94.9979, 27.7766], [95.0191, 27.7725], [95.0312, 27.7748], [95.0388, 27.7777], [95.0518, 27.7902], [95.2365, 27.8484], [95.3166, 27.8711], [95.3843, 27.842], [95.516, 27.8818], [95.5159, 27.8754], [95.5194, 27.8637], [95.5034, 27.8621], [95.4952, 27.8598], [95.4913, 27.8571], [95.4862, 27.8492], [95.4851, 27.8429], [95.4819, 27.8375], [95.4778, 27.8345], [95.4789, 27.8281], [95.4754, 27.8213], [95.4684, 27.8138], [95.4582, 27.7794], [95.4426, 27.7625], [95.4199, 27.7432], [95.4007, 27.7303], [95.3918, 27.7284], [95.3426, 27.7069], [95.3201, 27.7002], [95.2973, 27.7003], [95.2888, 27.6987], [95.2828, 27.6956], [95.276, 27.6872], [95.2719, 27.6768], [95.2589, 27.6634], [95.2382, 27.6588], [95.2329, 27.6606], [95.2247, 27.657], [95.2021, 27.6657], [95.1977, 27.6699], [95.1933, 27.6715], [95.1942, 27.6775], [95.2011, 27.6861], [95.2036, 27.6925], [95.2046, 27.7033], [95.2079, 27.709], [95.2058, 27.7126], [95.1758, 27.6999], [95.1572, 27.6962], [95.1404, 27.6887], [95.1211, 27.6846], [95.1099, 27.6697], [95.106, 27.6667], [95.0829, 27.6638], [95.0624, 27.6644], [95.0509, 27.6663], [95.0454, 27.672], [95.0405, 27.6721], [95.0325, 27.669], [95.0292, 27.6662], [95.028, 27.6628], [94.9837, 27.6549], [94.9813, 27.6505], [94.9567, 27.6319], [94.9476, 27.6129], [94.9294, 27.609], [94.9209, 27.6047], [94.9126, 27.594], [94.906, 27.5894], [94.895, 27.5886], [94.8808, 27.5777], [94.871, 27.5609], [94.8526, 27.5491], [94.8413, 27.5361], [94.8168, 27.5191], [94.819, 27.5182], [94.8228, 27.5197], [94.82, 27.5095], [94.798, 27.4946], [94.794, 27.4859], [94.7781, 27.4888], [94.773, 27.4871], [94.7616, 27.475], [94.7533, 27.4606], [94.7509, 27.4489], [94.7452, 27.4391], [94.7313, 27.4454], [94.7272, 27.4439], [94.7216, 27.431], [94.6991, 27.4268], [94.6917, 27.423], [94.6875, 27.414], [94.6907, 27.3938], [94.6864, 27.3873], [94.6639, 27.3804], [94.6633, 27.3753], [94.6668, 27.3674], [94.665, 27.3532], [94.6436, 27.3446], [94.6405, 27.3415], [94.6384, 27.3354], [94.6408, 27.3295], [94.6365, 27.324], [94.6334, 27.3244], [94.6208, 27.3365], [94.6137, 27.3344], [94.6059, 27.329], [94.6111, 27.325], [94.6146, 27.3188], [94.6123, 27.3123], [94.6139, 27.3097], [94.5981, 27.2861], [94.5846, 27.2974], [94.5693, 27.3175], [94.561, 27.3257], [94.5539, 27.3175], [94.5385, 27.3068], [94.5279, 27.3068], [94.5232, 27.3316], [94.509, 27.3482], [94.4913, 27.3517], [94.4476, 27.3423], [94.4322, 27.334], [94.4038, 27.334], [94.3471, 27.3446], [94.3235, 27.3529], [94.3007, 27.3502], [94.299, 27.3546], [94.285, 27.3585], [94.2718, 27.3661], [94.25, 27.3861], [94.2469, 27.3933], [94.2515, 27.4006], [94.2562, 27.4029], [94.2654, 27.4018], [94.2693, 27.3964], [94.2851, 27.386], [94.298, 27.39], [94.3046, 27.4002], [94.3075, 27.4337], [94.3049, 27.4404], [94.2898, 27.452], [94.2824, 27.4611], [94.2777, 27.4716], [94.2801, 27.5043], [94.2745, 27.5134], [94.2688, 27.5187], [94.2597, 27.5235], [94.2625, 27.5274], [94.2569, 27.5405], [94.2565, 27.5574], [94.2406, 27.5704], [94.2341, 27.5715], [94.2265, 27.5756], [94.2255, 27.5811], [94.2214, 27.5879], [94.2253, 27.5952], [94.2251, 27.5985], [94.2229, 27.6007], [94.2135, 27.6044], [94.2111, 27.6108], [94.2174, 27.609], [94.226, 27.618], [94.2351, 27.6325], [94.2473, 27.6358], [94.2522, 27.6409], [94.256, 27.6366], [94.2628, 27.636], [94.2667, 27.6326], [94.2672, 27.6279], [94.2571, 27.6191], [94.2541, 27.6137], [94.2725, 27.6035], [94.276, 27.5933], [94.2877, 27.5918], [94.2929, 27.6004], [94.298, 27.6043], [94.3016, 27.5999], [94.3084, 27.5956], [94.3124, 27.5897], [94.3197, 27.5901], [94.3237, 27.5872], [94.3291, 27.5884], [94.3381, 27.581], [94.3406, 27.5834], [94.3451, 27.5846], [94.3488, 27.5795], [94.3557, 27.5774], [94.3622, 27.5802], [94.3675, 27.5767], [94.3723, 27.5793], [94.3758, 27.5846], [94.3844, 27.5865], [94.3876, 27.5893], [94.4032, 27.5872], [94.4209, 27.6013], [94.431, 27.6031], [94.4306, 27.5965], [94.4361, 27.5844], [94.4535, 27.5709], [94.4597, 27.5577], [94.4693, 27.564], [94.4792, 27.577], [94.491, 27.5755], [94.5002, 27.5773], [94.5094, 27.5841], [94.5157, 27.5847], [94.5263, 27.5958], [94.5366, 27.597], [94.5464, 27.6035], [94.5561, 27.6032], [94.5639, 27.607], [94.5735, 27.607], [94.5819, 27.6167], [94.5915, 27.6228], [94.5958, 27.6215], [94.6094, 27.6226], [94.625, 27.6301], [94.6307, 27.6283], [94.6345, 27.6288], [94.6398, 27.631], [94.6484, 27.6421], [94.6691, 27.6503], [94.6825, 27.6496], [94.687, 27.6533], [94.6839, 27.6633], [94.6894, 27.6672], [94.6981, 27.6671], [94.7131, 27.6603], [94.7166, 27.6616], [94.7207, 27.67], [94.7255, 27.6703], [94.7277, 27.6679], [94.7427, 27.6634], [94.7559, 27.6665], [94.7596, 27.6684], [94.7669, 27.6801], [94.7722, 27.684], [94.7765, 27.6834], [94.791, 27.6889], [94.7953, 27.6981], [94.7976, 27.6989], [94.8002, 27.6971], [94.8213, 27.6962], [94.8394, 27.7035], [94.8488, 27.7107], [94.8536, 27.7316], [94.866, 27.7362], [94.8609, 27.7395]]]]}}, {"type": "Feature", "properties": {"GID_2": "IND.4.8_1", "GID_0": "IND", "COUNTRY": "India", "GID_1": "IND.4_1", "NAME_1": "Assam", "NL_NAME_1": "NA", "NAME_2": "Dhubri", "VARNAME_2": "NA", "NL_NAME_2": "NA", "TYPE_2": "District", "ENGTYPE_2": "District", "CC_2": "NA", "HASC_2": "IN.AS.DB"}, "geometry": {"type": "MultiPolygon", "coordinates": [[[[89.7817, 26.0997], [89.7858, 26.1015], [89.7833, 26.106], [89.7771, 26.1035], [89.7724, 26.1055], [89.7699, 26.1046], [89.7683, 26.1081], [89.761, 26.1069], [89.7561, 26.1095], [89.7553, 26.1138], [89.7652, 26.1249], [89.7664, 26.1308], [89.7632, 26.137], [89.7541, 26.1403], [89.7537, 26.1468], [89.7476, 26.1574], [89.7436, 26.1594], [89.7374, 26.1592], [89.7204, 26.1564], [89.7193, 26.1664], [89.7251, 26.1696], [89.7271, 26.1739], [89.7329, 26.173], [89.7342, 26.175], [89.7302, 26.177], [89.7198, 26.1779], [89.7116, 26.1735], [89.7065, 26.1731], [89.7025, 26.1771], [89.7025, 26.1823], [89.6948, 26.1891], [89.6976, 26.1909], [89.7018, 26.1882], [89.7082, 26.1868], [89.7141, 26.1894], [89.7181, 26.1968], [89.7156, 26.2027], [89.7116, 26.2032], [89.7142, 26.206], [89.7257, 26.2061], [89.732, 26.2123], [89.7313, 26.2149], [89.7244, 26.2173], [89.7031, 26.2133], [89.7002, 26.2138], [89.6972, 26.2172], [89.6996, 26.2189], [89.7056, 26.2171], [89.7102, 26.2191], [89.7128, 26.229], [89.7233, 26.2329], [89.7288, 26.2382], [89.7236, 26.2435], [89.7157, 26.2464], [89.7164, 26.2553], [89.7154, 26.2565], [89.7114, 26.258], [89.7036, 26.257], [89.701, 26.2592], [89.7048, 26.2699], [89.7089, 26.2708], [89.7115, 26.2696], [89.7114, 26.2633], [89.7173, 26.2592], [89.7252, 26.2584], [89.7323, 26.2603], [89.7337, 26.2665], [89.7375, 26.2711], [89.7292, 26.2829], [89.7211, 26.2882], [89.7171, 26.2931], [89.7157, 26.302], [89.7203, 26.3081], [89.7228, 26.3076], [89.7198, 26.2986], [89.7234, 26.2948], [89.7318, 26.2929], [89.7423, 26.2952], [89.7489, 26.2894], [89.7587, 26.2893], [89.7591, 26.2926], [89.7509, 26.3062], [89.7505, 26.3215], [89.7517, 26.3222], [89.7664, 26.3139], [89.7709, 26.313], [89.7821, 26.3163], [89.7992, 26.3009], [89.8069, 26.3014], [89.8234, 26.3084], [89.8303, 26.3075], [89.8454, 26.2994], [89.8742, 26.3021], [89.8899, 26.3131], [89.8947, 26.3251], [89.9029, 26.3256], [89.9061, 26.3277], [89.9083, 26.3366], [89.9115, 26.3389], [89.9199, 26.3387], [89.9282, 26.3417], [89.9319, 26.3405], [89.936, 26.3353], [89.9466, 26.3333], [89.9616, 26.335], [89.9715, 26.3382], [89.9854, 26.3456], [89.9885, 26.3399], [89.9981, 26.3337], [90.0054, 26.3264], [90.011, 26.3283], [90.0191, 26.3362], [90.024, 26.3362], [90.0273, 26.3323], [90.0272, 26.3288], [90.0235, 26.3206], [90.0266, 26.3094], [90.0332, 26.3029], [90.0404, 26.2991], [90.0506, 26.2969], [90.0683, 26.3053], [90.1177, 26.3393], [90.1389, 26.3495], [90.152, 26.353], [90.1665, 26.3458], [90.1696, 26.3425], [90.1767, 26.3454], [90.1866, 26.3454], [90.1926, 26.3532], [90.2034, 26.3588], [90.2062, 26.3626], [90.2044, 26.3771], [90.2241, 26.3855], [90.2257, 26.3793], [90.224, 26.3734], [90.2299, 26.3701], [90.2314, 26.362], [90.2273, 26.3547], [90.2214, 26.3525], [90.2168, 26.3527], [90.2144, 26.3505], [90.2267, 26.3497], [90.2162, 26.3318], [90.2169, 26.3295], [90.2256, 26.3327], [90.2362, 26.3239], [90.2411, 26.328], [90.2479, 26.3263], [90.2522, 26.3309], [90.253, 26.3349], [90.2558, 26.3345], [90.2706, 26.329], [90.273, 26.3233], [90.2781, 26.32], [90.2828, 26.3218], [90.286, 26.326], [90.288, 26.3311], [90.2851, 26.3365], [90.2903, 26.3388], [90.2975, 26.3381], [90.3084, 26.3505], [90.3091, 26.3483], [90.3282, 26.3645], [90.3264, 26.3659], [90.3175, 26.3632], [90.3201, 26.368], [90.3114, 26.3769], [90.3104, 26.381], [90.3149, 26.3883], [90.3181, 26.3895], [90.3317, 26.3863], [90.3314, 26.3904], [90.3273, 26.3964], [90.3288, 26.4093], [90.3381, 26.4133], [90.3472, 26.4138], [90.3532, 26.4133], [90.3568, 26.4112], [90.3622, 26.3986], [90.3657, 26.3968], [90.3717, 26.3969], [90.3717, 26.3848], [90.3743, 26.3758], [90.3931, 26.3913], [90.3942, 26.3857], [90.3868, 26.3767], [90.3851, 26.3706], [90.3819, 26.3743], [90.3775, 26.3701], [90.379, 26.3679], [90.3955, 26.363], [90.413, 26.3625], [90.4221, 26.365], [90.4246, 26.3603], [90.4312, 26.3542], [90.4298, 26.3477], [90.4318, 26.3439], [90.4341, 26.3431], [90.4377, 26.3458], [90.4378, 26.3502], [90.4344, 26.3587], [90.4403, 26.362], [90.4418, 26.3465], [90.444, 26.346], [90.4521, 26.3581], [90.4566, 26.3563], [90.4527, 26.3498], [90.4561, 26.3432], [90.4539, 26.339], [90.4612, 26.3304], [90.4695, 26.3332], [90.4728, 26.3314], [90.4663, 26.3264], [90.4785, 26.3053], [90.4771, 26.3021], [90.4794, 26.2962], [90.4796, 26.2904], [90.4742, 26.2883], [90.4634, 26.2892], [90.464, 26.2823], [90.468, 26.2809], [90.469, 26.2781], [90.4573, 26.2781], [90.4562, 26.2847], [90.4549, 26.2805], [90.4554, 26.2728], [90.4698, 26.2726], [90.4723, 26.2716], [90.4716, 26.2689], [90.466, 26.2651], [90.4596, 26.2652], [90.4498, 26.2725], [90.4478, 26.2719], [90.4418, 26.2647], [90.4445, 26.2584], [90.4511, 26.2524], [90.4482, 26.249], [90.4395, 26.2542], [90.4366, 26.2611], [90.4338, 26.2623], [90.43, 26.2609], [90.4294, 26.2572], [90.439, 26.2469], [90.4382, 26.2444], [90.4257, 26.2446], [90.4179, 26.2366], [90.3981, 26.2209], [90.3942, 26.2206], [90.3838, 26.2257], [90.3776, 26.2241], [90.3757, 26.2216], [90.3769, 26.2066], [90.3761, 26.1889], [90.3752, 26.1817], [90.373, 26.1793], [90.34, 26.1754], [90.3334, 26.1731], [90.3275, 26.1738], [90.3239, 26.1795], [90.3207, 26.1803], [90.3098, 26.1795], [90.2965, 26.182], [90.2875, 26.1859], [90.273, 26.1846], [90.2694, 26.1862], [90.2473, 26.1776], [90.2453, 26.1752], [90.2475, 26.1688], [90.2442, 26.1481], [90.2386, 26.1397], [90.219, 26.1377], [90.2167, 26.1326], [90.2098, 26.1311], [90.207, 26.1291], [90.2044, 26.1238], [90.1978, 26.1234], [90.1925, 26.1265], [90.1861, 26.1202], [90.1807, 26.1071], [90.1711, 26.0949], [90.1616, 26.0859], [90.1533, 26.0823], [90.1542, 26.078], [90.1584, 26.074], [90.1712, 26.0659], [90.175, 26.0644], [90.1769, 26.0654], [90.1754, 26.0598], [90.1696, 26.0508], [90.1681, 26.0434], [90.1739, 26.0385], [90.1845, 26.0368], [90.1897, 26.0284], [90.1888, 26.0251], [90.1852, 26.0226], [90.1712, 26.0167], [90.1749, 26.0134], [90.1743, 26.0096], [90.1792, 26.0126], [90.1735, 26.0009], [90.1761, 25.9956], [90.1763, 25.9911], [90.1571, 25.9869], [90.1496, 25.9809], [90.1447, 25.98], [90.1433, 25.9753], [90.1343, 25.9724], [90.1309, 25.9681], [90.1229, 25.9697], [90.1183, 25.966], [90.1187, 25.9613], [90.1079, 25.9506], [90.1054, 25.9419], [90.1005, 25.9421], [90.0991, 25.9393], [90.0961, 25.9395], [90.088, 25.9362], [90.0919, 25.9288], [90.0807, 25.9245], [90.078, 25.9177], [90.0724, 25.9193], [90.0676, 25.9162], [90.0633, 25.9155], [90.0551, 25.9081], [90.0522, 25.8987], [90.0421, 25.8908], [90.0279, 25.8943], [90.0213, 25.8932], [90.0153, 25.8886], [90.0047, 25.8787], [90.0144, 25.8718], [90.0187, 25.8714], [90.0219, 25.8655], [90.0208, 25.8616], [90.0083, 25.8468], [90.0003, 25.8486], [89.9976, 25.8467], [89.9974, 25.8442], [90.0016, 25.8422], [89.9908, 25.8355], [89.9759, 25.834], [89.9735, 25.8281], [89.968, 25.8262], [89.9589, 25.8266], [89.9446, 25.8245], [89.9456, 25.8161], [89.9494, 25.8144], [89.952, 25.8109], [89.9508, 25.792], [89.9526, 25.7834], [89.955, 25.7816], [89.9552, 25.7745], [89.9435, 25.7605], [89.9337, 25.7525], [89.9346, 25.7475], [89.9335, 25.7446], [89.9279, 25.7414], [89.9219, 25.7392], [89.9161, 25.7392], [89.9114, 25.7416], [89.8954, 25.7441], [89.8926, 25.735], [89.8942, 25.7272], [89.9143, 25.704], [89.9185, 25.7027], [89.9211, 25.6944], [89.937, 25.6866], [89.9417, 25.6781], [89.9418, 25.6737], [89.947, 25.6588], [89.9804, 25.6376], [89.9833, 25.6267], [89.9993, 25.6219], [90.0014, 25.6244], [90.0045, 25.6238], [90.0184, 25.6084], [90.0173, 25.6022], [90.0111, 25.5984], [90.0021, 25.5842], [89.9792, 25.5907], [89.9751, 25.5835], [89.9728, 25.5746], [89.9665, 25.5717], [89.9416, 25.5676], [89.9358, 25.5627], [89.9261, 25.5635], [89.8864, 25.5579], [89.8776, 25.5489], [89.8738, 25.5493], [89.8701, 25.5442], [89.8662, 25.5428], [89.8627, 25.5432], [89.8659, 25.5463], [89.8672, 25.5623], [89.8703, 25.5682], [89.8731, 25.5703], [89.8731, 25.5746], [89.8756, 25.5813], [89.8733, 25.588], [89.8787, 25.6017], [89.8824, 25.6173], [89.8807, 25.6333], [89.8723, 25.6581], [89.8675, 25.6607], [89.8629, 25.6665], [89.8584, 25.6799], [89.8517, 25.687], [89.8466, 25.6957], [89.8519, 25.7067], [89.8505, 25.7131], [89.8492, 25.7152], [89.835, 25.7159], [89.8273, 25.73], [89.829, 25.7425], [89.8413, 25.7591], [89.8399, 25.7684], [89.8383, 25.7757], [89.8339, 25.783], [89.8338, 25.7885], [89.8312, 25.7912], [89.8294, 25.7967], [89.8299, 25.8008], [89.8264, 25.8103], [89.8193, 25.8141], [89.8169, 25.813], [89.8145, 25.817], [89.8172, 25.8169], [89.8309, 25.8376], [89.8305, 25.8533], [89.8341, 25.8534], [89.8356, 25.8605], [89.8325, 25.8707], [89.8487, 25.8879], [89.8482, 25.8921], [89.8568, 25.8998], [89.8607, 25.9074], [89.8617, 25.9069], [89.8785, 25.9243], [89.8779, 25.9267], [89.8799, 25.9318], [89.8859, 25.9436], [89.8539, 25.9398], [89.8461, 25.9359], [89.8441, 25.9373], [89.844, 25.9401], [89.8391, 25.9412], [89.8399, 25.9421], [89.8319, 25.9415], [89.8282, 25.9436], [89.8284, 25.9458], [89.8253, 25.9456], [89.8256, 25.9516], [89.831, 25.9552], [89.8493, 25.9492], [89.8444, 25.9549], [89.8471, 25.9568], [89.843, 25.964], [89.8381, 25.9681], [89.8419, 25.9707], [89.8455, 25.9714], [89.858, 25.969], [89.8732, 25.9759], [89.8707, 25.9815], [89.8671, 25.9795], [89.8653, 25.9824], [89.8531, 25.9875], [89.8502, 25.9902], [89.8472, 25.9969], [89.8476, 26.0008], [89.8438, 26.0065], [89.8388, 26.0097], [89.8343, 25.9975], [89.8398, 25.981], [89.8376, 25.9794], [89.8289, 25.9811], [89.8202, 25.9877], [89.8148, 25.9979], [89.8186, 25.996], [89.8204, 25.998], [89.8191, 26.0042], [89.8219, 26.01], [89.8189, 26.0157], [89.8161, 26.0171], [89.8153, 26.0203], [89.8192, 26.0259], [89.814, 26.0315], [89.8117, 26.0403], [89.8091, 26.0431], [89.8056, 26.0446], [89.802, 26.0318], [89.7977, 26.0246], [89.7943, 26.023], [89.7953, 26.0219], [89.7906, 26.0179], [89.7884, 26.0188], [89.7876, 26.0214], [89.7915, 26.021], [89.7938, 26.0226], [89.7937, 26.0282], [89.7978, 26.031], [89.8022, 26.0383], [89.8018, 26.0404], [89.7997, 26.0411], [89.7977, 26.0398], [89.7974, 26.0356], [89.7957, 26.0339], [89.7924, 26.0356], [89.7883, 26.0351], [89.7875, 26.0371], [89.7894, 26.0396], [89.7856, 26.0386], [89.7803, 26.0337], [89.778, 26.0366], [89.7765, 26.035], [89.7736, 26.0377], [89.7792, 26.0445], [89.7827, 26.0453], [89.7844, 26.0477], [89.7878, 26.0478], [89.7881, 26.0498], [89.7847, 26.0514], [89.7852, 26.057], [89.7987, 26.0597], [89.7972, 26.0632], [89.7984, 26.0651], [89.7955, 26.0647], [89.7981, 26.0658], [89.7949, 26.073], [89.7957, 26.0765], [89.7903, 26.0755], [89.795, 26.0835], [89.7949, 26.0873], [89.7881, 26.0812], [89.7859, 26.0846], [89.7812, 26.0836], [89.783, 26.0937], [89.786, 26.0964], [89.7843, 26.0988], [89.7817, 26.0983], [89.7817, 26.0997]], [[89.8407, 25.9422], [89.8405, 25.9422], [89.8404, 25.9422], [89.8406, 25.942], [89.8407, 25.9422]]]]}}, {"type": "Feature", "properties": {"GID_2": "IND.4.9_1", "GID_0": "IND", "COUNTRY": "India", "GID_1": "IND.4_1", "NAME_1": "Assam", "NL_NAME_1": "NA", "NAME_2": "Dibrugarh", "VARNAME_2": "NA", "NL_NAME_2": "NA", "TYPE_2": "District", "ENGTYPE_2": "District", "CC_2": "NA", "HASC_2": "IN.AS.DI"}, "geometry": {"type": "MultiPolygon", "coordinates": [[[[95.377, 27.1022], [95.3727, 27.1017], [95.3737, 27.108], [95.3683, 27.1074], [95.3678, 27.1097], [95.3707, 27.1101], [95.3735, 27.1161], [95.3729, 27.1182], [95.3661, 27.1217], [95.3634, 27.1298], [95.3688, 27.1418], [95.3667, 27.1523], [95.3596, 27.1636], [95.3607, 27.1661], [95.3589, 27.1735], [95.3456, 27.178], [95.3467, 27.1833], [95.3453, 27.1866], [95.3353, 27.1916], [95.3194, 27.1924], [95.3166, 27.1894], [95.3136, 27.1899], [95.3097, 27.1941], [95.3057, 27.1945], [95.2996, 27.2001], [95.2888, 27.2025], [95.2831, 27.2018], [95.2858, 27.2003], [95.2853, 27.1978], [95.2804, 27.1982], [95.2802, 27.194], [95.2732, 27.1944], [95.2677, 27.1982], [95.2667, 27.1909], [95.2621, 27.1952], [95.2598, 27.1925], [95.2608, 27.1898], [95.2588, 27.1893], [95.2556, 27.1971], [95.2522, 27.1967], [95.24, 27.1919], [95.2432, 27.1874], [95.2409, 27.1854], [95.2342, 27.1845], [95.2343, 27.1821], [95.2389, 27.1779], [95.2399, 27.175], [95.2296, 27.1779], [95.2262, 27.1719], [95.2205, 27.17], [95.2186, 27.1716], [95.2199, 27.1739], [95.2135, 27.1784], [95.2107, 27.1773], [95.2103, 27.1748], [95.2147, 27.1728], [95.2137, 27.1694], [95.2009, 27.168], [95.1996, 27.1664], [95.2006, 27.1636], [95.1935, 27.1613], [95.1924, 27.163], [95.1937, 27.1638], [95.1842, 27.1672], [95.1836, 27.1628], [95.1875, 27.1566], [95.1795, 27.1533], [95.178, 27.1509], [95.179, 27.1464], [95.1757, 27.1427], [95.1741, 27.1455], [95.1757, 27.1488], [95.1747, 27.151], [95.17, 27.1474], [95.172, 27.1419], [95.1621, 27.1366], [95.1645, 27.1323], [95.1608, 27.1332], [95.1573, 27.1401], [95.1543, 27.1398], [95.1526, 27.1372], [95.1548, 27.1315], [95.1521, 27.1305], [95.15, 27.1327], [95.1498, 27.1389], [95.1411, 27.1422], [95.1348, 27.14], [95.134, 27.1429], [95.1298, 27.143], [95.1273, 27.1363], [95.124, 27.1355], [95.1219, 27.1389], [95.1184, 27.1395], [95.1174, 27.1342], [95.1156, 27.1334], [95.1127, 27.1401], [95.0616, 27.141], [95.0589, 27.1433], [95.0539, 27.1565], [95.0498, 27.1589], [95.0403, 27.1571], [95.0317, 27.1502], [95.0266, 27.1491], [95.0071, 27.1529], [94.989, 27.1514], [94.9805, 27.1555], [94.9845, 27.1643], [94.9837, 27.1708], [94.9854, 27.1749], [94.9752, 27.1994], [94.9743, 27.2169], [94.9721, 27.2276], [94.9692, 27.2337], [94.9576, 27.2257], [94.9262, 27.1946], [94.8866, 27.1616], [94.8482, 27.1131], [94.8422, 27.0996], [94.8363, 27.0987], [94.8301, 27.1003], [94.8261, 27.1049], [94.822, 27.1035], [94.8193, 27.1048], [94.8133, 27.1037], [94.8139, 27.1106], [94.8179, 27.1134], [94.8198, 27.119], [94.8113, 27.1203], [94.8021, 27.1247], [94.7969, 27.1237], [94.7648, 27.1323], [94.7594, 27.1471], [94.7613, 27.154], [94.757, 27.1556], [94.764, 27.1576], [94.7665, 27.1619], [94.7718, 27.1649], [94.7717, 27.1678], [94.7769, 27.1746], [94.7802, 27.1763], [94.7748, 27.1791], [94.7739, 27.1887], [94.7761, 27.1935], [94.7804, 27.1954], [94.7796, 27.203], [94.7766, 27.2171], [94.7705, 27.221], [94.7783, 27.2432], [94.7664, 27.2497], [94.7627, 27.2535], [94.7567, 27.2495], [94.7473, 27.2484], [94.7413, 27.2498], [94.7408, 27.2534], [94.7461, 27.2658], [94.7523, 27.2735], [94.7511, 27.2765], [94.7445, 27.2791], [94.7322, 27.2782], [94.7206, 27.2692], [94.7173, 27.261], [94.7238, 27.2556], [94.7249, 27.2504], [94.7197, 27.249], [94.7139, 27.2501], [94.7095, 27.2551], [94.7072, 27.2712], [94.7033, 27.2753], [94.6983, 27.2753], [94.6942, 27.2725], [94.6852, 27.2512], [94.6809, 27.2488], [94.6617, 27.2514], [94.6453, 27.2509], [94.6235, 27.2061], [94.6166, 27.1803], [94.6069, 27.1637], [94.5946, 27.1495], [94.59, 27.1535], [94.5862, 27.1613], [94.5693, 27.1828], [94.5794, 27.1966], [94.5815, 27.2062], [94.5811, 27.2141], [94.5786, 27.2194], [94.5871, 27.2445], [94.5887, 27.2545], [94.5861, 27.2627], [94.5867, 27.2706], [94.5935, 27.2784], [94.6139, 27.3097], [94.6123, 27.3123], [94.6146, 27.3188], [94.6111, 27.325], [94.6059, 27.329], [94.6137, 27.3344], [94.6208, 27.3365], [94.6334, 27.3244], [94.6365, 27.324], [94.6408, 27.3295], [94.6384, 27.3354], [94.6405, 27.3415], [94.6436, 27.3446], [94.665, 27.3532], [94.6668, 27.3674], [94.6633, 27.3753], [94.6639, 27.3804], [94.6864, 27.3873], [94.6907, 27.3938], [94.6875, 27.414], [94.6917, 27.423], [94.6991, 27.4268], [94.7216, 27.431], [94.7272, 27.4439], [94.7313, 27.4454], [94.7452, 27.4391], [94.7509, 27.4489], [94.7533, 27.4606], [94.7616, 27.475], [94.773, 27.4871], [94.7781, 27.4888], [94.794, 27.4859], [94.798, 27.4946], [94.82, 27.5095], [94.8228, 27.5197], [94.819, 27.5182], [94.8168, 27.5191], [94.8413, 27.5361], [94.8526, 27.5491], [94.871, 27.5609], [94.8808, 27.5777], [94.895, 27.5886], [94.906, 27.5894], [94.9126, 27.594], [94.9209, 27.6047], [94.9294, 27.609], [94.9476, 27.6129], [94.9567, 27.6319], [94.9813, 27.6505], [94.9837, 27.6549], [95.028, 27.6628], [95.0292, 27.6662], [95.0325, 27.669], [95.0405, 27.6721], [95.0454, 27.672], [95.0509, 27.6663], [95.0624, 27.6644], [95.0829, 27.6638], [95.106, 27.6667], [95.1099, 27.6697], [95.1211, 27.6846], [95.1404, 27.6887], [95.1572, 27.6962], [95.1758, 27.6999], [95.2058, 27.7126], [95.2079, 27.709], [95.2046, 27.7033], [95.2036, 27.6925], [95.2011, 27.6861], [95.1942, 27.6775], [95.1933, 27.6715], [95.1977, 27.6699], [95.2021, 27.6657], [95.2247, 27.657], [95.2329, 27.6606], [95.2382, 27.6588], [95.2486, 27.6603], [95.2589, 27.6634], [95.2663, 27.6697], [95.2719, 27.6768], [95.276, 27.6872], [95.2907, 27.6746], [95.3082, 27.6223], [95.3214, 27.5925], [95.3163, 27.5895], [95.3078, 27.5882], [95.3045, 27.5905], [95.3018, 27.5883], [95.3011, 27.5837], [95.2984, 27.5827], [95.2978, 27.5801], [95.2926, 27.5819], [95.2897, 27.5767], [95.2904, 27.5734], [95.2826, 27.5738], [95.2776, 27.578], [95.2755, 27.5723], [95.2778, 27.5649], [95.2841, 27.5601], [95.2806, 27.5516], [95.2748, 27.5559], [95.2704, 27.5525], [95.2653, 27.5412], [95.2712, 27.5302], [95.266, 27.5286], [95.2658, 27.5211], [95.263, 27.5154], [95.2377, 27.5075], [95.2308, 27.5011], [95.2293, 27.4905], [95.2298, 27.4772], [95.2207, 27.4629], [95.2334, 27.4451], [95.2382, 27.4398], [95.2439, 27.438], [95.2515, 27.4378], [95.2511, 27.4315], [95.2596, 27.4229], [95.258, 27.4156], [95.2661, 27.4118], [95.2698, 27.4107], [95.2771, 27.4168], [95.2842, 27.413], [95.2953, 27.417], [95.3009, 27.4141], [95.307, 27.4037], [95.3143, 27.3967], [95.3242, 27.3946], [95.3397, 27.3948], [95.3503, 27.397], [95.3758, 27.3861], [95.3796, 27.3909], [95.3778, 27.3972], [95.3966, 27.3969], [95.4152, 27.3902], [95.4192, 27.3874], [95.4242, 27.3806], [95.4311, 27.3776], [95.4405, 27.3686], [95.4501, 27.3748], [95.4735, 27.3702], [95.476, 27.3482], [95.4605, 27.3443], [95.4523, 27.3358], [95.4636, 27.3271], [95.4675, 27.3152], [95.4699, 27.3121], [95.4511, 27.3008], [95.4653, 27.2773], [95.4647, 27.2726], [95.4458, 27.2623], [95.4542, 27.2401], [95.4577, 27.2381], [95.4623, 27.246], [95.4591, 27.2535], [95.4734, 27.2689], [95.4767, 27.2591], [95.487, 27.2567], [95.4879, 27.252], [95.491, 27.2487], [95.4872, 27.246], [95.4806, 27.2323], [95.4745, 27.2269], [95.4739, 27.2236], [95.4707, 27.2232], [95.4694, 27.2183], [95.4597, 27.2134], [95.4589, 27.2096], [95.4686, 27.1905], [95.4671, 27.1856], [95.4637, 27.1821], [95.468, 27.1723], [95.4587, 27.1633], [95.4599, 27.1604], [95.4651, 27.1576], [95.4659, 27.1548], [95.4611, 27.1402], [95.4578, 27.1356], [95.4534, 27.1359], [95.4508, 27.1388], [95.4471, 27.1383], [95.4456, 27.1343], [95.441, 27.1328], [95.4292, 27.1341], [95.4203, 27.1308], [95.4063, 27.1183], [95.3861, 27.1117], [95.3855, 27.1051], [95.377, 27.1022]]]]}}, {"type": "Feature", "properties": {"GID_2": "IND.4.10_1", "GID_0": "IND", "COUNTRY": "India", "GID_1": "IND.4_1", "NAME_1": "Assam", "NL_NAME_1": "NA", "NAME_2": "DimaHasao", "VARNAME_2": "NA", "NL_NAME_2": "NA", "TYPE_2": "District", "ENGTYPE_2": "District", "CC_2": "NA", "HASC_2": "NA"}, "geometry": {"type": "MultiPolygon", "coordinates": [[[[93.2529, 24.9751], [93.2473, 24.971], [93.2445, 24.9709], [93.243, 24.976], [93.2403, 24.976], [93.2389, 24.9797], [93.2347, 24.9772], [93.2293, 24.9797], [93.2336, 24.986], [93.2294, 24.9885], [93.2253, 24.9872], [93.2169, 24.9898], [93.2141, 24.986], [93.207, 24.9836], [93.1986, 24.9886], [93.2, 24.9911], [93.1986, 24.9936], [93.1943, 24.9949], [93.19, 24.9936], [93.19, 24.9999], [93.1872, 24.9999], [93.1862, 24.9982], [93.1712, 25.0], [93.0722, 25.0005], [93.0723, 25.0033], [93.0689, 25.0058], [93.0635, 25.0052], [93.0626, 25.0094], [93.0591, 25.0111], [93.0595, 25.0149], [93.0641, 25.0185], [93.0611, 25.0258], [93.0574, 25.0271], [93.057, 25.0299], [93.0501, 25.0358], [93.0405, 25.0394], [93.0387, 25.0428], [93.0295, 25.0499], [93.0178, 25.0643], [93.0239, 25.0766], [93.0305, 25.0782], [93.0415, 25.0881], [93.0481, 25.0967], [93.0498, 25.102], [93.0442, 25.1061], [93.0335, 25.1065], [93.0221, 25.1027], [93.0193, 25.0984], [92.9937, 25.0981], [92.9886, 25.0966], [92.9831, 25.0904], [92.9786, 25.0879], [92.9682, 25.0915], [92.9625, 25.0912], [92.9574, 25.0891], [92.956, 25.0763], [92.952, 25.0733], [92.9461, 25.0733], [92.9421, 25.0774], [92.9358, 25.08], [92.9239, 25.0825], [92.9018, 25.0823], [92.8898, 25.0766], [92.8858, 25.0711], [92.8829, 25.0697], [92.8587, 25.066], [92.8413, 25.0559], [92.836, 25.0577], [92.8313, 25.0631], [92.8309, 25.0712], [92.8273, 25.0753], [92.8027, 25.0881], [92.7881, 25.0877], [92.7835, 25.0893], [92.7676, 25.1061], [92.7673, 25.1196], [92.7655, 25.1239], [92.7596, 25.1306], [92.7564, 25.1412], [92.7465, 25.1379], [92.7398, 25.1432], [92.7373, 25.1421], [92.7332, 25.1455], [92.7317, 25.1403], [92.738, 25.1282], [92.7282, 25.1196], [92.7259, 25.1147], [92.7166, 25.1201], [92.7125, 25.1186], [92.7076, 25.1135], [92.7017, 25.1112], [92.6981, 25.112], [92.6925, 25.1164], [92.6871, 25.1169], [92.6773, 25.1112], [92.6724, 25.1106], [92.6622, 25.1157], [92.6571, 25.1154], [92.6523, 25.1195], [92.6479, 25.1203], [92.6386, 25.1162], [92.6345, 25.1103], [92.6265, 25.109], [92.623, 25.1043], [92.6135, 25.1069], [92.605, 25.1128], [92.596, 25.1084], [92.5744, 25.1038], [92.5656, 25.1035], [92.5602, 25.1064], [92.5487, 25.106], [92.5446, 25.0993], [92.5429, 25.0996], [92.5408, 25.1041], [92.5331, 25.1121], [92.5302, 25.1219], [92.5252, 25.1256], [92.5247, 25.14], [92.5275, 25.1399], [92.5302, 25.1368], [92.5356, 25.1344], [92.5399, 25.1373], [92.5532, 25.1307], [92.5578, 25.13], [92.5817, 25.1319], [92.5944, 25.1283], [92.5984, 25.1247], [92.61, 25.1241], [92.6216, 25.1177], [92.6247, 25.1187], [92.63, 25.125], [92.6324, 25.1376], [92.6441, 25.1512], [92.6557, 25.1541], [92.6608, 25.1623], [92.663, 25.173], [92.6669, 25.1771], [92.6722, 25.1782], [92.6794, 25.1831], [92.6939, 25.1814], [92.7046, 25.1905], [92.7162, 25.1942], [92.7333, 25.2032], [92.742, 25.2031], [92.7471, 25.2078], [92.7589, 25.204], [92.7676, 25.2048], [92.7796, 25.2031], [92.7878, 25.2095], [92.7984, 25.2134], [92.8036, 25.2172], [92.8044, 25.2193], [92.8031, 25.2215], [92.7863, 25.2314], [92.7722, 25.2333], [92.7703, 25.2402], [92.7646, 25.2493], [92.7767, 25.2605], [92.7762, 25.2629], [92.7698, 25.2689], [92.7891, 25.2785], [92.7922, 25.2852], [92.7838, 25.308], [92.788, 25.3176], [92.7844, 25.3325], [92.7725, 25.3396], [92.7606, 25.3353], [92.7588, 25.3399], [92.7512, 25.3485], [92.7482, 25.3581], [92.7401, 25.3646], [92.7406, 25.3668], [92.7361, 25.3738], [92.7371, 25.3813], [92.7348, 25.3825], [92.7254, 25.3804], [92.7214, 25.3755], [92.7181, 25.375], [92.7129, 25.3845], [92.7004, 25.3878], [92.6935, 25.4], [92.68, 25.4086], [92.6738, 25.4171], [92.667, 25.4141], [92.6637, 25.4094], [92.6601, 25.4104], [92.6537, 25.4239], [92.6543, 25.4353], [92.6416, 25.4195], [92.6396, 25.4196], [92.6379, 25.4227], [92.6379, 25.4288], [92.6293, 25.4346], [92.6286, 25.425], [92.6206, 25.4237], [92.6148, 25.4174], [92.6091, 25.4166], [92.607, 25.4185], [92.6078, 25.4304], [92.6053, 25.4419], [92.6056, 25.4484], [92.6002, 25.4539], [92.6014, 25.4641], [92.5982, 25.4717], [92.5854, 25.4676], [92.5823, 25.4729], [92.5715, 25.4641], [92.5674, 25.4675], [92.5666, 25.4751], [92.5678, 25.4808], [92.581, 25.4952], [92.5936, 25.5031], [92.6056, 25.5081], [92.6096, 25.5126], [92.6216, 25.5158], [92.6276, 25.5222], [92.6376, 25.5285], [92.6447, 25.5374], [92.645, 25.5466], [92.6499, 25.56], [92.6574, 25.5634], [92.6607, 25.5703], [92.6607, 25.5818], [92.664, 25.574], [92.6653, 25.5761], [92.6692, 25.5757], [92.683, 25.5792], [92.6846, 25.5815], [92.681, 25.5837], [92.6818, 25.5869], [92.6912, 25.5963], [92.7023, 25.6021], [92.7149, 25.6015], [92.7183, 25.5925], [92.7412, 25.5977], [92.75, 25.6027], [92.7524, 25.6154], [92.7628, 25.6201], [92.7656, 25.6191], [92.7676, 25.6216], [92.7673, 25.6242], [92.7629, 25.6285], [92.7629, 25.6311], [92.7695, 25.6365], [92.7721, 25.6421], [92.781, 25.6497], [92.7877, 25.6581], [92.7881, 25.6636], [92.777, 25.6805], [92.7928, 25.6905], [92.798, 25.6912], [92.8058, 25.7031], [92.812, 25.7045], [92.8161, 25.7133], [92.8185, 25.7153], [92.8232, 25.7278], [92.8214, 25.7425], [92.8332, 25.7471], [92.8378, 25.752], [92.8567, 25.7538], [92.8867, 25.7606], [92.9063, 25.7674], [92.9145, 25.7724], [92.9213, 25.7735], [92.929, 25.7835], [92.9282, 25.7876], [92.9317, 25.8057], [92.9306, 25.8103], [92.944, 25.8075], [92.9623, 25.8198], [92.9668, 25.8193], [92.9594, 25.8114], [92.9577, 25.8082], [92.958, 25.8033], [92.9713, 25.7929], [92.9691, 25.7874], [92.9721, 25.7875], [92.983, 25.7938], [92.982, 25.789], [92.9853, 25.7861], [92.9887, 25.7896], [92.9903, 25.7982], [92.9885, 25.8056], [92.9846, 25.8092], [92.9845, 25.8118], [92.9885, 25.8224], [92.9919, 25.8261], [92.9991, 25.8225], [93.0067, 25.8092], [93.0102, 25.7943], [93.0168, 25.7927], [93.0196, 25.7987], [93.0261, 25.7986], [93.03, 25.7939], [93.0534, 25.7827], [93.0719, 25.7775], [93.0692, 25.7734], [93.0705, 25.7699], [93.0749, 25.7697], [93.0809, 25.7662], [93.0875, 25.7746], [93.0994, 25.7772], [93.1024, 25.7759], [93.1084, 25.7772], [93.1099, 25.7739], [93.1244, 25.7655], [93.131, 25.7643], [93.1318, 25.7591], [93.1298, 25.7532], [93.1474, 25.7405], [93.1506, 25.7406], [93.1483, 25.726], [93.1458, 25.7221], [93.1446, 25.716], [93.1388, 25.7093], [93.1386, 25.6971], [93.1329, 25.6869], [93.1369, 25.6796], [93.1387, 25.672], [93.146, 25.6642], [93.1649, 25.6636], [93.1709, 25.6619], [93.1747, 25.6547], [93.1737, 25.6527], [93.1841, 25.6421], [93.191, 25.6322], [93.1916, 25.6285], [93.1805, 25.6174], [93.1804, 25.6054], [93.1725, 25.6011], [93.1728, 25.5985], [93.1815, 25.5919], [93.1845, 25.5866], [93.1892, 25.5855], [93.1929, 25.5728], [93.1972, 25.5682], [93.2024, 25.5666], [93.2005, 25.5603], [93.2086, 25.5569], [93.2125, 25.5473], [93.2147, 25.5464], [93.218, 25.5519], [93.2232, 25.5518], [93.2319, 25.5476], [93.2524, 25.5492], [93.2651, 25.5486], [93.268, 25.5448], [93.268, 25.5399], [93.271, 25.5339], [93.2776, 25.5323], [93.2899, 25.5435], [93.2978, 25.5482], [93.3033, 25.5351], [93.3069, 25.5321], [93.3225, 25.5332], [93.3317, 25.5468], [93.3357, 25.5454], [93.3404, 25.5373], [93.3446, 25.5361], [93.3492, 25.5383], [93.3523, 25.5376], [93.3502, 25.5337], [93.3576, 25.5277], [93.36, 25.5203], [93.3668, 25.5129], [93.365, 25.5101], [93.3711, 25.5051], [93.3718, 25.5011], [93.383, 25.4976], [93.3864, 25.4934], [93.3913, 25.4814], [93.3919, 25.4742], [93.3904, 25.4692], [93.3959, 25.4641], [93.4029, 25.4592], [93.4171, 25.4528], [93.422, 25.4548], [93.435, 25.4548], [93.4569, 25.4419], [93.4619, 25.4347], [93.4651, 25.4234], [93.4654, 25.4159], [93.4633, 25.411], [93.4739, 25.3931], [93.4773, 25.386], [93.4782, 25.3799], [93.4663, 25.3617], [93.4623, 25.3589], [93.4519, 25.3442], [93.4579, 25.3409], [93.4619, 25.3366], [93.4567, 25.3253], [93.474, 25.3093], [93.4656, 25.2991], [93.46, 25.2947], [93.452, 25.2947], [93.4448, 25.2923], [93.4386, 25.2866], [93.4264, 25.2811], [93.4233, 25.2779], [93.4233, 25.2722], [93.4207, 25.2663], [93.4121, 25.2635], [93.4036, 25.2631], [93.3946, 25.2503], [93.3887, 25.2459], [93.3871, 25.2424], [93.3876, 25.232], [93.3848, 25.2257], [93.3795, 25.2208], [93.3781, 25.2161], [93.3696, 25.2081], [93.3706, 25.2036], [93.3685, 25.2001], [93.3622, 25.1956], [93.3531, 25.1818], [93.3474, 25.1639], [93.351, 25.1445], [93.3469, 25.1377], [93.3489, 25.1348], [93.3461, 25.1299], [93.3492, 25.1254], [93.3464, 25.1251], [93.3444, 25.1213], [93.3444, 25.1161], [93.3405, 25.1144], [93.3358, 25.0958], [93.3236, 25.0917], [93.3223, 25.0884], [93.3127, 25.078], [93.3061, 25.0644], [93.3089, 25.0585], [93.3043, 25.056], [93.3046, 25.048], [93.3025, 25.0482], [93.3024, 25.0519], [93.3001, 25.0526], [93.297, 25.0477], [93.2919, 25.0471], [93.2869, 25.0468], [93.2845, 25.0515], [93.2682, 25.0497], [93.2695, 25.0466], [93.2684, 25.0441], [93.2629, 25.0418], [93.2638, 25.0359], [93.2556, 25.0287], [93.2584, 25.0252], [93.2578, 25.0217], [93.2488, 25.0188], [93.2517, 25.016], [93.2492, 25.0132], [93.2469, 25.0036], [93.2506, 25.0032], [93.2535, 25.0064], [93.2565, 25.0031], [93.2599, 25.0065], [93.2625, 25.006], [93.2633, 25.0042], [93.2614, 25.0009], [93.2557, 25.0022], [93.257, 24.996], [93.252, 24.9888], [93.253, 24.9827], [93.2515, 24.9814], [93.2543, 24.9789], [93.2529, 24.9751]]]]}}, {"type": "Feature", "properties": {"GID_2": "IND.4.11_1", "GID_0": "IND", "COUNTRY": "India", "GID_1": "IND.4_1", "NAME_1": "Assam", "NL_NAME_1": "NA", "NAME_2": "Goalpara", "VARNAME_2": "NA", "NL_NAME_2": "NA", "TYPE_2": "District", "ENGTYPE_2": "District", "CC_2": "NA", "HASC_2": "IN.AS.GP"}, "geometry": {"type": "MultiPolygon", "coordinates": [[[[90.6581, 26.228], [90.6695, 26.2042], [90.6748, 26.1856], [90.6913, 26.1534], [90.6946, 26.1508], [90.7061, 26.1476], [90.7091, 26.1393], [90.7124, 26.1391], [90.7119, 26.1356], [90.7184, 26.1322], [90.7215, 26.135], [90.7379, 26.1375], [90.7548, 26.1374], [90.7767, 26.1346], [90.8035, 26.1237], [90.8311, 26.1155], [90.8379, 26.1115], [90.847, 26.1171], [90.8588, 26.1135], [90.8682, 26.098], [90.8775, 26.0954], [90.8996, 26.0942], [90.9132, 26.0895], [90.9228, 26.0925], [90.9327, 26.0981], [90.9358, 26.0925], [90.9401, 26.0888], [90.9454, 26.09], [90.95, 26.0815], [90.9578, 26.0824], [90.961, 26.0757], [90.978, 26.0617], [90.9836, 26.0605], [90.9859, 26.058], [91.0026, 26.0534], [91.0096, 26.0532], [91.0265, 26.0403], [91.0366, 26.0454], [91.0495, 26.0408], [91.0551, 26.0452], [91.066, 26.0445], [91.0694, 26.0371], [91.0781, 26.0376], [91.0829, 26.0308], [91.0886, 26.0292], [91.0885, 26.0243], [91.0941, 26.0158], [91.0942, 26.0125], [91.0975, 26.0098], [91.0974, 26.0054], [91.0888, 26.0008], [91.0847, 25.9828], [91.0809, 25.9796], [91.0804, 25.9742], [91.074, 25.9717], [91.0674, 25.965], [91.048, 25.9416], [91.0516, 25.9379], [91.0508, 25.9339], [91.0448, 25.9284], [91.0406, 25.9218], [91.0299, 25.8945], [91.0292, 25.888], [91.0206, 25.8873], [91.0137, 25.8843], [91.0013, 25.8865], [90.9969, 25.8887], [90.9848, 25.8899], [90.9675, 25.8872], [90.9669, 25.9053], [90.9606, 25.9277], [90.9579, 25.9339], [90.9456, 25.9391], [90.9427, 25.9476], [90.9321, 25.9397], [90.9159, 25.9432], [90.9163, 25.9281], [90.9191, 25.9133], [90.9012, 25.9296], [90.8954, 25.9315], [90.8965, 25.9375], [90.8924, 25.9391], [90.883, 25.9517], [90.8802, 25.9463], [90.8752, 25.9491], [90.8724, 25.9467], [90.8729, 25.9429], [90.8432, 25.9448], [90.841, 25.9432], [90.8398, 25.9384], [90.8368, 25.9382], [90.8362, 25.9473], [90.8323, 25.9453], [90.828, 25.9474], [90.8239, 25.9451], [90.8204, 25.9484], [90.8099, 25.9522], [90.8087, 25.9472], [90.7971, 25.9415], [90.7917, 25.9357], [90.7817, 25.9212], [90.7785, 25.9143], [90.7781, 25.9083], [90.7691, 25.9085], [90.7577, 25.9111], [90.7589, 25.9216], [90.7501, 25.9192], [90.7454, 25.9123], [90.7423, 25.913], [90.7405, 25.9152], [90.7462, 25.9219], [90.7526, 25.934], [90.7441, 25.9328], [90.7403, 25.9409], [90.7447, 25.9465], [90.7438, 25.9494], [90.7474, 25.9573], [90.7323, 25.9526], [90.7254, 25.9488], [90.7207, 25.9492], [90.7177, 25.9547], [90.7131, 25.9522], [90.686, 25.9508], [90.6757, 25.9365], [90.6378, 25.9233], [90.6273, 25.917], [90.6269, 25.9113], [90.6289, 25.9065], [90.6248, 25.8989], [90.6142, 25.8995], [90.6107, 25.9074], [90.6081, 25.908], [90.6065, 25.9123], [90.6076, 25.9196], [90.629, 25.9374], [90.6054, 25.947], [90.6019, 25.9518], [90.5919, 25.9521], [90.5873, 25.9539], [90.5825, 25.9598], [90.5788, 25.958], [90.5728, 25.9482], [90.5714, 25.939], [90.5534, 25.9291], [90.5468, 25.9199], [90.5392, 25.9155], [90.5255, 25.901], [90.518, 25.8965], [90.5125, 25.8962], [90.5111, 25.9001], [90.5185, 25.9094], [90.5262, 25.9283], [90.5322, 25.9326], [90.5338, 25.9363], [90.5345, 25.958], [90.5298, 25.9619], [90.5136, 25.9824], [90.5057, 25.996], [90.4896, 26.0096], [90.4773, 26.0153], [90.4709, 26.0126], [90.4591, 26.0032], [90.4575, 25.9996], [90.4286, 25.989], [90.4174, 25.9923], [90.4165, 25.9969], [90.411, 26.0059], [90.4002, 26.0093], [90.3965, 26.0142], [90.3874, 26.0113], [90.365, 26.0103], [90.3467, 26.003], [90.3393, 25.9969], [90.3369, 25.9902], [90.3299, 25.9885], [90.3291, 25.9827], [90.3243, 25.9744], [90.2866, 25.9639], [90.2274, 25.9551], [90.2128, 25.9539], [90.2084, 25.9616], [90.194, 25.957], [90.1895, 25.9532], [90.1857, 25.9456], [90.1825, 25.9445], [90.1761, 25.9571], [90.1727, 25.9587], [90.1685, 25.9574], [90.1584, 25.9583], [90.1545, 25.9602], [90.1534, 25.9647], [90.1474, 25.9645], [90.14, 25.9581], [90.12, 25.9577], [90.1183, 25.966], [90.1229, 25.9697], [90.1309, 25.9681], [90.1343, 25.9724], [90.1433, 25.9753], [90.1447, 25.98], [90.1496, 25.9809], [90.1571, 25.9869], [90.1763, 25.9911], [90.1761, 25.9956], [90.1735, 26.0009], [90.1792, 26.0126], [90.1743, 26.0096], [90.1749, 26.0134], [90.1712, 26.0167], [90.1852, 26.0226], [90.1888, 26.0251], [90.1897, 26.0284], [90.1845, 26.0368], [90.1739, 26.0385], [90.1681, 26.0434], [90.1696, 26.0508], [90.1754, 26.0598], [90.1769, 26.0654], [90.175, 26.0644], [90.1712, 26.0659], [90.1584, 26.074], [90.1542, 26.078], [90.1533, 26.0823], [90.1616, 26.0859], [90.1711, 26.0949], [90.1807, 26.1071], [90.1861, 26.1202], [90.1925, 26.1265], [90.1978, 26.1234], [90.2044, 26.1238], [90.207, 26.1291], [90.2098, 26.1311], [90.2167, 26.1326], [90.219, 26.1377], [90.2386, 26.1397], [90.2442, 26.1481], [90.2475, 26.1688], [90.2453, 26.1752], [90.2473, 26.1776], [90.2694, 26.1862], [90.273, 26.1846], [90.2875, 26.1859], [90.2965, 26.182], [90.3098, 26.1795], [90.3239, 26.1795], [90.3275, 26.1738], [90.3334, 26.1731], [90.346, 26.1759], [90.3595, 26.1602], [90.3985, 26.1479], [90.4252, 26.1438], [90.454, 26.1458], [90.4787, 26.1602], [90.5177, 26.1746], [90.5403, 26.1869], [90.5712, 26.189], [90.5999, 26.1993], [90.6205, 26.2239], [90.6581, 26.228]]]]}}, {"type": "Feature", "properties": {"GID_2": "IND.4.12_1", "GID_0": "IND", "COUNTRY": "India", "GID_1": "IND.4_1", "NAME_1": "Assam", "NL_NAME_1": "NA", "NAME_2": "Golaghat", "VARNAME_2": "NA", "NL_NAME_2": "NA", "TYPE_2": "District", "ENGTYPE_2": "District", "CC_2": "NA", "HASC_2": "IN.AS.GG"}, "geometry": {"type": "MultiPolygon", "coordinates": [[[[93.7722, 26.847], [93.7893, 26.8335], [93.8007, 26.8281], [93.8069, 26.8263], [93.8202, 26.8266], [93.8252, 26.8286], [93.8369, 26.8438], [93.842, 26.8555], [93.8487, 26.8556], [93.8567, 26.861], [93.8793, 26.8588], [93.8927, 26.8682], [93.8972, 26.8753], [93.8965, 26.8824], [93.8925, 26.894], [93.9185, 26.9118], [93.9179, 26.9254], [93.9228, 26.93], [93.9351, 26.9329], [93.9625, 26.9295], [93.969, 26.9157], [93.9659, 26.9044], [93.9585, 26.899], [93.9597, 26.8948], [93.9634, 26.8911], [93.9724, 26.8883], [93.9733, 26.8772], [93.9865, 26.8746], [93.9986, 26.8593], [94.0107, 26.84], [93.9987, 26.8259], [93.9893, 26.8227], [93.9804, 26.8124], [93.9778, 26.8019], [93.9786, 26.7951], [93.9795, 26.7923], [93.9865, 26.7892], [93.9852, 26.7864], [93.9749, 26.7821], [93.9753, 26.7691], [93.9988, 26.7704], [94.0021, 26.7662], [94.0031, 26.7503], [94.0119, 26.7521], [94.0245, 26.7509], [94.0224, 26.7453], [94.0313, 26.7453], [94.0353, 26.7411], [94.0409, 26.7465], [94.0426, 26.7399], [94.0486, 26.743], [94.048, 26.7376], [94.0429, 26.7329], [94.0482, 26.7324], [94.0423, 26.725], [94.0443, 26.7165], [94.0387, 26.7123], [94.0458, 26.6996], [94.0451, 26.6923], [94.0513, 26.6898], [94.0518, 26.6871], [94.0478, 26.6846], [94.0493, 26.6794], [94.0509, 26.6769], [94.0553, 26.6809], [94.0582, 26.6742], [94.0564, 26.6705], [94.059, 26.6651], [94.062, 26.6694], [94.0654, 26.6668], [94.067, 26.67], [94.0693, 26.6707], [94.0712, 26.6697], [94.0701, 26.6638], [94.0743, 26.6672], [94.0761, 26.6642], [94.0789, 26.6653], [94.0874, 26.6593], [94.0871, 26.6537], [94.089, 26.6516], [94.0965, 26.6493], [94.098, 26.645], [94.0974, 26.6326], [94.0874, 26.632], [94.089, 26.6258], [94.0805, 26.6189], [94.0819, 26.6159], [94.0862, 26.6133], [94.073, 26.6008], [94.074, 26.5943], [94.0799, 26.5939], [94.082, 26.591], [94.0783, 26.5815], [94.0802, 26.5788], [94.0884, 26.5799], [94.0924, 26.5837], [94.1019, 26.5802], [94.1012, 26.5753], [94.1032, 26.5736], [94.1082, 26.5733], [94.1139, 26.5625], [94.1168, 26.5601], [94.1172, 26.5584], [94.1109, 26.5547], [94.1162, 26.5477], [94.1125, 26.5438], [94.1131, 26.5345], [94.1119, 26.5309], [94.1066, 26.5239], [94.1078, 26.5152], [94.1062, 26.5094], [94.099, 26.4958], [94.1038, 26.4842], [94.1041, 26.4752], [94.1072, 26.4708], [94.127, 26.4582], [94.1309, 26.4493], [94.1194, 26.4316], [94.1182, 26.4041], [94.138, 26.3544], [94.18, 26.3541], [94.1755, 26.3442], [94.1721, 26.3444], [94.1645, 26.3393], [94.1493, 26.3391], [94.1467, 26.3354], [94.1422, 26.336], [94.1438, 26.3402], [94.1426, 26.3421], [94.1388, 26.3416], [94.1357, 26.3382], [94.1194, 26.3337], [94.1194, 26.3305], [94.1287, 26.3232], [94.1184, 26.3227], [94.108, 26.3264], [94.1045, 26.322], [94.1027, 26.3087], [94.0981, 26.3029], [94.0903, 26.2971], [94.0872, 26.2904], [94.0844, 26.2886], [94.0801, 26.2888], [94.0768, 26.2852], [94.0778, 26.2754], [94.076, 26.2692], [94.0705, 26.26], [94.0646, 26.2618], [94.0529, 26.2558], [94.0491, 26.2502], [94.0418, 26.2339], [94.0382, 26.2295], [94.0405, 26.2235], [94.0366, 26.2177], [94.0357, 26.2032], [94.0266, 26.1971], [94.022, 26.1915], [94.013, 26.1863], [94.0048, 26.1733], [94.0043, 26.1641], [93.9997, 26.1582], [94.0064, 26.1472], [94.0052, 26.1419], [93.9997, 26.1365], [93.9932, 26.1374], [93.9908, 26.1339], [93.9983, 26.131], [93.9966, 26.1281], [93.9965, 26.1224], [93.9912, 26.1181], [93.995, 26.1157], [94.0021, 26.1149], [94.0022, 26.1114], [93.9996, 26.1085], [93.9941, 26.1061], [93.9925, 26.0928], [93.991, 26.0895], [93.9864, 26.0883], [93.986, 26.0836], [93.9911, 26.0726], [93.9745, 26.0522], [93.9726, 26.045], [93.9659, 26.0424], [93.9631, 26.0334], [93.9627, 26.0222], [93.9549, 26.0073], [93.959, 26.0025], [93.9606, 25.997], [93.956, 25.9742], [93.9692, 25.9608], [93.9711, 25.9449], [93.9827, 25.9263], [93.9794, 25.9197], [93.972, 25.9175], [93.9692, 25.9114], [93.9598, 25.9053], [93.9484, 25.9012], [93.9402, 25.901], [93.9346, 25.8914], [93.9159, 25.8877], [93.9138, 25.8818], [93.9018, 25.871], [93.8986, 25.8638], [93.8934, 25.8648], [93.8885, 25.8525], [93.8827, 25.8459], [93.8687, 25.8554], [93.8517, 25.863], [93.8423, 25.8626], [93.8327, 25.8563], [93.8243, 25.8471], [93.8188, 25.8262], [93.8116, 25.8213], [93.8076, 25.8163], [93.7958, 25.8144], [93.7913, 25.816], [93.7888, 25.826], [93.7798, 25.8463], [93.7838, 25.85], [93.7815, 25.8593], [93.7853, 25.8633], [93.7858, 25.8669], [93.7918, 25.8697], [93.7875, 25.8789], [93.7918, 25.8949], [93.7951, 25.898], [93.7983, 25.9097], [93.7963, 25.9182], [93.7923, 25.9225], [93.7932, 25.931], [93.7886, 25.933], [93.7933, 25.9367], [93.7907, 25.9442], [93.7866, 25.9474], [93.7892, 25.949], [93.7894, 25.9526], [93.7866, 25.9542], [93.7852, 25.9583], [93.7803, 25.9606], [93.7788, 25.9633], [93.7697, 25.9671], [93.773, 25.9704], [93.7793, 25.9712], [93.7841, 25.9841], [93.7874, 25.9828], [93.7905, 25.9776], [93.7941, 25.9781], [93.7938, 25.9822], [93.7981, 25.9801], [93.8044, 25.9807], [93.8065, 25.9868], [93.8052, 25.9887], [93.8002, 25.984], [93.7976, 25.985], [93.7954, 25.9958], [93.7993, 25.9972], [93.8013, 26.0019], [93.8076, 25.9989], [93.8044, 26.0047], [93.8022, 26.0071], [93.7987, 26.0066], [93.7973, 26.0028], [93.7925, 26.002], [93.7896, 26.0047], [93.7917, 26.0098], [93.7874, 26.0131], [93.7845, 26.0116], [93.7854, 26.0183], [93.7939, 26.0183], [93.7924, 26.0225], [93.7877, 26.0241], [93.7867, 26.0277], [93.7912, 26.0304], [93.7927, 26.0348], [93.7997, 26.032], [93.7989, 26.0364], [93.7935, 26.0393], [93.7881, 26.0349], [93.7841, 26.0366], [93.7828, 26.0431], [93.7904, 26.0442], [93.7931, 26.043], [93.7954, 26.045], [93.7963, 26.0485], [93.7934, 26.0569], [93.7981, 26.0589], [93.7954, 26.0648], [93.8052, 26.0699], [93.8039, 26.0726], [93.799, 26.0731], [93.7981, 26.0761], [93.801, 26.0794], [93.808, 26.0741], [93.8058, 26.0817], [93.8061, 26.0884], [93.8068, 26.09], [93.8097, 26.09], [93.8055, 26.094], [93.8059, 26.0972], [93.8093, 26.0984], [93.8146, 26.0919], [93.8161, 26.0941], [93.81, 26.1062], [93.8105, 26.1089], [93.8136, 26.1162], [93.8225, 26.1155], [93.8243, 26.1186], [93.8187, 26.1253], [93.8231, 26.1303], [93.8271, 26.13], [93.8281, 26.1319], [93.8221, 26.1355], [93.8234, 26.1407], [93.8265, 26.1415], [93.8284, 26.1346], [93.8308, 26.134], [93.8305, 26.1424], [93.8282, 26.1485], [93.8296, 26.1517], [93.8336, 26.1533], [93.8268, 26.1563], [93.8319, 26.1566], [93.8334, 26.1577], [93.8334, 26.1605], [93.8384, 26.1626], [93.8309, 26.1645], [93.8285, 26.1673], [93.8262, 26.1704], [93.8287, 26.1734], [93.8242, 26.1787], [93.8285, 26.1796], [93.8311, 26.1829], [93.836, 26.1788], [93.8361, 26.1831], [93.8298, 26.1908], [93.8351, 26.1949], [93.8327, 26.198], [93.8329, 26.2023], [93.8392, 26.1996], [93.8397, 26.2033], [93.8441, 26.2068], [93.8431, 26.2088], [93.8406, 26.2088], [93.8363, 26.2059], [93.8356, 26.208], [93.8389, 26.2129], [93.8463, 26.2164], [93.8456, 26.2199], [93.8406, 26.2198], [93.8445, 26.2234], [93.8479, 26.2229], [93.8498, 26.2206], [93.8549, 26.2206], [93.8571, 26.2234], [93.8582, 26.231], [93.8643, 26.2398], [93.8615, 26.2472], [93.8592, 26.2483], [93.8517, 26.2421], [93.8497, 26.2448], [93.851, 26.2477], [93.857, 26.2507], [93.8596, 26.2514], [93.8669, 26.2493], [93.8687, 26.2506], [93.8636, 26.2544], [93.8635, 26.257], [93.8699, 26.2583], [93.8686, 26.2636], [93.8722, 26.2637], [93.8767, 26.2696], [93.8692, 26.2715], [93.8701, 26.2745], [93.8741, 26.2772], [93.8734, 26.2793], [93.8753, 26.2813], [93.881, 26.2768], [93.8843, 26.2763], [93.8833, 26.2807], [93.8744, 26.287], [93.8772, 26.294], [93.8701, 26.3006], [93.8733, 26.302], [93.8737, 26.3054], [93.8877, 26.3069], [93.8844, 26.3141], [93.8771, 26.3135], [93.8789, 26.3177], [93.8855, 26.3169], [93.8888, 26.3188], [93.8859, 26.3236], [93.8867, 26.3252], [93.8947, 26.3187], [93.8971, 26.3209], [93.8945, 26.3254], [93.8893, 26.3273], [93.8899, 26.3299], [93.8953, 26.3322], [93.8954, 26.3353], [93.8899, 26.3316], [93.8912, 26.3461], [93.885, 26.3459], [93.8856, 26.3506], [93.8897, 26.3506], [93.8856, 26.3598], [93.8885, 26.3608], [93.8883, 26.3652], [93.8854, 26.367], [93.8899, 26.3697], [93.8943, 26.3763], [93.8853, 26.3768], [93.8854, 26.3807], [93.8898, 26.3828], [93.8901, 26.386], [93.8862, 26.3864], [93.8845, 26.3978], [93.8695, 26.3935], [93.8678, 26.3985], [93.8627, 26.4005], [93.8596, 26.4086], [93.8537, 26.4088], [93.8386, 26.4155], [93.8327, 26.4208], [93.8281, 26.4212], [93.8247, 26.4117], [93.8207, 26.4066], [93.813, 26.4027], [93.8094, 26.3991], [93.8074, 26.4001], [93.8032, 26.395], [93.7995, 26.3935], [93.7954, 26.3865], [93.7947, 26.381], [93.7895, 26.3811], [93.7764, 26.3877], [93.7777, 26.3907], [93.7807, 26.3902], [93.7868, 26.398], [93.7911, 26.4007], [93.7932, 26.4066], [93.799, 26.4096], [93.8019, 26.4139], [93.7977, 26.4136], [93.7855, 26.4168], [93.7829, 26.4262], [93.7891, 26.4283], [93.7954, 26.4335], [93.7939, 26.4387], [93.7869, 26.4381], [93.7859, 26.4415], [93.7879, 26.4437], [93.7938, 26.4447], [93.7915, 26.4539], [93.7877, 26.4577], [93.7879, 26.4671], [93.7789, 26.4715], [93.7729, 26.4785], [93.7729, 26.4814], [93.7774, 26.4784], [93.7795, 26.4804], [93.7796, 26.483], [93.7763, 26.4912], [93.7674, 26.5055], [93.7664, 26.5102], [93.7586, 26.5107], [93.7567, 26.5153], [93.7587, 26.5183], [93.756, 26.5199], [93.7555, 26.5237], [93.7586, 26.5262], [93.7592, 26.5308], [93.7514, 26.5345], [93.7474, 26.5319], [93.743, 26.5413], [93.7379, 26.5379], [93.7348, 26.5411], [93.7353, 26.5442], [93.7405, 26.5439], [93.7414, 26.5469], [93.7401, 26.5501], [93.7362, 26.5532], [93.7382, 26.5599], [93.7375, 26.5633], [93.7391, 26.5645], [93.7401, 26.5624], [93.7426, 26.5662], [93.7408, 26.5732], [93.7519, 26.5806], [93.7525, 26.5825], [93.7505, 26.5857], [93.7429, 26.5866], [93.7387, 26.5889], [93.7339, 26.597], [93.7236, 26.5991], [93.7227, 26.607], [93.6856, 26.6094], [93.679, 26.6037], [93.676, 26.6038], [93.6709, 26.6072], [93.6655, 26.6021], [93.6614, 26.6061], [93.6489, 26.6029], [93.65, 26.5977], [93.6462, 26.5973], [93.6404, 26.6014], [93.6366, 26.6002], [93.6256, 26.5939], [93.6285, 26.5899], [93.6249, 26.5786], [93.62, 26.5734], [93.6222, 26.5681], [93.6175, 26.5708], [93.6133, 26.5695], [93.617, 26.5749], [93.6149, 26.58], [93.5869, 26.5717], [93.5878, 26.577], [93.5853, 26.5848], [93.5881, 26.5973], [93.5926, 26.6006], [93.588, 26.6068], [93.5707, 26.6067], [93.5682, 26.6103], [93.5593, 26.6116], [93.5559, 26.609], [93.5462, 26.6071], [93.5332, 26.5981], [93.5111, 26.5965], [93.5089, 26.5986], [93.5045, 26.6117], [93.4975, 26.6149], [93.4976, 26.6075], [93.4838, 26.6068], [93.479, 26.6047], [93.4767, 26.6005], [93.472, 26.5967], [93.4726, 26.5935], [93.478, 26.5914], [93.4943, 26.5939], [93.4943, 26.5914], [93.4921, 26.5885], [93.4851, 26.5859], [93.4757, 26.5847], [93.4652, 26.5716], [93.4599, 26.5734], [93.4667, 26.5832], [93.4684, 26.5888], [93.4644, 26.5872], [93.4581, 26.5772], [93.4549, 26.5781], [93.4574, 26.5827], [93.4566, 26.584], [93.4461, 26.5796], [93.4176, 26.5749], [93.4123, 26.5706], [93.402, 26.5749], [93.4073, 26.5774], [93.4023, 26.5791], [93.4026, 26.5835], [93.3934, 26.5808], [93.3788, 26.5809], [93.368, 26.5843], [93.3202, 26.5851], [93.3141, 26.5783], [93.3119, 26.5795], [93.3074, 26.5788], [93.3005, 26.5755], [93.2987, 26.5775], [93.3048, 26.5834], [93.2948, 26.5889], [93.2943, 26.5912], [93.3007, 26.6077], [93.2867, 26.6377], [93.2909, 26.6398], [93.3097, 26.6394], [93.3149, 26.6429], [93.3198, 26.6519], [93.3207, 26.6598], [93.3113, 26.666], [93.3099, 26.6716], [93.32, 26.6816], [93.3173, 26.6837], [93.3171, 26.6882], [93.3091, 26.6942], [93.3075, 26.7009], [93.3191, 26.7052], [93.3232, 26.7089], [93.3359, 26.7103], [93.3403, 26.7181], [93.3422, 26.7259], [93.3475, 26.7343], [93.3576, 26.7403], [93.4034, 26.7558], [93.4154, 26.7504], [93.4318, 26.7474], [93.4435, 26.7489], [93.4492, 26.7542], [93.4609, 26.7598], [93.4712, 26.7619], [93.4926, 26.7599], [93.5094, 26.7634], [93.5223, 26.7583], [93.5342, 26.7568], [93.5454, 26.745], [93.5539, 26.7405], [93.5626, 26.7392], [93.5603, 26.7309], [93.5659, 26.7269], [93.6188, 26.7156], [93.6378, 26.7096], [93.6501, 26.7082], [93.6656, 26.7173], [93.6722, 26.716], [93.6684, 26.7285], [93.6613, 26.7401], [93.6492, 26.7808], [93.6481, 26.7872], [93.65, 26.7923], [93.6708, 26.8034], [93.6892, 26.7986], [93.6958, 26.801], [93.7112, 26.8208], [93.7269, 26.8181], [93.7374, 26.8118], [93.7453, 26.804], [93.7536, 26.8085], [93.7581, 26.817], [93.7657, 26.8402], [93.7722, 26.847]]]]}}, {"type": "Feature", "properties": {"GID_2": "IND.4.13_1", "GID_0": "IND", "COUNTRY": "India", "GID_1": "IND.4_1", "NAME_1": "Assam", "NL_NAME_1": "NA", "NAME_2": "Hailakandi", "VARNAME_2": "NA", "NL_NAME_2": "NA", "TYPE_2": "District", "ENGTYPE_2": "District", "CC_2": "NA", "HASC_2": "IN.AS.HA"}, "geometry": {"type": "MultiPolygon", "coordinates": [[[[92.589, 24.8643], [92.5924, 24.8664], [92.5902, 24.8696], [92.582, 24.8734], [92.582, 24.8755], [92.5979, 24.8803], [92.6102, 24.8633], [92.6313, 24.8556], [92.6317, 24.8503], [92.6389, 24.838], [92.6357, 24.8339], [92.6398, 24.8215], [92.6434, 24.8216], [92.6605, 24.8157], [92.678, 24.8171], [92.6847, 24.8091], [92.6841, 24.805], [92.6698, 24.7924], [92.6667, 24.7794], [92.6675, 24.77], [92.6592, 24.7499], [92.6562, 24.7382], [92.6593, 24.7141], [92.658, 24.6984], [92.6559, 24.6942], [92.658, 24.6771], [92.66, 24.6717], [92.6666, 24.672], [92.6671, 24.6642], [92.669, 24.6613], [92.6668, 24.6413], [92.6702, 24.6288], [92.6752, 24.6288], [92.6812, 24.6313], [92.6938, 24.6236], [92.6968, 24.6189], [92.6903, 24.615], [92.6787, 24.6119], [92.6702, 24.6119], [92.6698, 24.6092], [92.6738, 24.6009], [92.6701, 24.5936], [92.6721, 24.5899], [92.6771, 24.5838], [92.6901, 24.5814], [92.7013, 24.5724], [92.7052, 24.5666], [92.7151, 24.5709], [92.718, 24.5711], [92.7196, 24.5676], [92.726, 24.5717], [92.7355, 24.5852], [92.7349, 24.5883], [92.7391, 24.5893], [92.7419, 24.586], [92.7554, 24.5854], [92.761, 24.5794], [92.7645, 24.5693], [92.7747, 24.5721], [92.7807, 24.572], [92.7811, 24.5623], [92.7734, 24.5544], [92.7735, 24.5512], [92.7757, 24.5489], [92.7638, 24.5325], [92.76, 24.5239], [92.7597, 24.5212], [92.7652, 24.5208], [92.7645, 24.5188], [92.7536, 24.507], [92.7545, 24.5011], [92.7508, 24.4915], [92.7436, 24.4746], [92.7305, 24.4528], [92.7238, 24.4359], [92.7181, 24.4162], [92.7141, 24.413], [92.7142, 24.4053], [92.7074, 24.3924], [92.7075, 24.387], [92.7034, 24.3838], [92.7041, 24.3762], [92.6969, 24.374], [92.6933, 24.3678], [92.6942, 24.365], [92.6918, 24.3622], [92.6907, 24.3548], [92.684, 24.3499], [92.6838, 24.3475], [92.6748, 24.3498], [92.667, 24.3456], [92.6653, 24.3452], [92.6641, 24.3467], [92.6622, 24.3434], [92.6607, 24.3451], [92.6575, 24.3435], [92.6565, 24.3391], [92.6524, 24.3353], [92.6518, 24.3303], [92.6494, 24.3308], [92.649, 24.3288], [92.6452, 24.3318], [92.645, 24.3277], [92.641, 24.3287], [92.6393, 24.3318], [92.6367, 24.3327], [92.6377, 24.3355], [92.6306, 24.3334], [92.6262, 24.3345], [92.6243, 24.3327], [92.6231, 24.3203], [92.618, 24.3044], [92.6168, 24.2912], [92.6194, 24.2868], [92.619, 24.2813], [92.6158, 24.2705], [92.6155, 24.2636], [92.6116, 24.2533], [92.606, 24.2492], [92.596, 24.2493], [92.588, 24.2449], [92.5646, 24.2501], [92.5506, 24.2459], [92.5471, 24.2377], [92.5474, 24.2244], [92.5422, 24.2142], [92.5415, 24.2062], [92.5364, 24.1999], [92.5378, 24.1965], [92.5315, 24.1835], [92.5335, 24.1808], [92.5297, 24.1748], [92.5218, 24.1729], [92.5176, 24.1762], [92.5151, 24.1755], [92.5136, 24.1736], [92.5148, 24.1702], [92.5086, 24.1692], [92.5128, 24.1626], [92.5095, 24.1629], [92.5049, 24.1673], [92.5001, 24.1605], [92.4948, 24.1599], [92.4859, 24.1622], [92.484, 24.1581], [92.4812, 24.1571], [92.4836, 24.1539], [92.4829, 24.1527], [92.4807, 24.1523], [92.4806, 24.1501], [92.4788, 24.1487], [92.4815, 24.1429], [92.4809, 24.1413], [92.4748, 24.1429], [92.4734, 24.14], [92.4686, 24.138], [92.466, 24.1348], [92.4572, 24.1435], [92.4506, 24.1437], [92.4439, 24.1531], [92.4388, 24.1513], [92.4366, 24.1524], [92.4352, 24.1626], [92.4381, 24.1691], [92.4345, 24.1741], [92.4342, 24.1814], [92.4332, 24.1833], [92.4221, 24.1885], [92.419, 24.1944], [92.4197, 24.2025], [92.4182, 24.2109], [92.4202, 24.2179], [92.4185, 24.2216], [92.4224, 24.2531], [92.4256, 24.2521], [92.4329, 24.2557], [92.4396, 24.2702], [92.4458, 24.2752], [92.4706, 24.3116], [92.477, 24.325], [92.4836, 24.3525], [92.4927, 24.3696], [92.4927, 24.3754], [92.4962, 24.3831], [92.4964, 24.3943], [92.5007, 24.4023], [92.5023, 24.4222], [92.5068, 24.4397], [92.5062, 24.4532], [92.5107, 24.482], [92.5065, 24.4909], [92.509, 24.4979], [92.5077, 24.5105], [92.5107, 24.5248], [92.5085, 24.5346], [92.5164, 24.5546], [92.5192, 24.5693], [92.5169, 24.5785], [92.5142, 24.58], [92.5058, 24.5936], [92.5053, 24.6057], [92.5092, 24.6052], [92.5087, 24.6188], [92.5109, 24.6268], [92.5066, 24.6291], [92.5033, 24.6607], [92.5041, 24.6644], [92.4972, 24.6762], [92.4972, 24.6817], [92.504, 24.6932], [92.5056, 24.702], [92.5105, 24.7112], [92.5139, 24.7128], [92.5219, 24.7236], [92.523, 24.7426], [92.5272, 24.7484], [92.5449, 24.7623], [92.5455, 24.7663], [92.5431, 24.7744], [92.5478, 24.7817], [92.5446, 24.7917], [92.5449, 24.8009], [92.5545, 24.8165], [92.5632, 24.8218], [92.5811, 24.8413], [92.5865, 24.8515], [92.589, 24.8643]]]]}}, {"type": "Feature", "properties": {"GID_2": "IND.4.14_1", "GID_0": "IND", "COUNTRY": "India", "GID_1": "IND.4_1", "NAME_1": "Assam", "NL_NAME_1": "NA", "NAME_2": "Jorhat", "VARNAME_2": "NA", "NL_NAME_2": "NA", "TYPE_2": "District", "ENGTYPE_2": "District", "CC_2": "NA", "HASC_2": "IN.AS.JO"}, "geometry": {"type": "MultiPolygon", "coordinates": [[[[94.5693, 27.1828], [94.5862, 27.1613], [94.59, 27.1535], [94.5946, 27.1495], [94.5817, 27.1386], [94.5814, 27.1293], [94.5773, 27.1213], [94.5696, 27.1147], [94.5641, 27.105], [94.5584, 27.1028], [94.5514, 27.0975], [94.5455, 27.0784], [94.5388, 27.0731], [94.5302, 27.0706], [94.5099, 27.0455], [94.4985, 27.0392], [94.4799, 27.0337], [94.4745, 27.0269], [94.4695, 27.0051], [94.464, 26.9981], [94.4405, 26.9867], [94.4008, 26.9621], [94.4029, 26.9518], [94.4073, 26.9477], [94.4117, 26.9464], [94.4221, 26.9468], [94.4378, 26.9421], [94.4671, 26.9434], [94.4812, 26.9384], [94.481, 26.9294], [94.484, 26.9222], [94.4809, 26.9191], [94.4854, 26.9111], [94.4806, 26.9067], [94.4813, 26.902], [94.4883, 26.8909], [94.4947, 26.888], [94.4955, 26.8849], [94.4938, 26.8811], [94.4975, 26.874], [94.4942, 26.8677], [94.493, 26.8606], [94.4941, 26.8543], [94.4892, 26.8384], [94.4896, 26.8361], [94.4975, 26.8297], [94.503, 26.8275], [94.5119, 26.8178], [94.5236, 26.8122], [94.5246, 26.8053], [94.5184, 26.8006], [94.5185, 26.7983], [94.5243, 26.7949], [94.5248, 26.7916], [94.5208, 26.7882], [94.5155, 26.7795], [94.5177, 26.7768], [94.5249, 26.7763], [94.5239, 26.7728], [94.5214, 26.772], [94.5241, 26.7685], [94.5306, 26.7693], [94.5293, 26.7662], [94.5355, 26.7584], [94.5384, 26.7609], [94.5363, 26.7649], [94.5404, 26.7662], [94.5507, 26.7523], [94.5599, 26.7612], [94.5628, 26.7555], [94.5668, 26.7532], [94.5756, 26.7567], [94.5734, 26.7481], [94.584, 26.7405], [94.5823, 26.737], [94.5858, 26.7306], [94.5952, 26.7299], [94.5933, 26.7261], [94.6032, 26.7238], [94.6047, 26.7172], [94.6037, 26.7162], [94.5983, 26.7199], [94.5962, 26.7182], [94.5949, 26.7066], [94.5924, 26.7027], [94.5854, 26.7033], [94.5828, 26.7056], [94.5715, 26.6962], [94.5747, 26.691], [94.5709, 26.6901], [94.563, 26.6906], [94.5647, 26.706], [94.5611, 26.7081], [94.5451, 26.7109], [94.5278, 26.7013], [94.5227, 26.7044], [94.5201, 26.7015], [94.5197, 26.6946], [94.5155, 26.6873], [94.5071, 26.683], [94.4983, 26.6737], [94.4928, 26.6723], [94.4857, 26.6737], [94.4679, 26.6698], [94.4645, 26.6675], [94.4586, 26.6553], [94.4617, 26.6438], [94.4648, 26.6387], [94.4625, 26.6355], [94.4568, 26.6366], [94.4545, 26.639], [94.4345, 26.6254], [94.4099, 26.6164], [94.4079, 26.6143], [94.4086, 26.6098], [94.406, 26.6019], [94.4148, 26.5833], [94.4078, 26.5614], [94.412, 26.5585], [94.4061, 26.5574], [94.4048, 26.5552], [94.4076, 26.5524], [94.408, 26.5497], [94.4027, 26.5469], [94.4013, 26.5441], [94.4025, 26.5388], [94.3989, 26.5345], [94.3995, 26.5323], [94.3966, 26.5297], [94.3941, 26.5326], [94.3914, 26.5328], [94.3783, 26.5253], [94.3769, 26.5232], [94.3776, 26.5131], [94.3692, 26.51], [94.3587, 26.5091], [94.3546, 26.5103], [94.3511, 26.5086], [94.3555, 26.5035], [94.3518, 26.4992], [94.3521, 26.4958], [94.3369, 26.4848], [94.3293, 26.4838], [94.3239, 26.4794], [94.3243, 26.4707], [94.3165, 26.4629], [94.311, 26.4661], [94.3033, 26.4673], [94.2939, 26.4807], [94.2872, 26.5085], [94.2891, 26.5252], [94.2849, 26.5403], [94.2853, 26.5582], [94.2889, 26.5599], [94.2898, 26.5641], [94.2823, 26.5635], [94.2626, 26.5439], [94.2533, 26.5325], [94.2521, 26.5277], [94.2399, 26.5114], [94.2236, 26.5006], [94.2115, 26.4898], [94.2011, 26.4699], [94.1865, 26.4605], [94.1758, 26.4318], [94.1765, 26.4281], [94.174, 26.4209], [94.1768, 26.4134], [94.1769, 26.3996], [94.1791, 26.3887], [94.174, 26.3778], [94.1756, 26.3718], [94.1736, 26.3676], [94.1645, 26.3601], [94.1677, 26.3533], [94.159, 26.355], [94.138, 26.3544], [94.1182, 26.4041], [94.1194, 26.4316], [94.1309, 26.4493], [94.127, 26.4582], [94.1072, 26.4708], [94.1041, 26.4752], [94.1038, 26.4842], [94.099, 26.4958], [94.1062, 26.5094], [94.1078, 26.5152], [94.1066, 26.5239], [94.1119, 26.5309], [94.1131, 26.5345], [94.1125, 26.5438], [94.1162, 26.5477], [94.1109, 26.5547], [94.1172, 26.5584], [94.1168, 26.5601], [94.1139, 26.5625], [94.1082, 26.5733], [94.1032, 26.5736], [94.1012, 26.5753], [94.1019, 26.5802], [94.0924, 26.5837], [94.0884, 26.5799], [94.0802, 26.5788], [94.0783, 26.5815], [94.082, 26.591], [94.0799, 26.5939], [94.074, 26.5943], [94.073, 26.6008], [94.0862, 26.6133], [94.0819, 26.6159], [94.0805, 26.6189], [94.089, 26.6258], [94.0874, 26.632], [94.0974, 26.6326], [94.098, 26.645], [94.0965, 26.6493], [94.089, 26.6516], [94.0871, 26.6537], [94.0874, 26.6593], [94.0847, 26.6616], [94.0789, 26.6653], [94.0761, 26.6642], [94.0743, 26.6672], [94.0701, 26.6638], [94.0712, 26.6697], [94.0693, 26.6707], [94.067, 26.67], [94.0654, 26.6668], [94.062, 26.6694], [94.059, 26.6651], [94.0564, 26.6705], [94.0582, 26.6742], [94.0553, 26.6809], [94.0509, 26.6769], [94.0493, 26.6794], [94.0478, 26.6846], [94.0518, 26.6871], [94.0513, 26.6898], [94.0451, 26.6923], [94.0458, 26.6996], [94.0387, 26.7123], [94.0443, 26.7165], [94.0423, 26.725], [94.0482, 26.7324], [94.0429, 26.7329], [94.048, 26.7376], [94.0486, 26.743], [94.0426, 26.7399], [94.0409, 26.7465], [94.0353, 26.7411], [94.0313, 26.7453], [94.0224, 26.7453], [94.0245, 26.7509], [94.0119, 26.7521], [94.0031, 26.7503], [94.0021, 26.7662], [93.9988, 26.7704], [93.9753, 26.7691], [93.9749, 26.7821], [93.9852, 26.7864], [93.9865, 26.7892], [93.9795, 26.7923], [93.9786, 26.7951], [93.9778, 26.8019], [93.9804, 26.8124], [93.9893, 26.8227], [93.9987, 26.8259], [94.0107, 26.84], [93.9986, 26.8593], [93.9865, 26.8746], [93.9733, 26.8772], [93.9724, 26.8883], [93.9634, 26.8911], [93.9597, 26.8948], [93.9585, 26.899], [93.9659, 26.9044], [93.969, 26.9157], [93.9625, 26.9295], [93.9752, 26.927], [93.9866, 26.9311], [93.9985, 26.9435], [94.007, 26.9382], [94.0125, 26.9311], [94.0256, 26.9336], [94.0292, 26.9382], [94.0266, 26.9508], [94.0275, 26.9598], [94.0407, 26.9712], [94.0435, 26.9774], [94.0527, 26.9828], [94.0598, 26.9839], [94.0675, 26.9814], [94.0777, 26.964], [94.0861, 26.9643], [94.1111, 26.9738], [94.134, 26.973], [94.1387, 26.976], [94.1402, 26.9799], [94.1373, 26.9932], [94.1543, 26.9975], [94.1587, 27.0027], [94.1699, 27.001], [94.1781, 27.003], [94.181, 27.0009], [94.1858, 27.0043], [94.1919, 27.0146], [94.1916, 27.0198], [94.1868, 27.0319], [94.1898, 27.0394], [94.1945, 27.0409], [94.2025, 27.0328], [94.2188, 27.0339], [94.2245, 27.0357], [94.2258, 27.0394], [94.2233, 27.0418], [94.2303, 27.063], [94.2381, 27.077], [94.2534, 27.0887], [94.2661, 27.096], [94.2812, 27.099], [94.2966, 27.0896], [94.3026, 27.084], [94.3076, 27.0762], [94.3128, 27.0739], [94.3162, 27.0767], [94.3238, 27.0913], [94.3371, 27.0851], [94.3455, 27.0866], [94.3519, 27.0896], [94.3583, 27.0965], [94.3673, 27.1016], [94.3834, 27.0993], [94.3923, 27.1016], [94.4178, 27.0949], [94.4243, 27.0993], [94.4278, 27.104], [94.4274, 27.1163], [94.4319, 27.1208], [94.4383, 27.1233], [94.4573, 27.1189], [94.4618, 27.1155], [94.47, 27.1184], [94.4741, 27.1261], [94.4741, 27.1354], [94.4778, 27.1394], [94.4836, 27.1417], [94.4903, 27.1374], [94.4906, 27.1313], [94.4933, 27.1267], [94.5035, 27.1242], [94.5086, 27.1246], [94.5121, 27.1442], [94.5138, 27.1459], [94.5285, 27.1457], [94.533, 27.1506], [94.5305, 27.1576], [94.5246, 27.1628], [94.5466, 27.1752], [94.562, 27.1778], [94.5621, 27.1856], [94.5693, 27.1828]]]]}}, {"type": "Feature", "properties": {"GID_2": "IND.4.16_1", "GID_0": "IND", "COUNTRY": "India", "GID_1": "IND.4_1", "NAME_1": "Assam", "NL_NAME_1": "NA", "NAME_2": "Kamrup", "VARNAME_2": "Kampur,Ramrup", "NL_NAME_2": "NA", "TYPE_2": "District", "ENGTYPE_2": "District", "CC_2": "NA", "HASC_2": "IN.AS.KU"}, "geometry": {"type": "MultiPolygon", "coordinates": [[[[91.642, 26.5088], [91.6428, 26.4966], [91.6456, 26.4868], [91.6557, 26.4802], [91.663, 26.47], [91.6885, 26.4622], [91.7114, 26.4608], [91.7222, 26.4711], [91.7237, 26.4784], [91.7285, 26.4854], [91.7419, 26.4974], [91.7478, 26.4991], [91.7802, 26.4951], [91.7773, 26.4879], [91.7792, 26.4845], [91.7766, 26.4706], [91.7743, 26.4673], [91.7638, 26.4673], [91.7662, 26.462], [91.765, 26.4569], [91.7678, 26.4533], [91.769, 26.4473], [91.7718, 26.4445], [91.77, 26.4407], [91.7718, 26.438], [91.7706, 26.4328], [91.7725, 26.4317], [91.7736, 26.4273], [91.778, 26.4268], [91.7771, 26.4204], [91.7801, 26.4191], [91.7801, 26.4123], [91.7827, 26.4098], [91.7941, 26.4084], [91.7971, 26.402], [91.7987, 26.3921], [91.8041, 26.3886], [91.8034, 26.3857], [91.8064, 26.3824], [91.8115, 26.3843], [91.8177, 26.3802], [91.8199, 26.372], [91.8192, 26.3684], [91.8212, 26.3649], [91.8197, 26.3377], [91.8214, 26.3331], [91.8192, 26.326], [91.814, 26.3268], [91.8111, 26.3247], [91.8107, 26.3202], [91.8084, 26.3176], [91.7996, 26.3156], [91.7967, 26.3162], [91.7943, 26.3196], [91.7915, 26.3101], [91.7886, 26.3102], [91.7872, 26.3068], [91.7839, 26.3058], [91.7858, 26.3039], [91.7843, 26.2974], [91.7882, 26.2846], [91.7878, 26.277], [91.7904, 26.2726], [91.7904, 26.2693], [91.7858, 26.2619], [91.7838, 26.2547], [91.7842, 26.2452], [91.779, 26.2423], [91.7705, 26.2421], [91.7677, 26.2403], [91.7636, 26.2319], [91.7527, 26.2269], [91.7467, 26.222], [91.7456, 26.2174], [91.7498, 26.2089], [91.7287, 26.1999], [91.7249, 26.1923], [91.7244, 26.1851], [91.7016, 26.1813], [91.6873, 26.1813], [91.6816, 26.1785], [91.6626, 26.1818], [91.6488, 26.1861], [91.6402, 26.1918], [91.6373, 26.1899], [91.6402, 26.1856], [91.6507, 26.1775], [91.6511, 26.1742], [91.6459, 26.1723], [91.6388, 26.1723], [91.6335, 26.1694], [91.6307, 26.1628], [91.6302, 26.1566], [91.6388, 26.1466], [91.6388, 26.1371], [91.6402, 26.1337], [91.6354, 26.1285], [91.6364, 26.1233], [91.6526, 26.1152], [91.6621, 26.1052], [91.6768, 26.1047], [91.6811, 26.1099], [91.6887, 26.1099], [91.693, 26.0966], [91.7011, 26.1061], [91.7268, 26.1095], [91.7397, 26.1042], [91.7654, 26.108], [91.7701, 26.0961], [91.7721, 26.0845], [91.7595, 26.0713], [91.7313, 26.0592], [91.7346, 26.0566], [91.733, 26.051], [91.7264, 26.0469], [91.7232, 26.0303], [91.7247, 26.0273], [91.7228, 26.0198], [91.7198, 25.9783], [91.7216, 25.9651], [91.7202, 25.9541], [91.7139, 25.9472], [91.7009, 25.9419], [91.702, 25.9379], [91.6923, 25.9291], [91.6864, 25.9212], [91.6786, 25.9173], [91.676, 25.9118], [91.6693, 25.9054], [91.6672, 25.9082], [91.6619, 25.9099], [91.6515, 25.9077], [91.6479, 25.9137], [91.6328, 25.9258], [91.6228, 25.931], [91.6112, 25.9399], [91.6109, 25.9446], [91.6246, 25.946], [91.6301, 25.9446], [91.6341, 25.9605], [91.6379, 25.9648], [91.628, 25.977], [91.6247, 25.9859], [91.6287, 25.9951], [91.6267, 25.9977], [91.6304, 25.9998], [91.633, 26.0049], [91.6321, 26.014], [91.6334, 26.0179], [91.6322, 26.0224], [91.6203, 26.027], [91.6165, 26.0247], [91.5968, 26.0208], [91.5971, 26.0171], [91.5881, 26.0301], [91.5758, 26.0331], [91.57, 26.0275], [91.5686, 26.0119], [91.5651, 26.0075], [91.5661, 26.0038], [91.5548, 25.9866], [91.5513, 25.9749], [91.5489, 25.9751], [91.5373, 25.9684], [91.5372, 25.9621], [91.5258, 25.9613], [91.5185, 25.9582], [91.5198, 25.9409], [91.5016, 25.9208], [91.5033, 25.9143], [91.5056, 25.9131], [91.5108, 25.9154], [91.5217, 25.9249], [91.5359, 25.934], [91.5313, 25.9237], [91.5085, 25.9098], [91.5012, 25.8985], [91.5033, 25.8922], [91.4986, 25.8925], [91.4929, 25.8956], [91.4885, 25.8948], [91.4834, 25.8911], [91.4787, 25.8847], [91.4748, 25.8712], [91.4774, 25.8687], [91.4937, 25.8655], [91.4983, 25.8672], [91.5078, 25.8674], [91.5173, 25.8747], [91.5222, 25.8859], [91.5258, 25.8901], [91.5297, 25.8897], [91.5321, 25.8882], [91.5326, 25.8841], [91.5289, 25.8809], [91.5254, 25.8729], [91.5218, 25.8743], [91.5128, 25.8666], [91.5079, 25.8648], [91.496, 25.8623], [91.483, 25.8629], [91.4784, 25.8577], [91.4687, 25.859], [91.455, 25.8513], [91.4474, 25.8457], [91.4444, 25.841], [91.4308, 25.8478], [91.4243, 25.8536], [91.4189, 25.8547], [91.4127, 25.8539], [91.4051, 25.8499], [91.4012, 25.8511], [91.3705, 25.8443], [91.3637, 25.8405], [91.3569, 25.8415], [91.3533, 25.8377], [91.3486, 25.8404], [91.3444, 25.8394], [91.3425, 25.8361], [91.3336, 25.8388], [91.3324, 25.8321], [91.325, 25.8238], [91.3063, 25.7964], [91.2969, 25.7782], [91.2873, 25.7641], [91.2796, 25.7567], [91.2765, 25.7517], [91.2756, 25.7469], [91.2623, 25.7493], [91.2554, 25.7478], [91.2239, 25.7234], [91.2214, 25.726], [91.2159, 25.7239], [91.198, 25.731], [91.192, 25.7296], [91.1923, 25.7361], [91.1887, 25.7389], [91.1892, 25.7635], [91.1857, 25.7669], [91.1859, 25.7699], [91.1812, 25.7733], [91.1799, 25.7763], [91.184, 25.7826], [91.1847, 25.795], [91.191, 25.8107], [91.1882, 25.8156], [91.1899, 25.8208], [91.1943, 25.8264], [91.1945, 25.8306], [91.2026, 25.8405], [91.1987, 25.8476], [91.1965, 25.859], [91.179, 25.8428], [91.1682, 25.8456], [91.1617, 25.8493], [91.1529, 25.8501], [91.1454, 25.8473], [91.1379, 25.8421], [91.1317, 25.8419], [91.1263, 25.8382], [91.1208, 25.8313], [91.0814, 25.8293], [91.0665, 25.8258], [91.0633, 25.8204], [91.0499, 25.8289], [91.0572, 25.832], [91.0618, 25.8361], [91.0729, 25.8383], [91.073, 25.8425], [91.0785, 25.8526], [91.0659, 25.8464], [91.0491, 25.8488], [91.042, 25.8394], [91.0249, 25.8276], [91.0208, 25.8226], [91.0061, 25.8208], [91.0008, 25.8223], [91.0127, 25.8488], [91.0131, 25.8572], [91.0218, 25.8613], [91.0265, 25.8666], [91.0299, 25.8945], [91.0406, 25.9218], [91.0448, 25.9284], [91.0508, 25.9339], [91.0516, 25.9379], [91.048, 25.9416], [91.0674, 25.965], [91.074, 25.9717], [91.0804, 25.9742], [91.0809, 25.9796], [91.0847, 25.9828], [91.0888, 26.0008], [91.0974, 26.0054], [91.0975, 26.0098], [91.0942, 26.0125], [91.0941, 26.0158], [91.0902, 26.0204], [91.0886, 26.0292], [91.0829, 26.0308], [91.0781, 26.0376], [91.0694, 26.0371], [91.066, 26.0445], [91.0551, 26.0452], [91.0495, 26.0408], [91.0366, 26.0454], [91.0265, 26.0403], [91.0096, 26.0532], [91.0026, 26.0534], [90.9859, 26.058], [90.9836, 26.0605], [90.978, 26.0617], [90.961, 26.0757], [90.9578, 26.0824], [90.95, 26.0815], [90.9454, 26.09], [90.9401, 26.0888], [90.9358, 26.0925], [90.9356, 26.0943], [90.95, 26.0955], [90.9548, 26.0974], [90.9884, 26.1247], [91.0018, 26.1299], [91.0246, 26.12], [91.0309, 26.1214], [91.0423, 26.1286], [91.0483, 26.1289], [91.0513, 26.1317], [91.0519, 26.1357], [91.0554, 26.1399], [91.0733, 26.1567], [91.0905, 26.1644], [91.0996, 26.1623], [91.1158, 26.154], [91.1303, 26.159], [91.1457, 26.16], [91.1649, 26.17], [91.1804, 26.1743], [91.2335, 26.1829], [91.2293, 26.1777], [91.2543, 26.1639], [91.2965, 26.1583], [91.3079, 26.1616], [91.3302, 26.1627], [91.3354, 26.1661], [91.3389, 26.166], [91.3428, 26.1635], [91.3555, 26.1652], [91.369, 26.1574], [91.3907, 26.1401], [91.3968, 26.1375], [91.4064, 26.1383], [91.4129, 26.1371], [91.4191, 26.1731], [91.4185, 26.1826], [91.4123, 26.1982], [91.4118, 26.2036], [91.4158, 26.205], [91.4183, 26.2104], [91.4203, 26.2275], [91.4226, 26.2338], [91.4245, 26.237], [91.4306, 26.238], [91.4303, 26.2418], [91.428, 26.2434], [91.4126, 26.2459], [91.4101, 26.253], [91.4122, 26.2614], [91.4173, 26.2658], [91.4375, 26.2606], [91.4505, 26.2735], [91.449, 26.3039], [91.4509, 26.3083], [91.455, 26.312], [91.448, 26.3123], [91.4471, 26.3138], [91.456, 26.3189], [91.4911, 26.3199], [91.4964, 26.3239], [91.5049, 26.3227], [91.5072, 26.327], [91.5168, 26.3282], [91.5333, 26.3345], [91.5312, 26.3374], [91.5205, 26.3395], [91.5182, 26.3433], [91.5188, 26.3495], [91.5217, 26.3563], [91.5256, 26.3624], [91.5353, 26.3715], [91.532, 26.3742], [91.5255, 26.3749], [91.5246, 26.3789], [91.5329, 26.3895], [91.5327, 26.3939], [91.5401, 26.4015], [91.5435, 26.4074], [91.5394, 26.4148], [91.5412, 26.4174], [91.547, 26.4176], [91.5513, 26.4153], [91.5584, 26.4173], [91.5584, 26.4228], [91.5614, 26.4253], [91.5636, 26.4341], [91.5536, 26.4564], [91.5514, 26.4714], [91.5562, 26.4804], [91.5605, 26.4844], [91.5591, 26.5011], [91.5557, 26.5149], [91.5584, 26.5213], [91.5727, 26.5243], [91.5782, 26.5271], [91.5811, 26.5319], [91.5814, 26.5379], [91.5861, 26.5408], [91.5844, 26.553], [91.5875, 26.556], [91.5954, 26.5551], [91.5995, 26.533], [91.6054, 26.5301], [91.6145, 26.5283], [91.6187, 26.5243], [91.6236, 26.5151], [91.6415, 26.513], [91.642, 26.5088]]]]}}, {"type": "Feature", "properties": {"GID_2": "IND.4.15_1", "GID_0": "IND", "COUNTRY": "India", "GID_1": "IND.4_1", "NAME_1": "Assam", "NL_NAME_1": "NA", "NAME_2": "KamrupMetropolitan", "VARNAME_2": "Kampur,Ramrup", "NL_NAME_2": "NA", "TYPE_2": "District", "ENGTYPE_2": "District", "CC_2": "NA", "HASC_2": "IN.AS.KM"}, "geometry": {"type": "MultiPolygon", "coordinates": [[[[91.7498, 26.2089], [91.7589, 26.201], [91.7768, 26.1989], [91.8109, 26.2082], [91.8157, 26.2069], [91.8418, 26.2156], [91.8549, 26.2168], [91.8667, 26.22], [91.8753, 26.2168], [91.8898, 26.2202], [91.8905, 26.2227], [91.9022, 26.2266], [91.9126, 26.2347], [91.9143, 26.2418], [91.9241, 26.2471], [91.9325, 26.2427], [91.9534, 26.255], [91.9574, 26.2492], [91.9557, 26.2366], [91.9594, 26.229], [91.9669, 26.226], [91.9974, 26.2058], [92.0042, 26.2036], [92.0081, 26.2058], [92.0145, 26.2066], [92.024, 26.2019], [92.0283, 26.2081], [92.0321, 26.2091], [92.0365, 26.2062], [92.0405, 26.2008], [92.0436, 26.2008], [92.0459, 26.2056], [92.0461, 26.2148], [92.061, 26.1986], [92.0773, 26.1966], [92.0815, 26.1871], [92.084, 26.1864], [92.09, 26.19], [92.0921, 26.1893], [92.0934, 26.1862], [92.0918, 26.1842], [92.0816, 26.1791], [92.0936, 26.1774], [92.1086, 26.1726], [92.115, 26.1775], [92.1227, 26.1798], [92.1296, 26.18], [92.1323, 26.175], [92.1472, 26.1641], [92.1518, 26.1628], [92.1563, 26.1687], [92.1629, 26.165], [92.1681, 26.1649], [92.1672, 26.1586], [92.1628, 26.1498], [92.1646, 26.1352], [92.17, 26.117], [92.1721, 26.1026], [92.1682, 26.0933], [92.1738, 26.0833], [92.1783, 26.0795], [92.1691, 26.0776], [92.1547, 26.0681], [92.1505, 26.0649], [92.1462, 26.0586], [92.1382, 26.0528], [92.1331, 26.0459], [92.1234, 26.0449], [92.1089, 26.0497], [92.0934, 26.0485], [92.0632, 26.0347], [92.0529, 26.0328], [92.0396, 26.0362], [92.0348, 26.0397], [92.0239, 26.0384], [92.0082, 26.0394], [92.0034, 26.038], [91.9911, 26.041], [91.9874, 26.0387], [91.9842, 26.0305], [91.9782, 26.0259], [91.9524, 26.0178], [91.9463, 26.0145], [91.934, 26.0147], [91.9258, 25.9997], [91.9196, 26.0001], [91.9187, 26.0072], [91.9157, 26.0103], [91.917, 26.0215], [91.9075, 26.0271], [91.9009, 26.0263], [91.892, 26.0296], [91.8832, 26.03], [91.8702, 26.0522], [91.8693, 26.0569], [91.8752, 26.0846], [91.8758, 26.0977], [91.8538, 26.1048], [91.8266, 26.1181], [91.8193, 26.1187], [91.8108, 26.1052], [91.8081, 26.1038], [91.8018, 26.1049], [91.7904, 26.087], [91.7846, 26.0866], [91.7804, 26.0883], [91.7785, 26.0912], [91.7721, 26.0845], [91.7701, 26.0961], [91.7654, 26.108], [91.7397, 26.1042], [91.7268, 26.1095], [91.7011, 26.1061], [91.693, 26.0966], [91.6887, 26.1099], [91.6811, 26.1099], [91.6768, 26.1047], [91.6621, 26.1052], [91.6526, 26.1152], [91.6364, 26.1233], [91.6354, 26.1285], [91.6402, 26.1337], [91.6388, 26.1371], [91.6388, 26.1466], [91.6302, 26.1566], [91.6307, 26.1628], [91.6335, 26.1694], [91.6388, 26.1723], [91.6459, 26.1723], [91.6511, 26.1742], [91.6507, 26.1775], [91.6402, 26.1856], [91.6373, 26.1899], [91.6402, 26.1918], [91.6488, 26.1861], [91.6626, 26.1818], [91.6816, 26.1785], [91.6873, 26.1813], [91.7016, 26.1813], [91.7244, 26.1851], [91.7249, 26.1923], [91.7287, 26.1999], [91.7498, 26.2089]]]]}}, {"type": "Feature", "properties": {"GID_2": "IND.4.17_1", "GID_0": "IND", "COUNTRY": "India", "GID_1": "IND.4_1", "NAME_1": "Assam", "NL_NAME_1": "NA", "NAME_2": "KarbiAnglong", "VARNAME_2": "MikirHills,KorbiAnglong", "NL_NAME_2": "NA", "TYPE_2": "District", "ENGTYPE_2": "District", "CC_2": "NA", "HASC_2": "IN.AS.KA"}, "geometry": {"type": "MultiPolygon", "coordinates": [[[[93.0626, 25.781], [93.0534, 25.7827], [93.0365, 25.7908], [93.03, 25.7939], [93.0261, 25.7986], [93.0196, 25.7987], [93.0168, 25.7927], [93.0102, 25.7943], [93.0067, 25.8092], [92.9991, 25.8225], [92.9919, 25.8261], [92.9885, 25.8224], [92.9845, 25.8118], [92.9846, 25.8092], [92.9885, 25.8056], [92.9903, 25.7982], [92.9887, 25.7896], [92.9853, 25.7861], [92.982, 25.789], [92.983, 25.7938], [92.9721, 25.7875], [92.9691, 25.7874], [92.9713, 25.7929], [92.958, 25.8033], [92.9577, 25.8082], [92.9594, 25.8114], [92.9668, 25.8193], [92.9623, 25.8198], [92.944, 25.8075], [92.9306, 25.8103], [92.9317, 25.8057], [92.9282, 25.7876], [92.929, 25.7835], [92.9213, 25.7735], [92.9145, 25.7724], [92.9063, 25.7674], [92.8867, 25.7606], [92.8567, 25.7538], [92.8378, 25.752], [92.8332, 25.7471], [92.8214, 25.7425], [92.8232, 25.7278], [92.8185, 25.7153], [92.8161, 25.7133], [92.812, 25.7045], [92.8058, 25.7031], [92.798, 25.6912], [92.7928, 25.6905], [92.777, 25.6805], [92.7881, 25.6636], [92.7877, 25.6581], [92.781, 25.6497], [92.7721, 25.6421], [92.7695, 25.6365], [92.7629, 25.6311], [92.7629, 25.6285], [92.7673, 25.6242], [92.7676, 25.6216], [92.7656, 25.6191], [92.7628, 25.6201], [92.7524, 25.6154], [92.7502, 25.6089], [92.7515, 25.6062], [92.75, 25.6027], [92.7465, 25.6], [92.7183, 25.5925], [92.7149, 25.6015], [92.7023, 25.6021], [92.6975, 25.6006], [92.6818, 25.5869], [92.681, 25.5837], [92.6846, 25.5815], [92.683, 25.5792], [92.6692, 25.5757], [92.6653, 25.5761], [92.664, 25.574], [92.6605, 25.5851], [92.6576, 25.5891], [92.6535, 25.5922], [92.6483, 25.5924], [92.6406, 25.5874], [92.6289, 25.5695], [92.6087, 25.5657], [92.6035, 25.5611], [92.6026, 25.5574], [92.5875, 25.553], [92.5814, 25.5598], [92.5725, 25.5604], [92.561, 25.5743], [92.5609, 25.5827], [92.5563, 25.5928], [92.5562, 25.6059], [92.5586, 25.609], [92.5576, 25.612], [92.5532, 25.6138], [92.5445, 25.6143], [92.5404, 25.6178], [92.5332, 25.6159], [92.5173, 25.6201], [92.5106, 25.6172], [92.5017, 25.6229], [92.4979, 25.627], [92.4933, 25.6361], [92.4813, 25.6639], [92.4747, 25.6733], [92.4715, 25.6749], [92.4654, 25.6825], [92.44, 25.6892], [92.4405, 25.6881], [92.4343, 25.6875], [92.4321, 25.691], [92.4333, 25.6952], [92.4315, 25.7043], [92.4272, 25.7104], [92.4296, 25.7133], [92.4364, 25.7156], [92.442, 25.7209], [92.4332, 25.7315], [92.417, 25.7297], [92.4128, 25.733], [92.4125, 25.7374], [92.4164, 25.7405], [92.4107, 25.7431], [92.4048, 25.7437], [92.3948, 25.7415], [92.387, 25.7431], [92.3835, 25.7474], [92.3869, 25.7525], [92.3851, 25.7536], [92.3715, 25.7465], [92.3675, 25.7424], [92.3683, 25.7404], [92.363, 25.7365], [92.3518, 25.7349], [92.339, 25.7269], [92.3335, 25.7252], [92.3177, 25.7238], [92.3083, 25.7262], [92.3061, 25.7231], [92.2936, 25.7173], [92.2846, 25.7159], [92.2705, 25.7109], [92.248, 25.711], [92.2368, 25.7084], [92.2338, 25.7101], [92.2326, 25.7151], [92.229, 25.7162], [92.2249, 25.714], [92.2106, 25.6959], [92.2001, 25.6873], [92.192, 25.6863], [92.1848, 25.6811], [92.171, 25.6669], [92.1607, 25.6719], [92.1655, 25.6784], [92.1644, 25.6849], [92.1604, 25.6909], [92.1615, 25.696], [92.1576, 25.701], [92.1559, 25.7091], [92.1511, 25.7118], [92.1496, 25.7145], [92.1537, 25.7227], [92.1642, 25.7287], [92.1655, 25.7344], [92.1648, 25.7448], [92.156, 25.7645], [92.1541, 25.7729], [92.1552, 25.7786], [92.151, 25.7836], [92.1537, 25.7955], [92.1531, 25.8127], [92.1557, 25.8166], [92.1631, 25.8218], [92.1655, 25.833], [92.1714, 25.8377], [92.1752, 25.8465], [92.181, 25.8514], [92.1799, 25.8702], [92.195, 25.8813], [92.2033, 25.8901], [92.2156, 25.8938], [92.2182, 25.9002], [92.225, 25.9016], [92.2255, 25.907], [92.2226, 25.9113], [92.2175, 25.9099], [92.2075, 25.9105], [92.2006, 25.9082], [92.1977, 25.9113], [92.1972, 25.918], [92.192, 25.9158], [92.1867, 25.9158], [92.1809, 25.9086], [92.1637, 25.9118], [92.1599, 25.9152], [92.1614, 25.9325], [92.1575, 25.9393], [92.1563, 25.9448], [92.1608, 25.9515], [92.1653, 25.954], [92.1673, 25.9588], [92.1656, 25.9644], [92.1674, 25.9677], [92.1731, 25.9722], [92.181, 25.9752], [92.1916, 25.9852], [92.2009, 25.9856], [92.2074, 25.9882], [92.2091, 25.9897], [92.2077, 25.9917], [92.2152, 25.9963], [92.2192, 26.0008], [92.2217, 25.9986], [92.2214, 26.0023], [92.2557, 26.0289], [92.3016, 26.0765], [92.3073, 26.0797], [92.3123, 26.076], [92.3123, 26.0834], [92.3142, 26.0886], [92.3182, 26.0931], [92.326, 26.0981], [92.3311, 26.0988], [92.3451, 26.1047], [92.3438, 26.1086], [92.3557, 26.112], [92.3686, 26.1223], [92.3717, 26.1325], [92.3774, 26.1335], [92.3862, 26.1415], [92.3898, 26.1425], [92.4116, 26.1374], [92.4131, 26.1352], [92.4109, 26.131], [92.4056, 26.1269], [92.4063, 26.1243], [92.4042, 26.1196], [92.42, 26.1204], [92.43, 26.1122], [92.4348, 26.1234], [92.4422, 26.1238], [92.4524, 26.136], [92.4584, 26.1364], [92.4693, 26.1482], [92.4748, 26.1475], [92.4765, 26.1436], [92.4918, 26.151], [92.4982, 26.1508], [92.505, 26.1483], [92.5096, 26.1431], [92.5211, 26.1521], [92.5263, 26.1501], [92.5288, 26.1449], [92.522, 26.1264], [92.5228, 26.1224], [92.5205, 26.1157], [92.5204, 26.1065], [92.5217, 26.1037], [92.5321, 26.1026], [92.5344, 26.0977], [92.5386, 26.0996], [92.5455, 26.1068], [92.5459, 26.1097], [92.5548, 26.1154], [92.5666, 26.1172], [92.5742, 26.1158], [92.5775, 26.1121], [92.5773, 26.0963], [92.5819, 26.0916], [92.5917, 26.0859], [92.5976, 26.0783], [92.5964, 26.0706], [92.5858, 26.0559], [92.5847, 26.0444], [92.5816, 26.0369], [92.583, 26.0322], [92.5866, 26.0297], [92.5941, 26.0279], [92.5932, 26.024], [92.5784, 26.0186], [92.5713, 26.0139], [92.5681, 26.0086], [92.5714, 26.0056], [92.5714, 26.0029], [92.5507, 25.9722], [92.5588, 25.9661], [92.5718, 25.9628], [92.58, 25.9669], [92.5923, 25.9667], [92.5994, 25.9777], [92.6068, 25.977], [92.614, 25.9796], [92.6226, 25.9866], [92.6357, 25.9912], [92.6363, 25.9941], [92.6406, 25.9989], [92.657, 26.0009], [92.6602, 26.0084], [92.6571, 26.0215], [92.6694, 26.0303], [92.6756, 26.0268], [92.6793, 26.0279], [92.6827, 26.0268], [92.6831, 26.029], [92.6951, 26.0212], [92.6986, 26.0224], [92.7026, 26.0206], [92.7065, 26.0227], [92.7086, 26.0205], [92.71, 26.0217], [92.7126, 26.0204], [92.7159, 26.0237], [92.7145, 26.0297], [92.7176, 26.0334], [92.7165, 26.0379], [92.7126, 26.0404], [92.7114, 26.0454], [92.713, 26.0513], [92.718, 26.0589], [92.7513, 26.0634], [92.7553, 26.0548], [92.748, 26.0427], [92.7506, 26.0407], [92.7588, 26.039], [92.7598, 26.0358], [92.7642, 26.0325], [92.7589, 26.0188], [92.7605, 26.0171], [92.7722, 26.0181], [92.7788, 26.0169], [92.7834, 26.0119], [92.7822, 26.0105], [92.7662, 26.0089], [92.7618, 26.0065], [92.7619, 26.0013], [92.7643, 26.0003], [92.7766, 26.0019], [92.7794, 25.9991], [92.7758, 25.9962], [92.7668, 25.9955], [92.7626, 25.9925], [92.7635, 25.9904], [92.7671, 25.9918], [92.7712, 25.9906], [92.7676, 25.9868], [92.7688, 25.9788], [92.7639, 25.9665], [92.7644, 25.9642], [92.7698, 25.9552], [92.7752, 25.9524], [92.7814, 25.9529], [92.791, 25.9613], [92.7989, 25.9655], [92.8052, 25.9628], [92.8082, 25.9597], [92.8082, 25.9565], [92.8008, 25.9577], [92.7972, 25.9566], [92.7968, 25.9441], [92.7935, 25.9413], [92.7931, 25.9389], [92.799, 25.9313], [92.804, 25.9211], [92.8092, 25.9205], [92.8126, 25.9238], [92.8195, 25.9257], [92.8228, 25.925], [92.8366, 25.9158], [92.8505, 25.9255], [92.8581, 25.9244], [92.8484, 25.9073], [92.8566, 25.8915], [92.8664, 25.8815], [92.871, 25.869], [92.8881, 25.8722], [92.8896, 25.8697], [92.8941, 25.8681], [92.9037, 25.8686], [92.9651, 25.8773], [92.9863, 25.8779], [92.9991, 25.8569], [93.0111, 25.8488], [93.0121, 25.8419], [93.0159, 25.8348], [93.034, 25.8113], [93.0483, 25.7975], [93.0628, 25.7867], [93.0773, 25.7847], [93.0775, 25.7797], [93.0719, 25.7775], [93.0626, 25.781]]], [[[93.3256, 25.5361], [93.3225, 25.5332], [93.3069, 25.5321], [93.3033, 25.5351], [93.2978, 25.5482], [93.2899, 25.5435], [93.2776, 25.5323], [93.271, 25.5339], [93.268, 25.5399], [93.268, 25.5448], [93.2651, 25.5486], [93.2524, 25.5492], [93.2319, 25.5476], [93.2232, 25.5518], [93.218, 25.5519], [93.2147, 25.5464], [93.2125, 25.5473], [93.2086, 25.5569], [93.2005, 25.5603], [93.2024, 25.5666], [93.1972, 25.5682], [93.1929, 25.5728], [93.1892, 25.5855], [93.1845, 25.5866], [93.1815, 25.5919], [93.1728, 25.5985], [93.1725, 25.6011], [93.1804, 25.6054], [93.1805, 25.6174], [93.1916, 25.6285], [93.191, 25.6322], [93.1841, 25.6421], [93.1737, 25.6527], [93.1747, 25.6547], [93.1709, 25.6619], [93.1649, 25.6636], [93.146, 25.6642], [93.1387, 25.672], [93.1369, 25.6796], [93.1329, 25.6869], [93.1386, 25.6971], [93.1388, 25.7093], [93.1446, 25.716], [93.1695, 25.72], [93.1771, 25.7281], [93.1845, 25.7327], [93.2094, 25.7314], [93.2225, 25.7285], [93.2277, 25.7346], [93.2342, 25.7507], [93.2334, 25.7618], [93.2347, 25.7672], [93.2409, 25.7693], [93.2412, 25.7732], [93.2501, 25.7846], [93.2516, 25.7899], [93.249, 25.7927], [93.2512, 25.8], [93.2508, 25.8109], [93.2479, 25.8127], [93.2456, 25.8178], [93.2473, 25.8222], [93.2447, 25.84], [93.2381, 25.8496], [93.2362, 25.8563], [93.2229, 25.8663], [93.207, 25.8863], [93.1911, 25.9], [93.1872, 25.9054], [93.1776, 25.9434], [93.174, 25.9481], [93.1744, 25.953], [93.1725, 25.9569], [93.1664, 25.9591], [93.1611, 25.9689], [93.1611, 25.9778], [93.1576, 25.9833], [93.1593, 25.9935], [93.1539, 25.9978], [93.1524, 26.0034], [93.1464, 26.0098], [93.1447, 26.0167], [93.142, 26.0203], [93.1306, 26.0256], [93.1244, 26.0343], [93.1186, 26.0374], [93.109, 26.0376], [93.0955, 26.0349], [93.1072, 26.073], [93.1072, 26.0779], [93.1044, 26.0774], [93.0997, 26.0798], [93.0914, 26.0774], [93.0906, 26.0785], [93.0922, 26.082], [93.0876, 26.0803], [93.0855, 26.0828], [93.0858, 26.0867], [93.0819, 26.0838], [93.0829, 26.0813], [93.0791, 26.0822], [93.0773, 26.086], [93.0733, 26.0871], [93.0729, 26.0849], [93.0698, 26.0853], [93.0695, 26.0827], [93.0652, 26.085], [93.0627, 26.084], [93.058, 26.0888], [93.0578, 26.0909], [93.0536, 26.0882], [93.0496, 26.0899], [93.0448, 26.0887], [93.0389, 26.0928], [93.0398, 26.0992], [93.0361, 26.1055], [93.0377, 26.1093], [93.0292, 26.107], [93.0229, 26.1104], [93.0223, 26.1144], [93.0152, 26.1155], [93.0105, 26.1139], [93.0062, 26.1175], [93.0028, 26.1179], [92.9987, 26.1234], [92.9821, 26.13], [92.9731, 26.132], [92.9691, 26.1311], [92.9589, 26.1414], [92.9447, 26.1387], [92.9363, 26.1408], [92.9329, 26.1436], [92.9314, 26.1476], [92.934, 26.1491], [92.9352, 26.153], [92.9425, 26.1547], [92.9489, 26.1614], [92.9493, 26.1648], [92.9563, 26.172], [92.9569, 26.176], [92.954, 26.1903], [92.9429, 26.2033], [92.9321, 26.2034], [92.9276, 26.2058], [92.9094, 26.2041], [92.8829, 26.2108], [92.8609, 26.2048], [92.8501, 26.2039], [92.8424, 26.2081], [92.8277, 26.2071], [92.8229, 26.2086], [92.8017, 26.2045], [92.7958, 26.2086], [92.798, 26.2239], [92.8106, 26.2184], [92.8193, 26.2174], [92.8275, 26.2259], [92.8263, 26.2327], [92.8177, 26.2362], [92.8167, 26.2407], [92.8203, 26.2675], [92.8228, 26.267], [92.8231, 26.2732], [92.8303, 26.273], [92.8398, 26.2829], [92.8435, 26.2987], [92.8486, 26.3067], [92.8548, 26.3047], [92.8562, 26.3031], [92.855, 26.3015], [92.8618, 26.2963], [92.8828, 26.288], [92.8942, 26.2931], [92.8965, 26.2985], [92.8944, 26.304], [92.9003, 26.3101], [92.9153, 26.3181], [92.9181, 26.3182], [92.9215, 26.3156], [92.9425, 26.3292], [92.946, 26.3384], [92.9418, 26.3533], [92.9332, 26.3544], [92.9239, 26.3579], [92.9147, 26.3569], [92.9124, 26.3597], [92.9135, 26.3647], [92.9187, 26.3705], [92.9198, 26.3758], [92.9272, 26.3828], [92.9215, 26.3846], [92.9179, 26.3816], [92.908, 26.3808], [92.9045, 26.3851], [92.8942, 26.3852], [92.8836, 26.3817], [92.8843, 26.3842], [92.8902, 26.3868], [92.8917, 26.3915], [92.8935, 26.392], [92.8964, 26.3892], [92.8978, 26.3906], [92.9035, 26.4016], [92.9057, 26.4015], [92.9073, 26.3958], [92.9128, 26.3983], [92.913, 26.3947], [92.9407, 26.4043], [92.9429, 26.4044], [92.9505, 26.3988], [92.9518, 26.406], [92.9607, 26.4115], [92.9639, 26.416], [92.9722, 26.418], [92.9797, 26.4238], [92.9859, 26.4208], [92.9932, 26.4226], [93.0046, 26.4282], [93.0172, 26.4234], [93.0231, 26.4239], [93.031, 26.4266], [93.0456, 26.44], [93.0477, 26.437], [93.0528, 26.4365], [93.0553, 26.4268], [93.0547, 26.422], [93.0505, 26.4234], [93.0509, 26.4172], [93.0662, 26.4192], [93.0696, 26.4264], [93.0712, 26.4256], [93.0712, 26.4227], [93.0767, 26.4231], [93.0891, 26.4339], [93.0946, 26.4353], [93.0961, 26.4371], [93.0918, 26.4368], [93.0795, 26.4315], [93.0735, 26.4319], [93.0716, 26.4335], [93.0748, 26.4364], [93.0892, 26.4417], [93.1019, 26.4491], [93.1078, 26.4453], [93.1076, 26.4437], [93.1, 26.4376], [93.1007, 26.4349], [93.1099, 26.4409], [93.1173, 26.4432], [93.1149, 26.4451], [93.1126, 26.4447], [93.1122, 26.4469], [93.114, 26.4488], [93.1125, 26.4501], [93.1094, 26.4494], [93.108, 26.4519], [93.1222, 26.4606], [93.1243, 26.4637], [93.1268, 26.4629], [93.1276, 26.4658], [93.13, 26.4671], [93.1238, 26.4709], [93.1131, 26.4722], [93.1139, 26.4746], [93.1334, 26.4798], [93.1389, 26.4866], [93.1386, 26.4896], [93.1309, 26.4832], [93.1293, 26.4869], [93.1337, 26.492], [93.1308, 26.4905], [93.1248, 26.4951], [93.128, 26.4977], [93.1269, 26.4998], [93.1198, 26.4966], [93.1233, 26.4867], [93.1227, 26.4844], [93.1203, 26.4825], [93.1187, 26.4873], [93.1154, 26.4866], [93.107, 26.4789], [93.1067, 26.4769], [93.1008, 26.475], [93.1057, 26.4734], [93.1089, 26.4695], [93.1048, 26.4665], [93.1043, 26.4625], [93.1005, 26.4652], [93.0943, 26.4617], [93.0914, 26.4617], [93.0909, 26.4651], [93.0936, 26.4675], [93.0919, 26.4709], [93.0815, 26.4736], [93.0786, 26.4721], [93.0775, 26.4789], [93.0662, 26.4801], [93.0673, 26.4855], [93.0813, 26.4903], [93.0857, 26.496], [93.0941, 26.4993], [93.0915, 26.5026], [93.0807, 26.4961], [93.0775, 26.4968], [93.0743, 26.495], [93.0701, 26.5029], [93.0682, 26.4988], [93.0705, 26.4959], [93.0704, 26.4918], [93.0487, 26.4904], [93.0209, 26.48], [93.0156, 26.4802], [93.0107, 26.4846], [93.0105, 26.4897], [93.007, 26.4962], [93.0127, 26.4997], [93.0136, 26.5066], [93.0346, 26.5154], [93.0405, 26.5198], [93.0457, 26.5284], [93.0507, 26.5289], [93.0463, 26.5324], [93.0452, 26.5379], [93.062, 26.5442], [93.0775, 26.5454], [93.0869, 26.5443], [93.0917, 26.5459], [93.105, 26.5403], [93.1035, 26.5365], [93.106, 26.5335], [93.1193, 26.5317], [93.1223, 26.5349], [93.1196, 26.5387], [93.1364, 26.5433], [93.1381, 26.5499], [93.1444, 26.5564], [93.1486, 26.558], [93.1524, 26.552], [93.1564, 26.5502], [93.1706, 26.5561], [93.1875, 26.5702], [93.1987, 26.5684], [93.2073, 26.5641], [93.2123, 26.5588], [93.2011, 26.5455], [93.1976, 26.543], [93.1938, 26.5445], [93.1851, 26.5412], [93.1825, 26.5373], [93.1761, 26.5332], [93.1623, 26.527], [93.1651, 26.5243], [93.1904, 26.5335], [93.1959, 26.5382], [93.2004, 26.5366], [93.2054, 26.5283], [93.2087, 26.5206], [93.2098, 26.5124], [93.2144, 26.5098], [93.2178, 26.51], [93.2127, 26.5221], [93.2145, 26.5239], [93.2194, 26.5224], [93.2197, 26.5253], [93.2132, 26.5294], [93.2137, 26.5316], [93.2204, 26.5306], [93.2226, 26.5394], [93.2321, 26.5364], [93.2359, 26.538], [93.2461, 26.5332], [93.2502, 26.5236], [93.2586, 26.524], [93.2744, 26.5216], [93.2729, 26.5156], [93.2681, 26.5124], [93.2679, 26.5086], [93.2763, 26.5095], [93.2746, 26.515], [93.2781, 26.5176], [93.2857, 26.5193], [93.2878, 26.5184], [93.2867, 26.512], [93.2901, 26.5112], [93.2937, 26.5052], [93.2981, 26.5065], [93.2987, 26.511], [93.2937, 26.5202], [93.2906, 26.5233], [93.2794, 26.523], [93.2746, 26.5255], [93.2708, 26.5301], [93.2762, 26.5338], [93.2775, 26.5448], [93.2748, 26.5462], [93.2721, 26.5433], [93.2673, 26.5337], [93.2594, 26.5333], [93.2589, 26.5355], [93.2656, 26.5361], [93.2643, 26.5403], [93.2552, 26.5462], [93.2516, 26.5454], [93.2503, 26.5478], [93.2606, 26.5517], [93.259, 26.5533], [93.2395, 26.5519], [93.2381, 26.5544], [93.2391, 26.5579], [93.2503, 26.5662], [93.2523, 26.5709], [93.263, 26.5703], [93.2752, 26.5753], [93.2865, 26.574], [93.2961, 26.581], [93.3029, 26.5811], [93.2987, 26.5775], [93.3005, 26.5755], [93.3074, 26.5788], [93.3119, 26.5795], [93.3141, 26.5783], [93.3202, 26.5851], [93.3355, 26.5856], [93.368, 26.5843], [93.3788, 26.5809], [93.3934, 26.5808], [93.4026, 26.5835], [93.4023, 26.5791], [93.4073, 26.5774], [93.402, 26.5749], [93.4123, 26.5706], [93.4176, 26.5749], [93.4461, 26.5796], [93.4566, 26.584], [93.4574, 26.5827], [93.4549, 26.5781], [93.4581, 26.5772], [93.4644, 26.5872], [93.4684, 26.5888], [93.4667, 26.5832], [93.4599, 26.5734], [93.4652, 26.5716], [93.4757, 26.5847], [93.4851, 26.5859], [93.4921, 26.5885], [93.4943, 26.5914], [93.4943, 26.5939], [93.478, 26.5914], [93.4726, 26.5935], [93.472, 26.5967], [93.4767, 26.6005], [93.479, 26.6047], [93.4838, 26.6068], [93.4976, 26.6075], [93.4975, 26.6149], [93.5045, 26.6117], [93.5089, 26.5986], [93.5111, 26.5965], [93.5332, 26.5981], [93.5462, 26.6071], [93.5559, 26.609], [93.5593, 26.6116], [93.5682, 26.6103], [93.5707, 26.6067], [93.588, 26.6068], [93.5926, 26.6006], [93.5881, 26.5973], [93.5853, 26.5848], [93.5878, 26.577], [93.5869, 26.5717], [93.6149, 26.58], [93.617, 26.5749], [93.6133, 26.5695], [93.6175, 26.5708], [93.6222, 26.5681], [93.62, 26.5734], [93.6249, 26.5786], [93.6285, 26.5899], [93.6256, 26.5939], [93.6366, 26.6002], [93.6404, 26.6014], [93.6462, 26.5973], [93.65, 26.5977], [93.6489, 26.6029], [93.6614, 26.6061], [93.6655, 26.6021], [93.6709, 26.6072], [93.676, 26.6038], [93.679, 26.6037], [93.6856, 26.6094], [93.7227, 26.607], [93.7236, 26.5991], [93.7339, 26.597], [93.7387, 26.5889], [93.7429, 26.5866], [93.7505, 26.5857], [93.7525, 26.5825], [93.7519, 26.5806], [93.7408, 26.5732], [93.7426, 26.5662], [93.7401, 26.5624], [93.7391, 26.5645], [93.7375, 26.5633], [93.7382, 26.5599], [93.7362, 26.5532], [93.7401, 26.5501], [93.7414, 26.5469], [93.7405, 26.5439], [93.7353, 26.5442], [93.7348, 26.5411], [93.7379, 26.5379], [93.743, 26.5413], [93.7474, 26.5319], [93.7514, 26.5345], [93.7592, 26.5308], [93.7586, 26.5262], [93.7555, 26.5237], [93.756, 26.5199], [93.7587, 26.5183], [93.7567, 26.5153], [93.7586, 26.5107], [93.7664, 26.5102], [93.7674, 26.5055], [93.7763, 26.4912], [93.7796, 26.483], [93.7795, 26.4804], [93.7774, 26.4784], [93.7729, 26.4814], [93.7729, 26.4785], [93.7789, 26.4715], [93.7879, 26.4671], [93.7877, 26.4577], [93.7915, 26.4539], [93.7938, 26.4447], [93.7879, 26.4437], [93.7859, 26.4415], [93.7869, 26.4381], [93.7939, 26.4387], [93.7954, 26.4335], [93.7891, 26.4283], [93.7829, 26.4262], [93.7855, 26.4168], [93.7977, 26.4136], [93.8019, 26.4139], [93.799, 26.4096], [93.7932, 26.4066], [93.7911, 26.4007], [93.7868, 26.398], [93.7807, 26.3902], [93.7777, 26.3907], [93.7764, 26.3877], [93.7895, 26.3811], [93.7947, 26.381], [93.7954, 26.3865], [93.7995, 26.3935], [93.8032, 26.395], [93.8074, 26.4001], [93.8094, 26.3991], [93.813, 26.4027], [93.8207, 26.4066], [93.8247, 26.4117], [93.8281, 26.4212], [93.8327, 26.4208], [93.8386, 26.4155], [93.8537, 26.4088], [93.8596, 26.4086], [93.8627, 26.4005], [93.8678, 26.3985], [93.8695, 26.3935], [93.8845, 26.3978], [93.8862, 26.3864], [93.8901, 26.386], [93.8898, 26.3828], [93.8854, 26.3807], [93.8853, 26.3768], [93.8943, 26.3763], [93.8899, 26.3697], [93.8854, 26.367], [93.8883, 26.3652], [93.8885, 26.3608], [93.8856, 26.3598], [93.8897, 26.3506], [93.8856, 26.3506], [93.885, 26.3459], [93.8912, 26.3461], [93.8899, 26.3316], [93.8954, 26.3353], [93.8953, 26.3322], [93.8899, 26.3299], [93.8893, 26.3273], [93.8945, 26.3254], [93.8971, 26.3209], [93.8947, 26.3187], [93.8867, 26.3252], [93.8859, 26.3236], [93.8888, 26.3188], [93.8855, 26.3169], [93.8789, 26.3177], [93.8771, 26.3135], [93.8844, 26.3141], [93.8877, 26.3069], [93.8737, 26.3054], [93.8733, 26.302], [93.8701, 26.3006], [93.8772, 26.294], [93.8744, 26.287], [93.8833, 26.2807], [93.8843, 26.2763], [93.881, 26.2768], [93.8753, 26.2813], [93.8734, 26.2793], [93.8741, 26.2772], [93.8701, 26.2745], [93.8692, 26.2715], [93.8767, 26.2696], [93.8722, 26.2637], [93.8686, 26.2636], [93.8699, 26.2583], [93.8635, 26.257], [93.8636, 26.2544], [93.8687, 26.2506], [93.8669, 26.2493], [93.8596, 26.2514], [93.857, 26.2507], [93.851, 26.2477], [93.8497, 26.2448], [93.8517, 26.2421], [93.8592, 26.2483], [93.8615, 26.2472], [93.8643, 26.2398], [93.8582, 26.231], [93.8571, 26.2234], [93.8549, 26.2206], [93.8498, 26.2206], [93.8479, 26.2229], [93.8445, 26.2234], [93.8406, 26.2198], [93.8456, 26.2199], [93.8463, 26.2164], [93.8389, 26.2129], [93.8356, 26.208], [93.8363, 26.2059], [93.8406, 26.2088], [93.8431, 26.2088], [93.8441, 26.2068], [93.8397, 26.2033], [93.8392, 26.1996], [93.8329, 26.2023], [93.8327, 26.198], [93.8351, 26.1949], [93.8298, 26.1908], [93.8361, 26.1831], [93.836, 26.1788], [93.8311, 26.1829], [93.8285, 26.1796], [93.8242, 26.1787], [93.8287, 26.1734], [93.8262, 26.1704], [93.8285, 26.1673], [93.8309, 26.1645], [93.8384, 26.1626], [93.8334, 26.1605], [93.8334, 26.1577], [93.8319, 26.1566], [93.8268, 26.1563], [93.8336, 26.1533], [93.8296, 26.1517], [93.8282, 26.1485], [93.8305, 26.1424], [93.8308, 26.134], [93.8284, 26.1346], [93.8265, 26.1415], [93.8234, 26.1407], [93.8221, 26.1355], [93.8281, 26.1319], [93.8271, 26.13], [93.8231, 26.1303], [93.8187, 26.1253], [93.8243, 26.1186], [93.8225, 26.1155], [93.8136, 26.1162], [93.8105, 26.1089], [93.81, 26.1062], [93.8161, 26.0941], [93.8146, 26.0919], [93.8093, 26.0984], [93.8059, 26.0972], [93.8055, 26.094], [93.8097, 26.09], [93.8068, 26.09], [93.8061, 26.0884], [93.8058, 26.0817], [93.808, 26.0741], [93.801, 26.0794], [93.7981, 26.0761], [93.799, 26.0731], [93.8039, 26.0726], [93.8052, 26.0699], [93.7954, 26.0648], [93.7981, 26.0589], [93.7934, 26.0569], [93.7963, 26.0485], [93.7954, 26.045], [93.7931, 26.043], [93.7904, 26.0442], [93.7828, 26.0431], [93.7841, 26.0366], [93.7881, 26.0349], [93.7935, 26.0393], [93.7989, 26.0364], [93.7997, 26.032], [93.7927, 26.0348], [93.7912, 26.0304], [93.7867, 26.0277], [93.7877, 26.0241], [93.7924, 26.0225], [93.7939, 26.0183], [93.7854, 26.0183], [93.7845, 26.0116], [93.7874, 26.0131], [93.7917, 26.0098], [93.7896, 26.0047], [93.7925, 26.002], [93.7973, 26.0028], [93.7987, 26.0066], [93.8022, 26.0071], [93.8044, 26.0047], [93.8076, 25.9989], [93.8013, 26.0019], [93.7993, 25.9972], [93.7954, 25.9958], [93.7976, 25.985], [93.8002, 25.984], [93.8052, 25.9887], [93.8065, 25.9868], [93.8044, 25.9807], [93.7981, 25.9801], [93.7938, 25.9822], [93.7941, 25.9781], [93.7905, 25.9776], [93.7874, 25.9828], [93.7841, 25.9841], [93.7793, 25.9712], [93.773, 25.9704], [93.7697, 25.9671], [93.773, 25.966], [93.7695, 25.958], [93.7703, 25.9535], [93.7684, 25.955], [93.7628, 25.9549], [93.7589, 25.9487], [93.7494, 25.9421], [93.752, 25.9396], [93.7518, 25.9364], [93.7501, 25.9373], [93.7165, 25.9217], [93.7125, 25.9227], [93.7051, 25.9213], [93.6877, 25.9094], [93.6858, 25.9049], [93.6909, 25.8893], [93.7064, 25.8533], [93.7055, 25.8486], [93.7024, 25.847], [93.7036, 25.8535], [93.6979, 25.8513], [93.6938, 25.8472], [93.6905, 25.8476], [93.692, 25.8441], [93.6825, 25.8407], [93.6829, 25.8358], [93.6781, 25.8289], [93.6695, 25.8288], [93.6686, 25.8246], [93.6608, 25.8244], [93.6567, 25.8264], [93.6524, 25.8228], [93.6485, 25.824], [93.641, 25.8179], [93.6403, 25.8134], [93.6361, 25.8137], [93.6333, 25.8052], [93.629, 25.8044], [93.6298, 25.8], [93.6275, 25.7986], [93.627, 25.7916], [93.6238, 25.7904], [93.6211, 25.7852], [93.6236, 25.7839], [93.6223, 25.7798], [93.6114, 25.7765], [93.6081, 25.7769], [93.6057, 25.7726], [93.6056, 25.7675], [93.6028, 25.7708], [93.5937, 25.7643], [93.5882, 25.7682], [93.5872, 25.7595], [93.5838, 25.7577], [93.5732, 25.7608], [93.5734, 25.7566], [93.5693, 25.755], [93.5701, 25.7517], [93.5655, 25.7413], [93.5563, 25.7419], [93.5569, 25.7377], [93.5499, 25.7324], [93.5467, 25.7345], [93.5448, 25.727], [93.5462, 25.7215], [93.5498, 25.719], [93.5436, 25.7017], [93.538, 25.7032], [93.5306, 25.6927], [93.5286, 25.6938], [93.5259, 25.6997], [93.5227, 25.6932], [93.5168, 25.6881], [93.5203, 25.6837], [93.5083, 25.6668], [93.5021, 25.662], [93.4999, 25.6565], [93.4902, 25.656], [93.4907, 25.6534], [93.4872, 25.6505], [93.4836, 25.6518], [93.4834, 25.6458], [93.4759, 25.648], [93.4748, 25.6443], [93.4656, 25.6442], [93.4571, 25.6406], [93.4612, 25.6366], [93.462, 25.6334], [93.4594, 25.6331], [93.452, 25.6375], [93.4499, 25.6349], [93.4468, 25.6388], [93.4342, 25.6299], [93.431, 25.6292], [93.4275, 25.6315], [93.4225, 25.6223], [93.4183, 25.6211], [93.4149, 25.6166], [93.4168, 25.6149], [93.4123, 25.6137], [93.4076, 25.6094], [93.4072, 25.6065], [93.4096, 25.6041], [93.4068, 25.5965], [93.3901, 25.5947], [93.3906, 25.5891], [93.3824, 25.5848], [93.385, 25.5812], [93.3847, 25.5779], [93.3827, 25.5762], [93.3765, 25.5773], [93.376, 25.571], [93.3734, 25.5692], [93.3652, 25.5698], [93.366, 25.5633], [93.3642, 25.5606], [93.3607, 25.5604], [93.3544, 25.5652], [93.3483, 25.5632], [93.3413, 25.5549], [93.3334, 25.549], [93.3256, 25.5361]]]]}}, {"type": "Feature", "properties": {"GID_2": "IND.4.18_1", "GID_0": "IND", "COUNTRY": "India", "GID_1": "IND.4_1", "NAME_1": "Assam", "NL_NAME_1": "NA", "NAME_2": "Karimganj", "VARNAME_2": "NA", "NL_NAME_2": "NA", "TYPE_2": "District", "ENGTYPE_2": "District", "CC_2": "NA", "HASC_2": "IN.AS.KR"}, "geometry": {"type": "MultiPolygon", "coordinates": [[[[92.2679, 24.6951], [92.2761, 24.7076], [92.2749, 24.7082], [92.277, 24.7117], [92.2871, 24.7227], [92.2959, 24.7366], [92.2812, 24.7425], [92.2818, 24.7436], [92.279, 24.7457], [92.2889, 24.7612], [92.2802, 24.7663], [92.283, 24.7709], [92.2817, 24.7755], [92.2846, 24.7747], [92.2878, 24.7793], [92.2888, 24.7846], [92.2873, 24.7875], [92.2884, 24.7883], [92.281, 24.7907], [92.2788, 24.7975], [92.273, 24.8003], [92.2752, 24.8038], [92.2742, 24.8067], [92.2761, 24.81], [92.2762, 24.8121], [92.2738, 24.8142], [92.2762, 24.8156], [92.2727, 24.8215], [92.273, 24.8276], [92.2692, 24.83], [92.2529, 24.8323], [92.2522, 24.8306], [92.249, 24.8299], [92.2483, 24.8324], [92.2516, 24.8343], [92.2503, 24.8358], [92.2549, 24.8386], [92.2424, 24.8406], [92.2397, 24.8578], [92.2358, 24.8591], [92.2348, 24.8615], [92.2379, 24.8681], [92.2403, 24.8682], [92.2421, 24.8725], [92.2468, 24.8729], [92.248, 24.8856], [92.2471, 24.8877], [92.2393, 24.8902], [92.2394, 24.892], [92.2365, 24.8921], [92.236, 24.8993], [92.2321, 24.9004], [92.2347, 24.9039], [92.245, 24.9083], [92.2452, 24.9102], [92.2551, 24.9139], [92.2576, 24.9073], [92.2679, 24.9062], [92.2709, 24.9113], [92.2799, 24.9099], [92.283, 24.9062], [92.2879, 24.9127], [92.296, 24.9162], [92.3007, 24.9157], [92.3053, 24.913], [92.3086, 24.9083], [92.3145, 24.9076], [92.3152, 24.9038], [92.3201, 24.9004], [92.3197, 24.8958], [92.3237, 24.8971], [92.3264, 24.896], [92.3282, 24.8898], [92.3397, 24.8783], [92.3423, 24.8784], [92.3447, 24.8808], [92.3447, 24.8919], [92.3458, 24.8937], [92.3487, 24.8923], [92.3555, 24.8805], [92.3621, 24.8826], [92.3655, 24.8817], [92.3694, 24.8742], [92.3754, 24.8745], [92.3782, 24.868], [92.3846, 24.8671], [92.3893, 24.861], [92.3854, 24.8572], [92.387, 24.8527], [92.3923, 24.8512], [92.3951, 24.8554], [92.4028, 24.8549], [92.4057, 24.8596], [92.4143, 24.8594], [92.4165, 24.8628], [92.4259, 24.8601], [92.4252, 24.8541], [92.4338, 24.8565], [92.4332, 24.8595], [92.4411, 24.8637], [92.441, 24.8692], [92.4426, 24.8718], [92.4596, 24.8746], [92.4595, 24.8757], [92.4762, 24.8683], [92.4791, 24.8725], [92.4878, 24.8714], [92.4877, 24.8729], [92.4895, 24.8727], [92.4941, 24.8767], [92.5034, 24.8743], [92.516, 24.8772], [92.5196, 24.874], [92.5257, 24.861], [92.5409, 24.8653], [92.5526, 24.8724], [92.5601, 24.8744], [92.5779, 24.8707], [92.589, 24.8643], [92.5865, 24.8515], [92.5811, 24.8413], [92.5632, 24.8218], [92.5545, 24.8165], [92.5449, 24.8009], [92.5446, 24.7917], [92.5478, 24.7817], [92.5431, 24.7744], [92.5455, 24.7663], [92.5449, 24.7623], [92.5272, 24.7484], [92.523, 24.7426], [92.5219, 24.7236], [92.5139, 24.7128], [92.5105, 24.7112], [92.5056, 24.702], [92.504, 24.6932], [92.4972, 24.6817], [92.4972, 24.6762], [92.5041, 24.6644], [92.5033, 24.6607], [92.5066, 24.6291], [92.5109, 24.6268], [92.5087, 24.6188], [92.5092, 24.6052], [92.5053, 24.6057], [92.5058, 24.5936], [92.5142, 24.58], [92.5169, 24.5785], [92.5192, 24.5693], [92.5164, 24.5546], [92.5085, 24.5346], [92.5107, 24.5248], [92.5077, 24.5105], [92.509, 24.4979], [92.5065, 24.4909], [92.5107, 24.482], [92.5062, 24.4532], [92.5068, 24.4397], [92.5023, 24.4222], [92.5007, 24.4023], [92.4964, 24.3943], [92.4962, 24.3831], [92.4927, 24.3754], [92.4927, 24.3696], [92.4836, 24.3525], [92.477, 24.325], [92.4706, 24.3116], [92.4458, 24.2752], [92.4396, 24.2702], [92.4329, 24.2557], [92.4256, 24.2521], [92.4165, 24.2534], [92.3765, 24.2513], [92.3141, 24.2526], [92.3105, 24.2513], [92.3035, 24.2527], [92.2129, 24.2493], [92.2641, 24.3621], [92.2681, 24.3673], [92.2683, 24.3748], [92.2725, 24.3793], [92.2699, 24.3822], [92.2731, 24.3885], [92.2705, 24.3909], [92.2699, 24.3949], [92.2643, 24.3977], [92.2627, 24.4098], [92.256, 24.419], [92.2575, 24.4325], [92.2565, 24.4363], [92.2361, 24.4503], [92.2351, 24.4564], [92.2311, 24.4605], [92.2289, 24.4721], [92.2303, 24.48], [92.2395, 24.4899], [92.231, 24.5041], [92.2309, 24.4997], [92.2215, 24.5015], [92.2203, 24.5063], [92.2157, 24.5077], [92.2199, 24.5164], [92.2236, 24.5174], [92.231, 24.531], [92.2323, 24.5711], [92.2346, 24.5754], [92.2331, 24.5793], [92.2361, 24.5959], [92.2353, 24.5976], [92.2391, 24.6076], [92.2422, 24.6115], [92.2418, 24.6142], [92.2443, 24.6204], [92.2434, 24.6256], [92.2489, 24.641], [92.2498, 24.6492], [92.247, 24.6549], [92.2486, 24.6586], [92.2515, 24.6601], [92.257, 24.6736], [92.2544, 24.6753], [92.2543, 24.6782], [92.2583, 24.6796], [92.2596, 24.6874], [92.2615, 24.6902], [92.2647, 24.6908], [92.2679, 24.6951]]]]}}, {"type": "Feature", "properties": {"GID_2": "IND.4.19_1", "GID_0": "IND", "COUNTRY": "India", "GID_1": "IND.4_1", "NAME_1": "Assam", "NL_NAME_1": "NA", "NAME_2": "Kokrajhar", "VARNAME_2": "NA", "NL_NAME_2": "NA", "TYPE_2": "District", "ENGTYPE_2": "District", "CC_2": "NA", "HASC_2": "IN.AS.KJ"}, "geometry": {"type": "MultiPolygon", "coordinates": [[[[89.8601, 26.7014], [89.8632, 26.7007], [89.8625, 26.7017], [89.8656, 26.706], [89.862, 26.7165], [89.8643, 26.7306], [89.8589, 26.7352], [89.8629, 26.7374], [89.8975, 26.7244], [89.967, 26.7238], [90.0082, 26.7324], [90.0492, 26.7307], [90.1384, 26.7533], [90.1946, 26.7734], [90.1875, 26.807], [90.2008, 26.8354], [90.2302, 26.8591], [90.2486, 26.8592], [90.3002, 26.8484], [90.3478, 26.8754], [90.3502, 26.8893], [90.3564, 26.901], [90.4165, 26.9047], [90.5459, 26.8169], [90.585, 26.8038], [90.6339, 26.794], [90.6432, 26.7803], [90.6303, 26.7917], [90.615, 26.7951], [90.5877, 26.7712], [90.5607, 26.7421], [90.5409, 26.7119], [90.5325, 26.6869], [90.5232, 26.6651], [90.5242, 26.6307], [90.5471, 26.5995], [90.5648, 26.5787], [90.5742, 26.5537], [90.5721, 26.5318], [90.5565, 26.5266], [90.5336, 26.5401], [90.5055, 26.5422], [90.4909, 26.5349], [90.469, 26.5412], [90.4576, 26.5485], [90.4253, 26.5505], [90.4097, 26.5578], [90.3899, 26.5599], [90.365, 26.5526], [90.3535, 26.5464], [90.3577, 26.5224], [90.3774, 26.486], [90.3951, 26.4818], [90.4149, 26.4818], [90.4295, 26.4933], [90.4493, 26.4933], [90.4576, 26.485], [90.4586, 26.4662], [90.4357, 26.4371], [90.4461, 26.3819], [90.4472, 26.358], [90.4491, 26.3541], [90.444, 26.346], [90.4418, 26.3465], [90.4403, 26.362], [90.4344, 26.3587], [90.4378, 26.3502], [90.4377, 26.3458], [90.4341, 26.3431], [90.4318, 26.3439], [90.4298, 26.3477], [90.4312, 26.3542], [90.4246, 26.3603], [90.4221, 26.365], [90.413, 26.3625], [90.3955, 26.363], [90.379, 26.3679], [90.3775, 26.3701], [90.3819, 26.3743], [90.3851, 26.3706], [90.3868, 26.3767], [90.3942, 26.3857], [90.3931, 26.3913], [90.3743, 26.3758], [90.3717, 26.3848], [90.3717, 26.3969], [90.3657, 26.3968], [90.3622, 26.3986], [90.3568, 26.4112], [90.3532, 26.4133], [90.3381, 26.4133], [90.3288, 26.4093], [90.3273, 26.3964], [90.3314, 26.3904], [90.3317, 26.3863], [90.3181, 26.3895], [90.3149, 26.3883], [90.3104, 26.381], [90.3114, 26.3769], [90.3201, 26.368], [90.3175, 26.3632], [90.3264, 26.3659], [90.3282, 26.3645], [90.3091, 26.3483], [90.3084, 26.3505], [90.2975, 26.3381], [90.2903, 26.3388], [90.2851, 26.3365], [90.288, 26.3311], [90.2828, 26.3218], [90.2781, 26.32], [90.273, 26.3233], [90.2706, 26.329], [90.253, 26.3349], [90.2522, 26.3309], [90.2479, 26.3263], [90.2411, 26.328], [90.2362, 26.3239], [90.2256, 26.3327], [90.2169, 26.3295], [90.2162, 26.3318], [90.2267, 26.3497], [90.2144, 26.3505], [90.2168, 26.3527], [90.2214, 26.3525], [90.2273, 26.3547], [90.2314, 26.362], [90.2299, 26.3701], [90.224, 26.3734], [90.2257, 26.3793], [90.2241, 26.3855], [90.2044, 26.3771], [90.2062, 26.3626], [90.2034, 26.3588], [90.1926, 26.3532], [90.1866, 26.3454], [90.1767, 26.3454], [90.1696, 26.3425], [90.1665, 26.3458], [90.152, 26.353], [90.1389, 26.3495], [90.1177, 26.3393], [90.0683, 26.3053], [90.0506, 26.2969], [90.0404, 26.2991], [90.0332, 26.3029], [90.0266, 26.3094], [90.0235, 26.3206], [90.0272, 26.3288], [90.0273, 26.3323], [90.024, 26.3362], [90.0191, 26.3362], [90.011, 26.3283], [90.0054, 26.3264], [89.9981, 26.3337], [89.9885, 26.3399], [89.9854, 26.3456], [89.9715, 26.3382], [89.9616, 26.335], [89.9466, 26.3333], [89.936, 26.3353], [89.9319, 26.3405], [89.9282, 26.3417], [89.9199, 26.3387], [89.9115, 26.3389], [89.9083, 26.3366], [89.9061, 26.3277], [89.9029, 26.3256], [89.8947, 26.3251], [89.8899, 26.3131], [89.8742, 26.3021], [89.8454, 26.2994], [89.8303, 26.3075], [89.8234, 26.3084], [89.8069, 26.3014], [89.7992, 26.3009], [89.7821, 26.3163], [89.7709, 26.313], [89.7664, 26.3139], [89.762, 26.3171], [89.7685, 26.3238], [89.7777, 26.3278], [89.7809, 26.3309], [89.7791, 26.3474], [89.782, 26.3533], [89.8204, 26.3706], [89.8127, 26.3624], [89.8115, 26.358], [89.8136, 26.3532], [89.8201, 26.3504], [89.8234, 26.3552], [89.8211, 26.3591], [89.8271, 26.3666], [89.8274, 26.3698], [89.8244, 26.3769], [89.8256, 26.3793], [89.831, 26.382], [89.8409, 26.3778], [89.8455, 26.384], [89.8513, 26.3841], [89.8551, 26.382], [89.8573, 26.3845], [89.8532, 26.396], [89.8468, 26.4027], [89.8445, 26.3944], [89.8404, 26.3908], [89.8306, 26.3902], [89.8273, 26.3965], [89.8333, 26.4123], [89.8448, 26.4102], [89.8498, 26.4142], [89.8478, 26.4218], [89.853, 26.4246], [89.8552, 26.434], [89.8577, 26.4381], [89.8695, 26.4484], [89.8702, 26.464], [89.8624, 26.4661], [89.861, 26.4748], [89.8527, 26.4878], [89.855, 26.4943], [89.8556, 26.5051], [89.8535, 26.5172], [89.8544, 26.5211], [89.8618, 26.5305], [89.8614, 26.5432], [89.8646, 26.5483], [89.8655, 26.5658], [89.865, 26.5703], [89.8615, 26.5746], [89.862, 26.5779], [89.8699, 26.5795], [89.8775, 26.5842], [89.8721, 26.5947], [89.8752, 26.6012], [89.8772, 26.6131], [89.8716, 26.615], [89.8618, 26.6152], [89.859, 26.6172], [89.857, 26.6234], [89.8573, 26.6321], [89.8737, 26.6435], [89.8764, 26.6495], [89.8681, 26.6566], [89.8705, 26.6662], [89.8695, 26.6738], [89.8714, 26.6835], [89.8601, 26.7014]]]]}}, {"type": "Feature", "properties": {"GID_2": "IND.4.20_1", "GID_0": "IND", "COUNTRY": "India", "GID_1": "IND.4_1", "NAME_1": "Assam", "NL_NAME_1": "NA", "NAME_2": "Lakhimpur", "VARNAME_2": "NorthLakhimpur,Lakhmipur,Laki", "NL_NAME_2": "NA", "TYPE_2": "District", "ENGTYPE_2": "District", "CC_2": "NA", "HASC_2": "IN.AS.LA"}, "geometry": {"type": "MultiPolygon", "coordinates": [[[[94.2107, 27.4979], [94.2123, 27.4979], [94.2154, 27.5031], [94.2217, 27.507], [94.2597, 27.5235], [94.2688, 27.5187], [94.2745, 27.5134], [94.2801, 27.5043], [94.2777, 27.4716], [94.2824, 27.4611], [94.2898, 27.452], [94.3049, 27.4404], [94.3075, 27.4337], [94.3046, 27.4002], [94.298, 27.39], [94.2851, 27.386], [94.2693, 27.3964], [94.2654, 27.4018], [94.2562, 27.4029], [94.2515, 27.4006], [94.2469, 27.3933], [94.25, 27.3861], [94.2617, 27.374], [94.2718, 27.3661], [94.285, 27.3585], [94.299, 27.3546], [94.3007, 27.3502], [94.3235, 27.3529], [94.3471, 27.3446], [94.4038, 27.334], [94.4322, 27.334], [94.4476, 27.3423], [94.4913, 27.3517], [94.509, 27.3482], [94.5232, 27.3316], [94.5279, 27.3068], [94.5385, 27.3068], [94.5539, 27.3175], [94.561, 27.3257], [94.5693, 27.3175], [94.5846, 27.2974], [94.5981, 27.2861], [94.5867, 27.2706], [94.5861, 27.2627], [94.5887, 27.2545], [94.5871, 27.2445], [94.5786, 27.2194], [94.5811, 27.2141], [94.5815, 27.2062], [94.5794, 27.1966], [94.5693, 27.1828], [94.5621, 27.1856], [94.562, 27.1778], [94.5466, 27.1752], [94.5246, 27.1628], [94.5305, 27.1576], [94.533, 27.1506], [94.5285, 27.1457], [94.5138, 27.1459], [94.5121, 27.1442], [94.5086, 27.1246], [94.5035, 27.1242], [94.4933, 27.1267], [94.4906, 27.1313], [94.4903, 27.1374], [94.4836, 27.1417], [94.4778, 27.1394], [94.4741, 27.1354], [94.4741, 27.1261], [94.47, 27.1184], [94.4618, 27.1155], [94.4573, 27.1189], [94.4383, 27.1233], [94.4319, 27.1208], [94.4274, 27.1163], [94.4278, 27.104], [94.4243, 27.0993], [94.4178, 27.0949], [94.3923, 27.1016], [94.3834, 27.0993], [94.3673, 27.1016], [94.3583, 27.0965], [94.3519, 27.0896], [94.3455, 27.0866], [94.3371, 27.0851], [94.3238, 27.0913], [94.3162, 27.0767], [94.3128, 27.0739], [94.3076, 27.0762], [94.3026, 27.084], [94.2966, 27.0896], [94.2812, 27.099], [94.2661, 27.096], [94.2534, 27.0887], [94.2381, 27.077], [94.2303, 27.063], [94.2233, 27.0418], [94.2258, 27.0394], [94.2245, 27.0357], [94.2188, 27.0339], [94.2025, 27.0328], [94.1945, 27.0409], [94.1898, 27.0394], [94.1868, 27.0319], [94.1916, 27.0198], [94.1919, 27.0146], [94.1858, 27.0043], [94.181, 27.0009], [94.1781, 27.003], [94.1699, 27.001], [94.1587, 27.0027], [94.1543, 26.9975], [94.1373, 26.9932], [94.1402, 26.9799], [94.1387, 26.976], [94.134, 26.973], [94.1111, 26.9738], [94.0861, 26.9643], [94.0777, 26.964], [94.0675, 26.9814], [94.0598, 26.9839], [94.0527, 26.9828], [94.0435, 26.9774], [94.0407, 26.9712], [94.0275, 26.9598], [94.0266, 26.9508], [94.0292, 26.9382], [94.0256, 26.9336], [94.0125, 26.9311], [94.007, 26.9382], [93.9985, 26.9435], [93.9866, 26.9311], [93.9752, 26.927], [93.9351, 26.9329], [93.9228, 26.93], [93.9179, 26.9254], [93.9185, 26.9118], [93.8925, 26.894], [93.8965, 26.8824], [93.8972, 26.8753], [93.8927, 26.8682], [93.8793, 26.8588], [93.8567, 26.861], [93.8487, 26.8556], [93.842, 26.8555], [93.8369, 26.8438], [93.8252, 26.8286], [93.8202, 26.8266], [93.8069, 26.8263], [93.7893, 26.8335], [93.7722, 26.847], [93.773, 26.8526], [93.7799, 26.8546], [93.7889, 26.8608], [93.7819, 26.8762], [93.7794, 26.8878], [93.7746, 26.8915], [93.7488, 26.8974], [93.7448, 26.9037], [93.7434, 26.911], [93.7481, 26.9154], [93.7508, 26.9221], [93.7452, 26.9403], [93.7462, 26.951], [93.7431, 26.9615], [93.7372, 26.9675], [93.7276, 26.9725], [93.7256, 26.9778], [93.7032, 26.9882], [93.7016, 26.9926], [93.6983, 26.9948], [93.7057, 27.0037], [93.7045, 27.0066], [93.7056, 27.0083], [93.7189, 27.0192], [93.7685, 27.0433], [93.7682, 27.0555], [93.7718, 27.0555], [93.7724, 27.0623], [93.7737, 27.0624], [93.7779, 27.0528], [93.7832, 27.0672], [93.7861, 27.0554], [93.7912, 27.0546], [93.794, 27.0577], [93.7971, 27.0709], [93.8021, 27.0618], [93.8049, 27.0613], [93.8085, 27.0626], [93.8102, 27.0681], [93.8129, 27.0707], [93.8157, 27.0655], [93.8188, 27.0649], [93.8229, 27.0683], [93.8246, 27.0722], [93.8282, 27.069], [93.829, 27.0721], [93.835, 27.075], [93.8367, 27.0782], [93.8344, 27.0828], [93.8362, 27.0865], [93.833, 27.0876], [93.8266, 27.0994], [93.8272, 27.1119], [93.8255, 27.1193], [93.822, 27.122], [93.8132, 27.1238], [93.8114, 27.1263], [93.8139, 27.1286], [93.8135, 27.132], [93.8058, 27.1348], [93.8002, 27.1326], [93.7978, 27.136], [93.8014, 27.1379], [93.8056, 27.1378], [93.8086, 27.1518], [93.817, 27.1582], [93.8267, 27.1694], [93.8399, 27.1735], [93.8575, 27.1911], [93.8674, 27.1988], [93.8856, 27.2244], [93.893, 27.231], [93.901, 27.2415], [93.9339, 27.2683], [93.9565, 27.2948], [93.9809, 27.3138], [93.9902, 27.3246], [94.0007, 27.3301], [94.0, 27.3347], [94.0258, 27.3477], [94.0301, 27.348], [94.0416, 27.3533], [94.0548, 27.3628], [94.0609, 27.3636], [94.0863, 27.4046], [94.0933, 27.4109], [94.1065, 27.4181], [94.1171, 27.431], [94.1408, 27.4485], [94.1602, 27.4665], [94.1572, 27.478], [94.1679, 27.4842], [94.1747, 27.4841], [94.1869, 27.4908], [94.1912, 27.4963], [94.2107, 27.4979]]]]}}, {"type": "Feature", "properties": {"GID_2": "IND.4.21_1", "GID_0": "IND", "COUNTRY": "India", "GID_1": "IND.4_1", "NAME_1": "Assam", "NL_NAME_1": "NA", "NAME_2": "Morigaon", "VARNAME_2": "NA", "NL_NAME_2": "NA", "TYPE_2": "District", "ENGTYPE_2": "District", "CC_2": "NA", "HASC_2": "IN.AS.MA"}, "geometry": {"type": "MultiPolygon", "coordinates": [[[[91.9534, 26.255], [91.9818, 26.2762], [91.9895, 26.2703], [92.0148, 26.2813], [92.022, 26.2742], [92.0303, 26.2712], [92.043, 26.2769], [92.0561, 26.2942], [92.0628, 26.3095], [92.0735, 26.3157], [92.0836, 26.3384], [92.1013, 26.3446], [92.1062, 26.358], [92.1245, 26.3723], [92.1285, 26.3815], [92.1415, 26.4], [92.1625, 26.4184], [92.1789, 26.4245], [92.1869, 26.425], [92.2018, 26.4224], [92.2111, 26.4164], [92.22, 26.4184], [92.2368, 26.4322], [92.241, 26.4431], [92.2472, 26.4492], [92.2548, 26.4529], [92.2714, 26.453], [92.2796, 26.4555], [92.2888, 26.4611], [92.3151, 26.4888], [92.3439, 26.5038], [92.3453, 26.5075], [92.3631, 26.5069], [92.3832, 26.5187], [92.3891, 26.5161], [92.4138, 26.517], [92.4296, 26.4933], [92.445, 26.4745], [92.4535, 26.4591], [92.4535, 26.442], [92.4467, 26.4274], [92.445, 26.4009], [92.4518, 26.3846], [92.4647, 26.3743], [92.4818, 26.3683], [92.5006, 26.3718], [92.5623, 26.3923], [92.5674, 26.3812], [92.5648, 26.3615], [92.5494, 26.3409], [92.5417, 26.3118], [92.54, 26.2955], [92.516, 26.2878], [92.4972, 26.287], [92.451, 26.2639], [92.4398, 26.2399], [92.4398, 26.1919], [92.4296, 26.1722], [92.427, 26.1534], [92.4109, 26.1376], [92.3898, 26.1425], [92.3862, 26.1415], [92.3774, 26.1335], [92.3717, 26.1325], [92.3686, 26.1223], [92.3557, 26.112], [92.3438, 26.1086], [92.3451, 26.1047], [92.3311, 26.0988], [92.326, 26.0981], [92.3182, 26.0931], [92.3142, 26.0886], [92.3123, 26.0834], [92.3123, 26.076], [92.3073, 26.0797], [92.3016, 26.0765], [92.296, 26.0789], [92.29, 26.0738], [92.2881, 26.07], [92.2807, 26.0692], [92.2737, 26.065], [92.2686, 26.0679], [92.2657, 26.0654], [92.2412, 26.0625], [92.2283, 26.0676], [92.212, 26.071], [92.2088, 26.0707], [92.2083, 26.0686], [92.2018, 26.07], [92.1894, 26.0669], [92.1883, 26.0689], [92.1823, 26.0703], [92.1804, 26.0685], [92.1789, 26.0692], [92.1809, 26.0762], [92.1738, 26.0833], [92.1682, 26.0933], [92.1721, 26.1026], [92.17, 26.117], [92.1646, 26.1352], [92.1628, 26.1498], [92.1672, 26.1586], [92.1681, 26.1649], [92.1629, 26.165], [92.1563, 26.1687], [92.1518, 26.1628], [92.1472, 26.1641], [92.1323, 26.175], [92.1296, 26.18], [92.1227, 26.1798], [92.115, 26.1775], [92.1086, 26.1726], [92.0936, 26.1774], [92.0816, 26.1791], [92.0918, 26.1842], [92.0934, 26.1862], [92.0921, 26.1893], [92.09, 26.19], [92.084, 26.1864], [92.0815, 26.1871], [92.0773, 26.1966], [92.061, 26.1986], [92.0461, 26.2148], [92.0459, 26.2056], [92.0436, 26.2008], [92.0405, 26.2008], [92.0365, 26.2062], [92.0321, 26.2091], [92.0283, 26.2081], [92.024, 26.2019], [92.0145, 26.2066], [92.0081, 26.2058], [92.0042, 26.2036], [91.9974, 26.2058], [91.9669, 26.226], [91.9594, 26.229], [91.9557, 26.2366], [91.9574, 26.2492], [91.9534, 26.255]]]]}}, {"type": "Feature", "properties": {"GID_2": "IND.4.22_1", "GID_0": "IND", "COUNTRY": "India", "GID_1": "IND.4_1", "NAME_1": "Assam", "NL_NAME_1": "NA", "NAME_2": "Nagaon", "VARNAME_2": "Nowgong", "NL_NAME_2": "NA", "TYPE_2": "District", "ENGTYPE_2": "District", "CC_2": "NA", "HASC_2": "IN.AS.NG"}, "geometry": {"type": "MultiPolygon", "coordinates": [[[[93.1446, 25.716], [93.15, 25.7327], [93.1506, 25.7406], [93.1474, 25.7405], [93.1298, 25.7532], [93.1318, 25.7591], [93.131, 25.7643], [93.1244, 25.7655], [93.1099, 25.7739], [93.1084, 25.7772], [93.1024, 25.7759], [93.0994, 25.7772], [93.0875, 25.7746], [93.0809, 25.7662], [93.0749, 25.7697], [93.0705, 25.7699], [93.0692, 25.7734], [93.0742, 25.7794], [93.0775, 25.7797], [93.0773, 25.7847], [93.0628, 25.7867], [93.0483, 25.7975], [93.034, 25.8113], [93.0159, 25.8348], [93.0121, 25.8419], [93.0111, 25.8488], [92.9991, 25.8569], [92.9863, 25.8779], [92.9651, 25.8773], [92.9037, 25.8686], [92.8941, 25.8681], [92.8896, 25.8697], [92.8881, 25.8722], [92.871, 25.869], [92.8664, 25.8815], [92.8566, 25.8915], [92.8484, 25.9073], [92.8581, 25.9244], [92.8505, 25.9255], [92.8366, 25.9158], [92.8228, 25.925], [92.8195, 25.9257], [92.8126, 25.9238], [92.8092, 25.9205], [92.804, 25.9211], [92.799, 25.9313], [92.7931, 25.9389], [92.7935, 25.9413], [92.7968, 25.9441], [92.7972, 25.9566], [92.8008, 25.9577], [92.8082, 25.9565], [92.8082, 25.9597], [92.8052, 25.9628], [92.7989, 25.9655], [92.791, 25.9613], [92.7814, 25.9529], [92.7752, 25.9524], [92.7698, 25.9552], [92.7644, 25.9642], [92.7639, 25.9665], [92.7688, 25.9788], [92.7676, 25.9868], [92.7712, 25.9906], [92.7671, 25.9918], [92.7635, 25.9904], [92.7626, 25.9925], [92.7668, 25.9955], [92.7758, 25.9962], [92.7794, 25.9991], [92.7766, 26.0019], [92.7643, 26.0003], [92.7619, 26.0013], [92.7618, 26.0065], [92.7662, 26.0089], [92.7822, 26.0105], [92.7834, 26.0119], [92.7788, 26.0169], [92.7722, 26.0181], [92.7605, 26.0171], [92.7589, 26.0188], [92.7642, 26.0325], [92.7598, 26.0358], [92.7588, 26.039], [92.7506, 26.0407], [92.748, 26.0427], [92.7553, 26.0548], [92.7513, 26.0634], [92.718, 26.0589], [92.713, 26.0513], [92.7114, 26.0454], [92.7126, 26.0404], [92.7165, 26.0379], [92.7176, 26.0334], [92.7145, 26.0297], [92.7159, 26.0237], [92.7126, 26.0204], [92.71, 26.0217], [92.7086, 26.0205], [92.7065, 26.0227], [92.7026, 26.0206], [92.6986, 26.0224], [92.6951, 26.0212], [92.6831, 26.029], [92.6827, 26.0268], [92.6793, 26.0279], [92.6756, 26.0268], [92.6694, 26.0303], [92.6571, 26.0215], [92.6602, 26.0084], [92.657, 26.0009], [92.6406, 25.9989], [92.6363, 25.9941], [92.6357, 25.9912], [92.6226, 25.9866], [92.614, 25.9796], [92.6068, 25.977], [92.5994, 25.9777], [92.5923, 25.9667], [92.58, 25.9669], [92.5718, 25.9628], [92.5588, 25.9661], [92.5507, 25.9722], [92.5714, 26.0029], [92.5714, 26.0056], [92.5681, 26.0086], [92.5713, 26.0139], [92.5784, 26.0186], [92.5932, 26.024], [92.5941, 26.0279], [92.5866, 26.0297], [92.583, 26.0322], [92.5816, 26.0369], [92.5847, 26.0444], [92.5858, 26.0559], [92.5964, 26.0706], [92.5976, 26.0783], [92.5917, 26.0859], [92.5819, 26.0916], [92.5773, 26.0963], [92.5775, 26.1121], [92.5742, 26.1158], [92.5666, 26.1172], [92.5548, 26.1154], [92.5459, 26.1097], [92.5455, 26.1068], [92.5386, 26.0996], [92.5344, 26.0977], [92.5321, 26.1026], [92.5217, 26.1037], [92.5204, 26.1065], [92.5205, 26.1157], [92.5228, 26.1224], [92.522, 26.1264], [92.5288, 26.1449], [92.5263, 26.1501], [92.5211, 26.1521], [92.5096, 26.1431], [92.505, 26.1483], [92.4982, 26.1508], [92.4918, 26.151], [92.4765, 26.1436], [92.4748, 26.1475], [92.4693, 26.1482], [92.4584, 26.1364], [92.4524, 26.136], [92.4422, 26.1238], [92.4348, 26.1234], [92.43, 26.1122], [92.42, 26.1204], [92.4042, 26.1196], [92.4063, 26.1243], [92.4056, 26.1269], [92.4109, 26.131], [92.4131, 26.1352], [92.4109, 26.1376], [92.427, 26.1534], [92.4296, 26.1722], [92.4398, 26.1919], [92.4398, 26.2399], [92.451, 26.2639], [92.4972, 26.287], [92.516, 26.2878], [92.54, 26.2955], [92.5417, 26.3118], [92.5494, 26.3409], [92.5648, 26.3615], [92.5674, 26.3812], [92.5623, 26.3923], [92.5006, 26.3718], [92.4818, 26.3683], [92.4647, 26.3743], [92.4518, 26.3846], [92.445, 26.4009], [92.445, 26.4146], [92.4467, 26.4274], [92.4535, 26.442], [92.4535, 26.4591], [92.445, 26.4745], [92.4296, 26.4933], [92.4138, 26.517], [92.442, 26.5219], [92.4511, 26.5202], [92.4539, 26.5091], [92.4576, 26.5043], [92.4647, 26.4993], [92.473, 26.4972], [92.4797, 26.4984], [92.4925, 26.5044], [92.5266, 26.5111], [92.5344, 26.5108], [92.5564, 26.5068], [92.567, 26.5032], [92.5787, 26.5019], [92.604, 26.5104], [92.6335, 26.5181], [92.6547, 26.5199], [92.6639, 26.5222], [92.6726, 26.5188], [92.6821, 26.5112], [92.6856, 26.5106], [92.6895, 26.5127], [92.7033, 26.5277], [92.7101, 26.5327], [92.715, 26.5354], [92.7248, 26.5372], [92.7268, 26.5341], [92.728, 26.5229], [92.7402, 26.5167], [92.7535, 26.5139], [92.7559, 26.5155], [92.7575, 26.5271], [92.7631, 26.534], [92.7667, 26.5494], [92.7715, 26.5583], [92.8, 26.5607], [92.8238, 26.5771], [92.8405, 26.5854], [92.8501, 26.5874], [92.8691, 26.5845], [92.8946, 26.5977], [92.9093, 26.5961], [92.9174, 26.5982], [92.9223, 26.6004], [92.9387, 26.6178], [92.9516, 26.6208], [92.9637, 26.6207], [92.9887, 26.6156], [92.998, 26.6056], [93.0071, 26.6006], [93.0397, 26.5965], [93.0725, 26.597], [93.1056, 26.5783], [93.1137, 26.577], [93.1226, 26.58], [93.1603, 26.6014], [93.1719, 26.6123], [93.1939, 26.618], [93.2164, 26.6282], [93.2294, 26.6472], [93.2333, 26.6683], [93.2377, 26.677], [93.2451, 26.6864], [93.2514, 26.688], [93.2647, 26.6844], [93.274, 26.6853], [93.2886, 26.6899], [93.2904, 26.6978], [93.2967, 26.7011], [93.3075, 26.7009], [93.3091, 26.6942], [93.3171, 26.6882], [93.3173, 26.6837], [93.32, 26.6816], [93.3099, 26.6716], [93.3113, 26.666], [93.3207, 26.6598], [93.3198, 26.6519], [93.3149, 26.6429], [93.3097, 26.6394], [93.2909, 26.6398], [93.2867, 26.6377], [93.3007, 26.6077], [93.2943, 26.5912], [93.2948, 26.5889], [93.3048, 26.5834], [93.3029, 26.5811], [93.2961, 26.581], [93.2865, 26.574], [93.2752, 26.5753], [93.263, 26.5703], [93.2523, 26.5709], [93.2503, 26.5662], [93.2391, 26.5579], [93.2381, 26.5544], [93.2395, 26.5519], [93.259, 26.5533], [93.2606, 26.5517], [93.2503, 26.5478], [93.2516, 26.5454], [93.2552, 26.5462], [93.2643, 26.5403], [93.2656, 26.5361], [93.2589, 26.5355], [93.2594, 26.5333], [93.2673, 26.5337], [93.2721, 26.5433], [93.2748, 26.5462], [93.2775, 26.5448], [93.2762, 26.5338], [93.2708, 26.5301], [93.2746, 26.5255], [93.2794, 26.523], [93.2906, 26.5233], [93.2987, 26.511], [93.2981, 26.5065], [93.2937, 26.5052], [93.2901, 26.5112], [93.2867, 26.512], [93.2878, 26.5184], [93.2857, 26.5193], [93.2781, 26.5176], [93.2746, 26.515], [93.2763, 26.5095], [93.2679, 26.5086], [93.2681, 26.5124], [93.2729, 26.5156], [93.2744, 26.5216], [93.2586, 26.524], [93.2502, 26.5236], [93.2461, 26.5332], [93.2359, 26.538], [93.2321, 26.5364], [93.2226, 26.5394], [93.2204, 26.5306], [93.2137, 26.5316], [93.2132, 26.5294], [93.2197, 26.5253], [93.2194, 26.5224], [93.2145, 26.5239], [93.2127, 26.5221], [93.2178, 26.51], [93.2144, 26.5098], [93.2098, 26.5124], [93.2087, 26.5206], [93.2054, 26.5283], [93.2004, 26.5366], [93.1959, 26.5382], [93.1904, 26.5335], [93.1651, 26.5243], [93.1623, 26.527], [93.1761, 26.5332], [93.1825, 26.5373], [93.1851, 26.5412], [93.1938, 26.5445], [93.1976, 26.543], [93.2011, 26.5455], [93.2123, 26.5588], [93.2073, 26.5641], [93.1987, 26.5684], [93.1875, 26.5702], [93.1706, 26.5561], [93.1564, 26.5502], [93.1524, 26.552], [93.1486, 26.558], [93.1444, 26.5564], [93.1381, 26.5499], [93.1364, 26.5433], [93.1196, 26.5387], [93.1223, 26.5349], [93.1193, 26.5317], [93.106, 26.5335], [93.1035, 26.5365], [93.105, 26.5403], [93.0917, 26.5459], [93.0869, 26.5443], [93.0775, 26.5454], [93.062, 26.5442], [93.0452, 26.5379], [93.0463, 26.5324], [93.0507, 26.5289], [93.0457, 26.5284], [93.0405, 26.5198], [93.0346, 26.5154], [93.0136, 26.5066], [93.0127, 26.4997], [93.007, 26.4962], [93.0105, 26.4897], [93.0107, 26.4846], [93.0156, 26.4802], [93.0209, 26.48], [93.0487, 26.4904], [93.0704, 26.4918], [93.0705, 26.4959], [93.0682, 26.4988], [93.0701, 26.5029], [93.0743, 26.495], [93.0775, 26.4968], [93.0807, 26.4961], [93.0915, 26.5026], [93.0941, 26.4993], [93.0857, 26.496], [93.0813, 26.4903], [93.0673, 26.4855], [93.0662, 26.4801], [93.0775, 26.4789], [93.0786, 26.4721], [93.0815, 26.4736], [93.0919, 26.4709], [93.0936, 26.4675], [93.0909, 26.4651], [93.0914, 26.4617], [93.0943, 26.4617], [93.1005, 26.4652], [93.1043, 26.4625], [93.1048, 26.4665], [93.1089, 26.4695], [93.1057, 26.4734], [93.1008, 26.475], [93.1067, 26.4769], [93.107, 26.4789], [93.1154, 26.4866], [93.1187, 26.4873], [93.1203, 26.4825], [93.1227, 26.4844], [93.1233, 26.4867], [93.1198, 26.4966], [93.1269, 26.4998], [93.128, 26.4977], [93.1248, 26.4951], [93.1308, 26.4905], [93.1337, 26.492], [93.1293, 26.4869], [93.1309, 26.4832], [93.1386, 26.4896], [93.1389, 26.4866], [93.1334, 26.4798], [93.1139, 26.4746], [93.1131, 26.4722], [93.1238, 26.4709], [93.13, 26.4671], [93.1276, 26.4658], [93.1268, 26.4629], [93.1243, 26.4637], [93.1222, 26.4606], [93.108, 26.4519], [93.1094, 26.4494], [93.1125, 26.4501], [93.114, 26.4488], [93.1122, 26.4469], [93.1126, 26.4447], [93.1149, 26.4451], [93.1173, 26.4432], [93.1099, 26.4409], [93.1007, 26.4349], [93.1, 26.4376], [93.1076, 26.4437], [93.1078, 26.4453], [93.1019, 26.4491], [93.0892, 26.4417], [93.0748, 26.4364], [93.0716, 26.4335], [93.0735, 26.4319], [93.0795, 26.4315], [93.0918, 26.4368], [93.0961, 26.4371], [93.0946, 26.4353], [93.0891, 26.4339], [93.0767, 26.4231], [93.0712, 26.4227], [93.0712, 26.4256], [93.0696, 26.4264], [93.0662, 26.4192], [93.0509, 26.4172], [93.0505, 26.4234], [93.0547, 26.422], [93.0553, 26.4268], [93.0528, 26.4365], [93.0477, 26.437], [93.0456, 26.44], [93.031, 26.4266], [93.0231, 26.4239], [93.0172, 26.4234], [93.0046, 26.4282], [92.9932, 26.4226], [92.9859, 26.4208], [92.9797, 26.4238], [92.9722, 26.418], [92.9639, 26.416], [92.9607, 26.4115], [92.9518, 26.406], [92.9505, 26.3988], [92.9429, 26.4044], [92.9407, 26.4043], [92.913, 26.3947], [92.9128, 26.3983], [92.9073, 26.3958], [92.9057, 26.4015], [92.9035, 26.4016], [92.8978, 26.3906], [92.8964, 26.3892], [92.8935, 26.392], [92.8917, 26.3915], [92.8902, 26.3868], [92.8843, 26.3842], [92.8836, 26.3817], [92.8942, 26.3852], [92.9045, 26.3851], [92.908, 26.3808], [92.9179, 26.3816], [92.9215, 26.3846], [92.9272, 26.3828], [92.9198, 26.3758], [92.9187, 26.3705], [92.9135, 26.3647], [92.9124, 26.3597], [92.9147, 26.3569], [92.9239, 26.3579], [92.9332, 26.3544], [92.9418, 26.3533], [92.946, 26.3384], [92.9425, 26.3292], [92.9215, 26.3156], [92.9181, 26.3182], [92.9153, 26.3181], [92.9003, 26.3101], [92.8944, 26.304], [92.8965, 26.2985], [92.8942, 26.2931], [92.8828, 26.288], [92.8618, 26.2963], [92.855, 26.3015], [92.8562, 26.3031], [92.8548, 26.3047], [92.8486, 26.3067], [92.8435, 26.2987], [92.8398, 26.2829], [92.8303, 26.273], [92.8231, 26.2732], [92.8228, 26.267], [92.8203, 26.2675], [92.8167, 26.2407], [92.8177, 26.2362], [92.8263, 26.2327], [92.8275, 26.2259], [92.8193, 26.2174], [92.8106, 26.2184], [92.798, 26.2239], [92.7958, 26.2086], [92.8017, 26.2045], [92.8229, 26.2086], [92.8277, 26.2071], [92.8424, 26.2081], [92.8501, 26.2039], [92.8609, 26.2048], [92.8829, 26.2108], [92.9094, 26.2041], [92.9276, 26.2058], [92.9321, 26.2034], [92.9429, 26.2033], [92.954, 26.1903], [92.9569, 26.176], [92.9563, 26.172], [92.9493, 26.1648], [92.9489, 26.1614], [92.9425, 26.1547], [92.9352, 26.153], [92.934, 26.1491], [92.9314, 26.1476], [92.9329, 26.1436], [92.9363, 26.1408], [92.9447, 26.1387], [92.9589, 26.1414], [92.9691, 26.1311], [92.9731, 26.132], [92.9821, 26.13], [92.9987, 26.1234], [93.0028, 26.1179], [93.0062, 26.1175], [93.0105, 26.1139], [93.0152, 26.1155], [93.0223, 26.1144], [93.0229, 26.1104], [93.0292, 26.107], [93.0377, 26.1093], [93.0361, 26.1055], [93.0398, 26.0992], [93.0389, 26.0928], [93.0448, 26.0887], [93.0496, 26.0899], [93.0536, 26.0882], [93.0578, 26.0909], [93.058, 26.0888], [93.0627, 26.084], [93.0652, 26.085], [93.0695, 26.0827], [93.0698, 26.0853], [93.0729, 26.0849], [93.0733, 26.0871], [93.0773, 26.086], [93.0791, 26.0822], [93.0829, 26.0813], [93.0819, 26.0838], [93.0858, 26.0867], [93.0855, 26.0828], [93.0876, 26.0803], [93.0922, 26.082], [93.0906, 26.0785], [93.0914, 26.0774], [93.0997, 26.0798], [93.1044, 26.0774], [93.1072, 26.0779], [93.1072, 26.073], [93.0955, 26.0349], [93.109, 26.0376], [93.1186, 26.0374], [93.1244, 26.0343], [93.1306, 26.0256], [93.142, 26.0203], [93.1447, 26.0167], [93.1464, 26.0098], [93.1524, 26.0034], [93.1539, 25.9978], [93.1593, 25.9935], [93.1576, 25.9833], [93.1611, 25.9778], [93.1611, 25.9689], [93.1664, 25.9591], [93.1725, 25.9569], [93.1744, 25.953], [93.174, 25.9481], [93.1776, 25.9434], [93.1872, 25.9054], [93.1911, 25.9], [93.207, 25.8863], [93.2229, 25.8663], [93.2362, 25.8563], [93.2381, 25.8496], [93.2447, 25.84], [93.2473, 25.8222], [93.2456, 25.8178], [93.2479, 25.8127], [93.2508, 25.8109], [93.2512, 25.8], [93.249, 25.7927], [93.2516, 25.7899], [93.2501, 25.7846], [93.2412, 25.7732], [93.2409, 25.7693], [93.2347, 25.7672], [93.2334, 25.7618], [93.2342, 25.7507], [93.2277, 25.7346], [93.2225, 25.7285], [93.2094, 25.7314], [93.1845, 25.7327], [93.1771, 25.7281], [93.1695, 25.72], [93.1446, 25.716]]]]}}, {"type": "Feature", "properties": {"GID_2": "IND.4.23_1", "GID_0": "IND", "COUNTRY": "India", "GID_1": "IND.4_1", "NAME_1": "Assam", "NL_NAME_1": "NA", "NAME_2": "Nalbari", "VARNAME_2": "NA", "NL_NAME_2": "NA", "TYPE_2": "District", "ENGTYPE_2": "District", "CC_2": "NA", "HASC_2": "IN.AS.NB"}, "geometry": {"type": "MultiPolygon", "coordinates": [[[[91.2912, 26.5761], [91.2997, 26.5813], [91.3065, 26.5822], [91.3103, 26.5792], [91.311, 26.5736], [91.3066, 26.5584], [91.2949, 26.5454], [91.2938, 26.5366], [91.2984, 26.5221], [91.2965, 26.5117], [91.2926, 26.5089], [91.2928, 26.5045], [91.2983, 26.4966], [91.3053, 26.4928], [91.3136, 26.4922], [91.3299, 26.4924], [91.3434, 26.4978], [91.3497, 26.5034], [91.3508, 26.5155], [91.3547, 26.5208], [91.3627, 26.5244], [91.3741, 26.5277], [91.4048, 26.5296], [91.413, 26.5351], [91.4173, 26.5423], [91.4191, 26.5488], [91.4467, 26.5604], [91.455, 26.5775], [91.4625, 26.5817], [91.4715, 26.5793], [91.4746, 26.5755], [91.4737, 26.5725], [91.4789, 26.5658], [91.4815, 26.5567], [91.49, 26.5422], [91.4986, 26.5313], [91.5088, 26.5356], [91.5158, 26.5439], [91.5237, 26.5428], [91.5233, 26.5525], [91.5322, 26.5624], [91.5304, 26.5692], [91.5359, 26.5721], [91.5402, 26.5721], [91.5465, 26.5763], [91.5539, 26.5772], [91.57, 26.5726], [91.5828, 26.5722], [91.5917, 26.5658], [91.5938, 26.5614], [91.5954, 26.5551], [91.5875, 26.556], [91.5844, 26.553], [91.5861, 26.5408], [91.5814, 26.5379], [91.5811, 26.5319], [91.5782, 26.5271], [91.5727, 26.5243], [91.5584, 26.5213], [91.5557, 26.5149], [91.5591, 26.5011], [91.5605, 26.4844], [91.5562, 26.4804], [91.5514, 26.4714], [91.5536, 26.4564], [91.5636, 26.4341], [91.5614, 26.4253], [91.5584, 26.4228], [91.5584, 26.4173], [91.5513, 26.4153], [91.547, 26.4176], [91.5412, 26.4174], [91.5394, 26.4148], [91.5435, 26.4074], [91.5401, 26.4015], [91.5327, 26.3939], [91.5329, 26.3895], [91.5246, 26.3789], [91.5255, 26.3749], [91.532, 26.3742], [91.5353, 26.3715], [91.5256, 26.3624], [91.5217, 26.3563], [91.5188, 26.3495], [91.5182, 26.3433], [91.5205, 26.3395], [91.5312, 26.3374], [91.5333, 26.3345], [91.5168, 26.3282], [91.5072, 26.327], [91.5049, 26.3227], [91.4964, 26.3239], [91.4911, 26.3199], [91.456, 26.3189], [91.4471, 26.3138], [91.448, 26.3123], [91.455, 26.312], [91.4509, 26.3083], [91.449, 26.3039], [91.4505, 26.2735], [91.4375, 26.2606], [91.4173, 26.2658], [91.4122, 26.2614], [91.4101, 26.253], [91.4126, 26.2459], [91.428, 26.2434], [91.4303, 26.2418], [91.4306, 26.238], [91.4245, 26.237], [91.4226, 26.2338], [91.4203, 26.2275], [91.4183, 26.2104], [91.4158, 26.205], [91.4118, 26.2036], [91.4123, 26.1982], [91.4185, 26.1826], [91.4191, 26.1731], [91.4129, 26.1371], [91.4064, 26.1383], [91.3968, 26.1375], [91.3907, 26.1401], [91.369, 26.1574], [91.3555, 26.1652], [91.3428, 26.1635], [91.3389, 26.166], [91.3354, 26.1661], [91.3302, 26.1627], [91.3079, 26.1616], [91.2965, 26.1583], [91.2543, 26.1639], [91.2293, 26.1777], [91.2335, 26.1829], [91.239, 26.1814], [91.2406, 26.1925], [91.2483, 26.1998], [91.2415, 26.2041], [91.2349, 26.2125], [91.2281, 26.2154], [91.2189, 26.2165], [91.2146, 26.2215], [91.2188, 26.2256], [91.2263, 26.242], [91.2379, 26.2522], [91.2393, 26.2573], [91.2366, 26.2618], [91.2333, 26.2629], [91.2185, 26.2612], [91.2152, 26.2686], [91.2269, 26.2815], [91.2373, 26.2779], [91.2507, 26.2833], [91.2605, 26.2913], [91.2522, 26.296], [91.2505, 26.2998], [91.2536, 26.3022], [91.2607, 26.3029], [91.255, 26.3115], [91.2583, 26.3167], [91.2626, 26.316], [91.2695, 26.3282], [91.2662, 26.3368], [91.2686, 26.3405], [91.2758, 26.3415], [91.2771, 26.3551], [91.2707, 26.3622], [91.2793, 26.3705], [91.2781, 26.3731], [91.2615, 26.3684], [91.2476, 26.3678], [91.2475, 26.3735], [91.239, 26.3823], [91.2399, 26.3868], [91.2341, 26.3928], [91.2384, 26.4038], [91.2363, 26.4171], [91.2318, 26.4246], [91.2321, 26.4404], [91.2374, 26.4494], [91.2377, 26.4557], [91.2507, 26.4675], [91.2655, 26.4878], [91.2658, 26.4937], [91.2623, 26.4986], [91.2578, 26.5039], [91.247, 26.5104], [91.2499, 26.5352], [91.2536, 26.5381], [91.2549, 26.5415], [91.2617, 26.5442], [91.2657, 26.5438], [91.2647, 26.5474], [91.2679, 26.5474], [91.2674, 26.5518], [91.2726, 26.5515], [91.2905, 26.5629], [91.2906, 26.5671], [91.2935, 26.57], [91.2912, 26.5761]]]]}}, {"type": "Feature", "properties": {"GID_2": "IND.4.24_1", "GID_0": "IND", "COUNTRY": "India", "GID_1": "IND.4_1", "NAME_1": "Assam", "NL_NAME_1": "NA", "NAME_2": "Sivasagar", "VARNAME_2": "Sivasagar", "NL_NAME_2": "NA", "TYPE_2": "District", "ENGTYPE_2": "District", "CC_2": "NA", "HASC_2": "IN.AS.SI"}, "geometry": {"type": "MultiPolygon", "coordinates": [[[[95.3713, 27.1114], [95.3665, 27.1129], [95.3486, 27.1048], [95.3233, 27.0896], [95.3132, 27.0867], [95.3097, 27.0811], [95.2879, 27.0663], [95.2778, 27.0568], [95.2794, 27.0539], [95.2776, 27.0498], [95.2667, 27.0404], [95.2626, 27.041], [95.2599, 27.039], [95.2607, 27.0373], [95.2482, 27.0303], [95.2437, 27.0342], [95.2379, 27.0432], [95.2309, 27.0457], [95.2321, 27.0429], [95.2295, 27.0402], [95.226, 27.0423], [95.2226, 27.0409], [95.2197, 27.0368], [95.2138, 27.0335], [95.2077, 27.0348], [95.2038, 27.043], [95.2009, 27.0423], [95.1985, 27.0444], [95.1955, 27.0429], [95.1545, 27.006], [95.1495, 26.9998], [95.1428, 26.9983], [95.1264, 26.9869], [95.1169, 26.9837], [95.11, 26.9669], [95.0869, 26.9527], [95.0653, 26.9482], [95.0546, 26.9409], [95.038, 26.9385], [95.0286, 26.9325], [95.0213, 26.9254], [94.9995, 26.9243], [94.9931, 26.9262], [94.9912, 26.9229], [94.9921, 26.9184], [94.9857, 26.9182], [94.9797, 26.9246], [94.9707, 26.9284], [94.9642, 26.9406], [94.9573, 26.9436], [94.9386, 26.938], [94.9336, 26.9385], [94.9282, 26.9521], [94.9139, 26.9426], [94.9013, 26.9403], [94.8945, 26.9373], [94.8862, 26.9325], [94.8696, 26.915], [94.8686, 26.9099], [94.8653, 26.9069], [94.8515, 26.8813], [94.8458, 26.8768], [94.8388, 26.874], [94.8323, 26.8627], [94.8211, 26.8545], [94.8211, 26.8449], [94.8167, 26.8415], [94.8131, 26.8248], [94.8067, 26.8212], [94.7966, 26.8185], [94.8054, 26.8122], [94.8022, 26.8061], [94.7856, 26.7986], [94.7731, 26.795], [94.7691, 26.7911], [94.7683, 26.7834], [94.7624, 26.7799], [94.7593, 26.7741], [94.7564, 26.7723], [94.7507, 26.7797], [94.7458, 26.7821], [94.7424, 26.7786], [94.7417, 26.7736], [94.7365, 26.7674], [94.7114, 26.7528], [94.6866, 26.7326], [94.6534, 26.7236], [94.6403, 26.724], [94.6283, 26.7186], [94.6227, 26.7195], [94.6211, 26.7212], [94.6201, 26.7267], [94.6174, 26.7306], [94.6119, 26.7327], [94.6101, 26.7401], [94.5999, 26.7377], [94.5952, 26.7299], [94.5858, 26.7306], [94.5823, 26.737], [94.584, 26.7405], [94.5734, 26.7481], [94.5756, 26.7567], [94.5668, 26.7532], [94.5628, 26.7555], [94.5599, 26.7612], [94.5507, 26.7523], [94.5404, 26.7662], [94.5363, 26.7649], [94.5384, 26.7609], [94.5355, 26.7584], [94.5293, 26.7662], [94.5306, 26.7693], [94.5241, 26.7685], [94.5214, 26.772], [94.5239, 26.7728], [94.5249, 26.7763], [94.5177, 26.7768], [94.5155, 26.7795], [94.5208, 26.7882], [94.5248, 26.7916], [94.5243, 26.7949], [94.5185, 26.7983], [94.5184, 26.8006], [94.5246, 26.8053], [94.5236, 26.8122], [94.5119, 26.8178], [94.503, 26.8275], [94.4975, 26.8297], [94.4896, 26.8361], [94.4892, 26.8384], [94.4941, 26.8543], [94.493, 26.8606], [94.4942, 26.8677], [94.4975, 26.874], [94.4938, 26.8811], [94.4955, 26.8849], [94.4947, 26.888], [94.4883, 26.8909], [94.4813, 26.902], [94.4806, 26.9067], [94.4854, 26.9111], [94.4809, 26.9191], [94.484, 26.9222], [94.481, 26.9294], [94.4812, 26.9384], [94.4671, 26.9434], [94.4378, 26.9421], [94.4221, 26.9468], [94.4117, 26.9464], [94.4073, 26.9477], [94.4029, 26.9518], [94.4013, 26.9559], [94.4008, 26.9621], [94.4024, 26.9642], [94.4405, 26.9867], [94.464, 26.9981], [94.4695, 27.0051], [94.4745, 27.0269], [94.4799, 27.0337], [94.4985, 27.0392], [94.5099, 27.0455], [94.5302, 27.0706], [94.5388, 27.0731], [94.5455, 27.0784], [94.5514, 27.0975], [94.5584, 27.1028], [94.5641, 27.105], [94.5696, 27.1147], [94.5773, 27.1213], [94.5814, 27.1293], [94.5817, 27.1386], [94.5946, 27.1495], [94.6069, 27.1637], [94.6166, 27.1803], [94.6235, 27.2061], [94.6453, 27.2509], [94.6617, 27.2514], [94.6809, 27.2488], [94.6852, 27.2512], [94.6942, 27.2725], [94.6983, 27.2753], [94.7033, 27.2753], [94.7072, 27.2712], [94.7095, 27.2551], [94.7139, 27.2501], [94.7197, 27.249], [94.7249, 27.2504], [94.7238, 27.2556], [94.7173, 27.261], [94.7206, 27.2692], [94.7322, 27.2782], [94.7445, 27.2791], [94.7511, 27.2765], [94.7523, 27.2735], [94.7461, 27.2658], [94.7408, 27.2534], [94.7413, 27.2498], [94.7473, 27.2484], [94.7567, 27.2495], [94.7627, 27.2535], [94.7664, 27.2497], [94.7783, 27.2432], [94.7705, 27.221], [94.7766, 27.2171], [94.7796, 27.203], [94.7804, 27.1954], [94.7761, 27.1935], [94.7739, 27.1887], [94.7748, 27.1791], [94.7802, 27.1763], [94.7769, 27.1746], [94.7717, 27.1678], [94.7718, 27.1649], [94.7665, 27.1619], [94.764, 27.1576], [94.757, 27.1556], [94.7613, 27.154], [94.7594, 27.1471], [94.7648, 27.1323], [94.7969, 27.1237], [94.8021, 27.1247], [94.8113, 27.1203], [94.8198, 27.119], [94.8179, 27.1134], [94.8139, 27.1106], [94.8133, 27.1037], [94.8193, 27.1048], [94.822, 27.1035], [94.8261, 27.1049], [94.8301, 27.1003], [94.8363, 27.0987], [94.8422, 27.0996], [94.8482, 27.1131], [94.8866, 27.1616], [94.9262, 27.1946], [94.9576, 27.2257], [94.9692, 27.2337], [94.9721, 27.2276], [94.9743, 27.2169], [94.9752, 27.1994], [94.9854, 27.1749], [94.9837, 27.1708], [94.9845, 27.1643], [94.9805, 27.1555], [94.989, 27.1514], [95.0071, 27.1529], [95.0266, 27.1491], [95.0317, 27.1502], [95.0403, 27.1571], [95.0498, 27.1589], [95.0539, 27.1565], [95.0589, 27.1433], [95.0616, 27.141], [95.1127, 27.1401], [95.1156, 27.1334], [95.1174, 27.1342], [95.1184, 27.1395], [95.1219, 27.1389], [95.124, 27.1355], [95.1273, 27.1363], [95.1298, 27.143], [95.134, 27.1429], [95.1348, 27.14], [95.1411, 27.1422], [95.1498, 27.1389], [95.15, 27.1327], [95.1521, 27.1305], [95.1548, 27.1315], [95.1526, 27.1372], [95.1543, 27.1398], [95.1573, 27.1401], [95.1608, 27.1332], [95.1645, 27.1323], [95.1621, 27.1366], [95.172, 27.1419], [95.17, 27.1474], [95.1747, 27.151], [95.1757, 27.1488], [95.1741, 27.1455], [95.1757, 27.1427], [95.179, 27.1464], [95.178, 27.1509], [95.1795, 27.1533], [95.1875, 27.1566], [95.1836, 27.1628], [95.1842, 27.1672], [95.1937, 27.1638], [95.1924, 27.163], [95.1935, 27.1613], [95.2006, 27.1636], [95.1996, 27.1664], [95.2009, 27.168], [95.2137, 27.1694], [95.2147, 27.1728], [95.2103, 27.1748], [95.2107, 27.1773], [95.2135, 27.1784], [95.2199, 27.1739], [95.2186, 27.1716], [95.2205, 27.17], [95.2262, 27.1719], [95.2296, 27.1779], [95.2399, 27.175], [95.2389, 27.1779], [95.2343, 27.1821], [95.2342, 27.1845], [95.2409, 27.1854], [95.2432, 27.1874], [95.24, 27.1919], [95.2419, 27.1933], [95.2556, 27.1971], [95.2588, 27.1893], [95.2608, 27.1898], [95.2598, 27.1925], [95.2621, 27.1952], [95.2667, 27.1909], [95.2677, 27.1982], [95.2732, 27.1944], [95.2802, 27.194], [95.2804, 27.1982], [95.2853, 27.1978], [95.2858, 27.2003], [95.2831, 27.2018], [95.2888, 27.2025], [95.2996, 27.2001], [95.3057, 27.1945], [95.3097, 27.1941], [95.3136, 27.1899], [95.3166, 27.1894], [95.3194, 27.1924], [95.3353, 27.1916], [95.3453, 27.1866], [95.3467, 27.1833], [95.3456, 27.178], [95.3589, 27.1735], [95.3607, 27.1661], [95.3596, 27.1636], [95.3667, 27.1523], [95.3688, 27.1418], [95.3634, 27.1298], [95.3661, 27.1217], [95.3729, 27.1182], [95.3735, 27.1161], [95.3713, 27.1114]]]]}}, {"type": "Feature", "properties": {"GID_2": "IND.4.25_1", "GID_0": "IND", "COUNTRY": "India", "GID_1": "IND.4_1", "NAME_1": "Assam", "NL_NAME_1": "NA", "NAME_2": "Sonitpur", "VARNAME_2": "Sontipur", "NL_NAME_2": "NA", "TYPE_2": "District", "ENGTYPE_2": "District", "CC_2": "NA", "HASC_2": "IN.AS.SN"}, "geometry": {"type": "MultiPolygon", "coordinates": [[[[92.6391, 27.0185], [92.6505, 27.0248], [92.657, 27.0376], [92.6589, 27.0385], [92.6824, 27.0317], [92.7137, 27.0261], [92.7691, 27.033], [92.7853, 27.0307], [92.8366, 27.0135], [92.8724, 27.0077], [92.8875, 27.0002], [92.8998, 26.9963], [92.9167, 26.9847], [92.9149, 26.9698], [92.9178, 26.9642], [92.973, 26.9408], [92.9807, 26.9356], [92.9974, 26.9303], [93.0194, 26.9168], [93.0382, 26.9179], [93.0602, 26.9212], [93.0688, 26.9242], [93.0764, 26.9199], [93.0919, 26.9155], [93.109, 26.9273], [93.1843, 26.9387], [93.2224, 26.9491], [93.2669, 26.956], [93.3479, 26.9632], [93.4479, 26.9542], [93.4638, 26.9435], [93.4681, 26.9389], [93.4803, 26.9402], [93.4868, 26.9431], [93.4894, 26.9385], [93.5258, 26.9486], [93.5708, 26.9541], [93.5842, 26.9526], [93.6245, 26.9642], [93.6551, 26.9665], [93.6758, 26.9711], [93.6983, 26.9948], [93.7016, 26.9926], [93.7032, 26.9882], [93.7256, 26.9778], [93.7276, 26.9725], [93.7372, 26.9675], [93.7431, 26.9615], [93.7462, 26.951], [93.7452, 26.9403], [93.7508, 26.9221], [93.7481, 26.9154], [93.7434, 26.911], [93.7448, 26.9037], [93.7488, 26.8974], [93.7746, 26.8915], [93.7794, 26.8878], [93.7819, 26.8762], [93.7889, 26.8608], [93.7799, 26.8546], [93.773, 26.8526], [93.7722, 26.847], [93.7657, 26.8402], [93.7581, 26.817], [93.7536, 26.8085], [93.7453, 26.804], [93.7374, 26.8118], [93.7269, 26.8181], [93.7112, 26.8208], [93.6958, 26.801], [93.6892, 26.7986], [93.6708, 26.8034], [93.65, 26.7923], [93.6481, 26.7872], [93.6492, 26.7808], [93.6613, 26.7401], [93.6684, 26.7285], [93.6722, 26.716], [93.6656, 26.7173], [93.6501, 26.7082], [93.6378, 26.7096], [93.6188, 26.7156], [93.5659, 26.7269], [93.5603, 26.7309], [93.5626, 26.7392], [93.5539, 26.7405], [93.5454, 26.745], [93.5342, 26.7568], [93.5223, 26.7583], [93.5094, 26.7634], [93.4926, 26.7599], [93.4712, 26.7619], [93.4609, 26.7598], [93.4492, 26.7542], [93.4435, 26.7489], [93.4318, 26.7474], [93.4154, 26.7504], [93.4034, 26.7558], [93.3576, 26.7403], [93.3475, 26.7343], [93.3422, 26.7259], [93.3403, 26.7181], [93.3359, 26.7103], [93.3232, 26.7089], [93.3191, 26.7052], [93.3075, 26.7009], [93.2967, 26.7011], [93.2904, 26.6978], [93.2886, 26.6899], [93.274, 26.6853], [93.2647, 26.6844], [93.2514, 26.688], [93.2451, 26.6864], [93.2377, 26.677], [93.2333, 26.6683], [93.2294, 26.6472], [93.2164, 26.6282], [93.1939, 26.618], [93.1719, 26.6123], [93.1603, 26.6014], [93.1226, 26.58], [93.1137, 26.577], [93.1056, 26.5783], [93.0725, 26.597], [93.0397, 26.5965], [93.0071, 26.6006], [92.998, 26.6056], [92.9887, 26.6156], [92.9637, 26.6207], [92.9516, 26.6208], [92.9387, 26.6178], [92.9223, 26.6004], [92.9174, 26.5982], [92.9093, 26.5961], [92.8946, 26.5977], [92.8691, 26.5845], [92.8501, 26.5874], [92.8405, 26.5854], [92.8238, 26.5771], [92.8, 26.5607], [92.7715, 26.5583], [92.7667, 26.5494], [92.7631, 26.534], [92.7575, 26.5271], [92.7559, 26.5155], [92.7535, 26.5139], [92.7402, 26.5167], [92.728, 26.5229], [92.7268, 26.5341], [92.7248, 26.5372], [92.715, 26.5354], [92.7101, 26.5327], [92.7033, 26.5277], [92.6895, 26.5127], [92.6856, 26.5106], [92.6821, 26.5112], [92.6726, 26.5188], [92.6639, 26.5222], [92.6547, 26.5199], [92.6335, 26.5181], [92.604, 26.5104], [92.5787, 26.5019], [92.567, 26.5032], [92.5564, 26.5068], [92.5344, 26.5108], [92.5266, 26.5111], [92.4925, 26.5044], [92.4797, 26.4984], [92.473, 26.4972], [92.4647, 26.4993], [92.4576, 26.5043], [92.4539, 26.5091], [92.4511, 26.5202], [92.442, 26.5219], [92.4021, 26.5157], [92.3891, 26.5161], [92.3832, 26.5187], [92.3631, 26.5069], [92.3453, 26.5075], [92.3439, 26.5038], [92.342, 26.5098], [92.3327, 26.5118], [92.3256, 26.5109], [92.3302, 26.5162], [92.3469, 26.526], [92.3533, 26.5318], [92.3795, 26.5325], [92.3813, 26.5328], [92.3833, 26.5362], [92.3663, 26.5594], [92.3654, 26.563], [92.3672, 26.568], [92.3657, 26.5697], [92.3604, 26.5704], [92.3556, 26.5734], [92.3564, 26.5783], [92.3622, 26.5823], [92.3643, 26.5822], [92.3612, 26.5873], [92.3522, 26.5866], [92.3412, 26.5831], [92.3254, 26.5933], [92.3265, 26.5974], [92.3401, 26.5988], [92.3392, 26.6019], [92.3271, 26.606], [92.3254, 26.6077], [92.329, 26.6095], [92.3293, 26.6124], [92.3224, 26.6155], [92.3327, 26.6295], [92.3315, 26.6338], [92.3273, 26.6383], [92.3301, 26.6424], [92.3337, 26.6429], [92.3387, 26.639], [92.3427, 26.6385], [92.3363, 26.6447], [92.3387, 26.6465], [92.3385, 26.6502], [92.3326, 26.651], [92.3305, 26.6536], [92.3333, 26.6577], [92.3326, 26.6632], [92.3357, 26.6669], [92.3324, 26.671], [92.3354, 26.6755], [92.334, 26.6901], [92.3366, 26.6993], [92.3358, 26.7075], [92.3383, 26.7147], [92.335, 26.7264], [92.3348, 26.7339], [92.328, 26.7424], [92.3307, 26.7467], [92.3291, 26.757], [92.337, 26.7682], [92.3328, 26.7671], [92.3301, 26.7729], [92.3406, 26.7718], [92.3353, 26.7841], [92.338, 26.7866], [92.3378, 26.7888], [92.3333, 26.7932], [92.3348, 26.7963], [92.3303, 26.8031], [92.3297, 26.807], [92.3347, 26.8126], [92.3308, 26.8161], [92.3315, 26.8229], [92.338, 26.8258], [92.3317, 26.8321], [92.332, 26.8368], [92.3363, 26.8474], [92.34, 26.8501], [92.3398, 26.8535], [92.3432, 26.8563], [92.3456, 26.8629], [92.3433, 26.8657], [92.3448, 26.8746], [92.3417, 26.8867], [92.347, 26.8916], [92.3495, 26.9071], [92.3591, 26.9261], [92.3644, 26.9327], [92.3998, 26.9263], [92.4119, 26.9442], [92.4258, 26.9435], [92.4422, 26.955], [92.4462, 26.9606], [92.4596, 26.9633], [92.505, 26.9668], [92.5536, 26.9591], [92.5852, 26.9619], [92.6455, 26.9874], [92.6446, 27.01], [92.6391, 27.0185]]]]}}, {"type": "Feature", "properties": {"GID_2": "IND.4.26_1", "GID_0": "IND", "COUNTRY": "India", "GID_1": "IND.4_1", "NAME_1": "Assam", "NL_NAME_1": "NA", "NAME_2": "Tinsukia", "VARNAME_2": "NA", "NL_NAME_2": "NA", "TYPE_2": "District", "ENGTYPE_2": "District", "CC_2": "NA", "HASC_2": "IN.AS.TI"}, "geometry": {"type": "MultiPolygon", "coordinates": [[[[95.8814, 27.5458], [95.8799, 27.5298], [95.8808, 27.5225], [95.8785, 27.5198], [95.8818, 27.5151], [95.8871, 27.5113], [95.8896, 27.5062], [95.8791, 27.4992], [95.8792, 27.4927], [95.8813, 27.4874], [95.8763, 27.4711], [95.8661, 27.469], [95.8612, 27.4663], [95.8595, 27.4626], [95.8638, 27.452], [95.8529, 27.4448], [95.8493, 27.4303], [95.8557, 27.4277], [95.858, 27.4207], [95.8673, 27.4172], [95.8632, 27.4249], [95.8649, 27.429], [95.8758, 27.4354], [95.8826, 27.4441], [95.8887, 27.4441], [95.8904, 27.4397], [95.89, 27.4264], [95.8944, 27.4183], [95.8919, 27.4098], [95.8931, 27.406], [95.9001, 27.4113], [95.9061, 27.4233], [95.9112, 27.44], [95.9168, 27.4432], [95.9333, 27.4467], [95.9499, 27.445], [95.9531, 27.4435], [95.9535, 27.4408], [95.9505, 27.4372], [95.953, 27.4333], [95.9573, 27.4329], [95.9611, 27.4287], [95.9636, 27.4355], [95.967, 27.4367], [95.968, 27.4241], [95.9718, 27.4304], [95.9733, 27.4368], [95.9778, 27.4355], [95.9809, 27.4261], [95.9781, 27.4253], [95.9795, 27.4219], [95.9895, 27.4217], [95.9912, 27.4194], [95.9909, 27.4146], [95.9946, 27.4124], [96.001, 27.4035], [96.0001, 27.3976], [96.0021, 27.3935], [96.0084, 27.3872], [96.0149, 27.3755], [96.0209, 27.3713], [96.0132, 27.364], [95.997, 27.3635], [95.9949, 27.3602], [95.9937, 27.3514], [95.97, 27.337], [95.9723, 27.3346], [95.9842, 27.3343], [95.9687, 27.3318], [95.9679, 27.3246], [95.9626, 27.3243], [95.9656, 27.3217], [95.9632, 27.3171], [95.9406, 27.3096], [95.9187, 27.2992], [95.9123, 27.2931], [95.9064, 27.2919], [95.9024, 27.2878], [95.9045, 27.2862], [95.9043, 27.2799], [95.9012, 27.2764], [95.8981, 27.2643], [95.894, 27.263], [95.8877, 27.2633], [95.8824, 27.2669], [95.8724, 27.2669], [95.8654, 27.2767], [95.8608, 27.2798], [95.8619, 27.29], [95.8605, 27.2942], [95.8502, 27.2931], [95.8379, 27.2871], [95.8102, 27.2809], [95.8065, 27.288], [95.8063, 27.2917], [95.7908, 27.2855], [95.7847, 27.2791], [95.7399, 27.2699], [95.7364, 27.2668], [95.7319, 27.2665], [95.7255, 27.2592], [95.7211, 27.2576], [95.7155, 27.2591], [95.7019, 27.2556], [95.6954, 27.2581], [95.6844, 27.2574], [95.6794, 27.2562], [95.6792, 27.2539], [95.637, 27.2369], [95.6341, 27.2398], [95.6191, 27.2366], [95.6074, 27.2314], [95.5992, 27.2296], [95.5901, 27.2295], [95.5779, 27.2422], [95.5783, 27.2471], [95.5745, 27.2511], [95.5561, 27.2544], [95.5542, 27.2593], [95.5348, 27.2706], [95.5205, 27.2637], [95.5162, 27.2686], [95.5109, 27.2663], [95.5106, 27.259], [95.5063, 27.2546], [95.491, 27.2487], [95.4879, 27.252], [95.487, 27.2567], [95.4767, 27.2591], [95.4734, 27.2689], [95.4591, 27.2535], [95.4623, 27.246], [95.4577, 27.2381], [95.4542, 27.2401], [95.4458, 27.2623], [95.4647, 27.2726], [95.4653, 27.2773], [95.4511, 27.3008], [95.4699, 27.3121], [95.4675, 27.3152], [95.4636, 27.3271], [95.4523, 27.3358], [95.4605, 27.3443], [95.476, 27.3482], [95.4735, 27.3702], [95.4501, 27.3748], [95.4405, 27.3686], [95.4311, 27.3776], [95.4242, 27.3806], [95.4192, 27.3874], [95.4152, 27.3902], [95.3966, 27.3969], [95.3778, 27.3972], [95.3796, 27.3909], [95.3758, 27.3861], [95.3503, 27.397], [95.3397, 27.3948], [95.3242, 27.3946], [95.3143, 27.3967], [95.307, 27.4037], [95.3009, 27.4141], [95.2953, 27.417], [95.2842, 27.413], [95.2771, 27.4168], [95.2698, 27.4107], [95.2661, 27.4118], [95.258, 27.4156], [95.2596, 27.4229], [95.2511, 27.4315], [95.2515, 27.4378], [95.2439, 27.438], [95.2382, 27.4398], [95.2207, 27.4629], [95.2298, 27.4772], [95.2293, 27.4905], [95.2308, 27.5011], [95.2377, 27.5075], [95.263, 27.5154], [95.2658, 27.5211], [95.266, 27.5286], [95.2712, 27.5302], [95.2653, 27.5412], [95.2704, 27.5525], [95.2748, 27.5559], [95.2806, 27.5516], [95.2841, 27.5601], [95.2778, 27.5649], [95.2755, 27.5723], [95.2776, 27.578], [95.2826, 27.5738], [95.2904, 27.5734], [95.2897, 27.5767], [95.2926, 27.5819], [95.2978, 27.5801], [95.2984, 27.5827], [95.3011, 27.5837], [95.3018, 27.5883], [95.3045, 27.5905], [95.3078, 27.5882], [95.3163, 27.5895], [95.3214, 27.5925], [95.3082, 27.6223], [95.2907, 27.6746], [95.276, 27.6872], [95.2828, 27.6956], [95.2888, 27.6987], [95.2973, 27.7003], [95.3201, 27.7002], [95.3426, 27.7069], [95.3918, 27.7284], [95.4007, 27.7303], [95.4199, 27.7432], [95.4426, 27.7625], [95.4582, 27.7794], [95.4684, 27.8138], [95.4754, 27.8213], [95.4789, 27.8281], [95.4778, 27.8345], [95.4819, 27.8375], [95.4851, 27.8429], [95.4862, 27.8492], [95.4913, 27.8571], [95.4952, 27.8598], [95.5034, 27.8621], [95.5194, 27.8637], [95.5159, 27.8754], [95.516, 27.8818], [95.5262, 27.8979], [95.5435, 27.9023], [95.5443, 27.9058], [95.5421, 27.9107], [95.5438, 27.9135], [95.565, 27.9225], [95.5663, 27.9316], [95.5712, 27.9424], [95.5805, 27.9436], [95.5887, 27.9416], [95.5969, 27.9511], [95.6067, 27.9578], [95.8259, 27.9774], [95.9775, 27.9685], [95.9652, 27.9526], [95.9523, 27.9418], [95.9523, 27.9372], [95.9576, 27.9371], [95.9575, 27.9329], [95.9538, 27.9302], [95.9553, 27.9268], [95.9525, 27.9228], [95.9393, 27.9098], [95.9383, 27.9033], [95.9286, 27.9029], [95.925, 27.9009], [95.9239, 27.896], [95.9286, 27.8905], [95.9274, 27.8873], [95.9238, 27.8903], [95.9213, 27.8905], [95.9226, 27.8862], [95.914, 27.8808], [95.9129, 27.8781], [95.9141, 27.8747], [95.9114, 27.873], [95.9062, 27.8772], [95.9072, 27.8686], [95.9006, 27.8667], [95.895, 27.8672], [95.8921, 27.857], [95.8766, 27.8418], [95.8737, 27.8398], [95.8521, 27.8341], [95.846, 27.8301], [95.8434, 27.8215], [95.8231, 27.8092], [95.8076, 27.7899], [95.8064, 27.7836], [95.8009, 27.7769], [95.7805, 27.7582], [95.7878, 27.7421], [95.7719, 27.7345], [95.7582, 27.7311], [95.7587, 27.7267], [95.763, 27.7227], [95.7704, 27.72], [95.7734, 27.7054], [95.7727, 27.7], [95.7746, 27.6967], [95.7788, 27.6944], [95.7931, 27.6923], [95.7965, 27.6881], [95.7945, 27.6842], [95.7855, 27.6833], [95.7804, 27.6792], [95.7785, 27.6723], [95.7778, 27.6663], [95.7792, 27.6605], [95.7862, 27.6557], [95.8015, 27.649], [95.7973, 27.6396], [95.7974, 27.6359], [95.7873, 27.6323], [95.785, 27.6274], [95.7871, 27.6234], [95.7943, 27.6224], [95.798, 27.6078], [95.8209, 27.6047], [95.8242, 27.603], [95.8203, 27.5956], [95.8212, 27.5817], [95.8277, 27.5818], [95.8319, 27.5789], [95.8399, 27.5666], [95.846, 27.568], [95.8521, 27.5657], [95.8624, 27.5526], [95.8736, 27.5512], [95.8813, 27.5532], [95.8814, 27.5458]]]]}}, {"type": "Feature", "properties": {"GID_2": "IND.4.27_1", "GID_0": "IND", "COUNTRY": "India", "GID_1": "IND.4_1", "NAME_1": "Assam", "NL_NAME_1": "NA", "NAME_2": "Udalguri", "VARNAME_2": "NA", "NL_NAME_2": "NA", "TYPE_2": "District", "ENGTYPE_2": "District", "CC_2": "NA", "HASC_2": "IN.AS.UD"}, "geometry": {"type": "MultiPolygon", "coordinates": [[[[92.113, 26.8924], [92.1242, 26.8898], [92.1624, 26.8927], [92.1948, 26.891], [92.2546, 26.9122], [92.2679, 26.9051], [92.2764, 26.9025], [92.3037, 26.9095], [92.3029, 26.9242], [92.3531, 26.9356], [92.3644, 26.9327], [92.3591, 26.9261], [92.3495, 26.9071], [92.347, 26.8916], [92.3417, 26.8867], [92.3448, 26.8746], [92.3433, 26.8657], [92.3456, 26.8629], [92.3432, 26.8563], [92.3398, 26.8535], [92.34, 26.8501], [92.3363, 26.8474], [92.332, 26.8368], [92.3317, 26.8321], [92.338, 26.8258], [92.3315, 26.8229], [92.3308, 26.8161], [92.3347, 26.8126], [92.3297, 26.807], [92.3303, 26.8031], [92.3348, 26.7963], [92.3333, 26.7932], [92.3378, 26.7888], [92.338, 26.7866], [92.3353, 26.7841], [92.3406, 26.7718], [92.3301, 26.7729], [92.3328, 26.7671], [92.337, 26.7682], [92.3314, 26.7619], [92.3287, 26.7552], [92.3307, 26.7467], [92.328, 26.7424], [92.3348, 26.7339], [92.335, 26.7264], [92.3383, 26.7147], [92.3358, 26.7075], [92.3366, 26.6993], [92.334, 26.6901], [92.3354, 26.6755], [92.3324, 26.671], [92.3341, 26.6689], [92.3109, 26.6773], [92.3036, 26.6719], [92.3006, 26.6649], [92.298, 26.6442], [92.2943, 26.6336], [92.29, 26.6282], [92.2789, 26.6269], [92.2749, 26.6208], [92.272, 26.5969], [92.2702, 26.5923], [92.2602, 26.5856], [92.258, 26.5824], [92.2513, 26.5791], [92.2454, 26.582], [92.2424, 26.5952], [92.239, 26.5986], [92.2396, 26.6151], [92.2379, 26.6251], [92.2177, 26.6404], [92.2136, 26.6561], [92.2022, 26.6656], [92.1894, 26.6688], [92.1847, 26.6675], [92.1771, 26.6604], [92.1642, 26.6597], [92.1569, 26.654], [92.1474, 26.6497], [92.134, 26.6491], [92.1198, 26.6463], [92.1085, 26.6397], [92.0982, 26.6386], [92.0874, 26.6293], [92.0819, 26.6305], [92.0767, 26.6286], [92.0682, 26.6132], [92.0604, 26.6123], [92.0483, 26.5925], [92.0454, 26.5804], [92.0467, 26.5673], [92.0609, 26.5455], [92.0714, 26.5477], [92.0862, 26.5604], [92.0921, 26.5592], [92.099, 26.551], [92.0992, 26.544], [92.0878, 26.5326], [92.0808, 26.5124], [92.0945, 26.4953], [92.0941, 26.4914], [92.0901, 26.4848], [92.0859, 26.4852], [92.0821, 26.4816], [92.077, 26.482], [92.0698, 26.4872], [92.07, 26.4979], [92.0721, 26.5024], [92.0657, 26.5067], [92.0657, 26.5151], [92.0635, 26.5192], [92.0514, 26.5262], [92.0493, 26.5318], [92.0355, 26.5474], [92.0281, 26.5595], [92.0152, 26.5674], [91.9926, 26.5695], [91.9861, 26.5668], [91.9819, 26.5618], [91.9695, 26.554], [91.9652, 26.5536], [91.9538, 26.5591], [91.9543, 26.5652], [91.948, 26.5703], [91.9364, 26.5742], [91.9305, 26.5747], [91.9244, 26.5736], [91.9173, 26.5619], [91.9078, 26.561], [91.9016, 26.5584], [91.8991, 26.5502], [91.8952, 26.5451], [91.8739, 26.5452], [91.8632, 26.5406], [91.8455, 26.5286], [91.8278, 26.5092], [91.7837, 26.4981], [91.7863, 26.4996], [91.7843, 26.5059], [91.7797, 26.5124], [91.7798, 26.5156], [91.7826, 26.5179], [91.7832, 26.5208], [91.777, 26.524], [91.7832, 26.5266], [91.7841, 26.5298], [91.7768, 26.5294], [91.7836, 26.5377], [91.7793, 26.5411], [91.7778, 26.5456], [91.7785, 26.549], [91.7748, 26.5501], [91.7719, 26.5535], [91.765, 26.5656], [91.7652, 26.5693], [91.7607, 26.575], [91.7579, 26.5774], [91.7527, 26.5769], [91.7482, 26.5798], [91.7472, 26.587], [91.7426, 26.591], [91.7497, 26.603], [91.7489, 26.6051], [91.7393, 26.6022], [91.7386, 26.6057], [91.7429, 26.6117], [91.7394, 26.6131], [91.7395, 26.6167], [91.7458, 26.6264], [91.7453, 26.6282], [91.7367, 26.6269], [91.7358, 26.6307], [91.738, 26.6327], [91.7451, 26.6325], [91.7475, 26.6348], [91.7474, 26.6374], [91.7382, 26.6385], [91.738, 26.6416], [91.7428, 26.644], [91.7448, 26.6473], [91.7403, 26.6493], [91.7384, 26.6526], [91.7337, 26.6536], [91.7325, 26.6587], [91.7348, 26.6692], [91.7404, 26.6697], [91.7432, 26.6842], [91.7424, 26.6879], [91.7382, 26.6933], [91.74, 26.6996], [91.7326, 26.7132], [91.7334, 26.7303], [91.7229, 26.7437], [91.7178, 26.7541], [91.7121, 26.7777], [91.7117, 26.7848], [91.7091, 26.7904], [91.7042, 26.8119], [91.7017, 26.8118], [91.705, 26.8132], [91.7206, 26.8119], [91.8239, 26.8644], [91.8591, 26.9137], [91.8851, 26.9167], [91.8921, 26.9192], [91.9422, 26.8957], [91.9639, 26.8829], [91.9703, 26.8706], [91.9831, 26.8583], [92.017, 26.8501], [92.0566, 26.8476], [92.0863, 26.8596], [92.1029, 26.8676], [92.1027, 26.8815], [92.113, 26.8924]]]]}}]}