{
  "type": "FeatureCollection",
  "features": [
    {
      "type": "Feature",
      "properties": {
        "ID_0": 105,
        "ISO": "IND",
        "NAME_0": "India",
        "ID_1": 5,
        "NAME_1": "Bihar",
        "ID_2": 65,
        "NAME_2": "Aurangabad",
        "NL_NAME_2": null,
        "VARNAME_2": null,
        "TYPE_2": "District",
        "ENGTYPE_2": "District",
        "district_name": "AURANGABAD",
        "shapeName": "AURANGABAD"
      },
      "geometry": {
        "type": "Polygon",
        "coordinates": [
          [
            [
              84.73145294189459,
              25.05792045593273
            ],
            [
              84.73087310791021,
              25.053871154785156
            ],
            [
              84.72722625732428,
              25.04618072509777
            ],
            [
              84.71216583251959,
              25.04598045349121
            ],
            [
              84.69738769531244,
              25.04694938659668
            ],
            [
              84.69629669189453,
              25.038560867309684
            ],
            [
              84.7016372680664,
              25.033250808715934
            ],
            [
              84.71534729003906,
              25.025791168212947
            ],
            [
              84.7162322998048,
              25.01816940307623
            ],
            [
              84.71951293945307,
              25.01422119140625
            ],
            [
              84.72817230224615,
              25.013900756835994
            ],
            [
              84.73121643066412,
              25.015171051025504
            ],
            [
              84.73375701904308,
              25.017259597778263
            ],
            [
              84.74603271484375,
              25.01498985290533
            ],
            [
              84.7467498779298,
              25.00461959838873
            ],
            [
              84.73903656005865,
              25.000490188598633
            ],
            [
              84.73739624023449,
              24.99592971801752
            ],
            [
              84.73784637451172,
              24.987430572509822
            ],
            [
              84.72780609130865,
              24.98677062988287
            ],
            [
              84.72267913818365,
              24.980911254882926
            ],
            [
              84.72229766845709,
              24.97365951538086
            ],
            [
              84.73063659667969,
              24.96729278564453
            ],
            [
              84.72994995117199,
              24.959859848022518
            ],
            [
              84.71820068359375,
              24.95956039428711
            ],
            [
              84.71652984619146,
              24.9577312469483
            ],
            [
              84.7041625976563,
              24.95771980285656
            ],
            [
              84.7033462524414,
              24.95346069335949
            ],
            [
              84.70733642578125,
              24.950399398803654
            ],
            [
              84.705810546875,
              24.942159652710075
            ],
            [
              84.71109008789074,
              24.935060501098633
            ],
            [
              84.70912933349615,
              24.92015838623047
            ],
            [
              84.70214080810558,
              24.91914176940918
            ],
            [
              84.70030975341797,
              24.911029815673942
            ],
            [
              84.6988372802735,
              24.9094295501709
            ],
            [
              84.69745635986334,
              24.90460014343273
            ],
            [
              84.69068908691418,
              24.90369987487793
            ],
            [
              84.68183898925787,
              24.90529060363764
            ],
            [
              84.67988586425781,
              24.902141571044922
            ],
            [
              84.67471313476562,
              24.90347290039074
            ],
            [
              84.6738967895509,
              24.89979171752941
            ],
            [
              84.67414855957031,
              24.894622802734375
            ],
            [
              84.67051696777344,
              24.89215087890625
            ],
            [
              84.6661605834961,
              24.891820907592887
            ],
            [
              84.66472625732433,
              24.894239425659237
            ],
            [
              84.65718078613281,
              24.89076042175293
            ],
            [
              84.65405273437511,
              24.886518478393555
            ],
            [
              84.6610107421875,
              24.884700775146598
            ],
            [
              84.66345977783203,
              24.883020401000977
            ],
            [
              84.66369628906256,
              24.876630783081055
            ],
            [
              84.65780639648443,
              24.87256050109869
            ],
            [
              84.6529769897461,
              24.879259109497127
            ],
            [
              84.63839721679699,
              24.883119583129996
            ],
            [
              84.63282775878912,
              24.878242492675838
            ],
            [
              84.63526153564453,
              24.875751495361442
            ],
            [
              84.63437652587896,
              24.867410659790096
            ],
            [
              84.64064788818365,
              24.863550186157227
            ],
            [
              84.64492797851557,
              24.85660934448248
            ],
            [
              84.65886688232422,
              24.851430892944336
            ],
            [
              84.66484832763678,
              24.850709915161246
            ],
            [
              84.667709350586,
              24.84188842773449
            ],
            [
              84.6674270629884,
              24.83440971374523
            ],
            [
              84.67627716064453,
              24.83189964294445
            ],
            [
              84.6814575195313,
              24.835271835327205
            ],
            [
              84.68672943115234,
              24.832731246948242
            ],
            [
              84.69027709960949,
              24.827472686767692
            ],
            [
              84.6898803710938,
              24.818029403686467
            ],
            [
              84.69502258300787,
              24.812759399414062
            ],
            [
              84.6958618164062,
              24.802061080932617
            ],
            [
              84.72561645507807,
              24.79570960998541
            ],
            [
              84.72749328613293,
              24.790628433227653
            ],
            [
              84.71837615966797,
              24.78935050964361
            ],
            [
              84.71798706054682,
              24.783590316772518
            ],
            [
              84.72296142578125,
              24.781850814819336
            ],
            [
              84.72351074218744,
              24.77827072143566
            ],
            [
              84.72675323486322,
              24.776990890503043
            ],
            [
              84.72595214843761,
              24.767391204834098
            ],
            [
              84.70934295654308,
              24.766532897949332
            ],
            [
              84.7115478515625,
              24.757999420166072
            ],
            [
              84.71911621093761,
              24.753118515014705
            ],
            [
              84.7197265625,
              24.729991912841854
            ],
            [
              84.71534729003906,
              24.701210021972656
            ],
            [
              84.70906829833984,
              24.701000213623104
            ],
            [
              84.70189666748053,
              24.697820663452262
            ],
            [
              84.69536590576178,
              24.698699951171875
            ],
            [
              84.69055938720703,
              24.69106101989746
            ],
            [
              84.69133758544922,
              24.681329727172965
            ],
            [
              84.68206787109386,
              24.6784992218017
            ],
            [
              84.65545654296875,
              24.68320083618164
            ],
            [
              84.65643310546875,
              24.680030822753906
            ],
            [
              84.64908599853527,
              24.68092918395996
            ],
            [
              84.64541625976568,
              24.67584991455078
            ],
            [
              84.6383666992188,
              24.678371429443303
            ],
            [
              84.63537597656261,
              24.67239952087408
            ],
            [
              84.63742065429693,
              24.664199829101562
            ],
            [
              84.63169097900396,
              24.664632797241325
            ],
            [
              84.62899780273443,
              24.65341949462902
            ],
            [
              84.62207794189453,
              24.65224075317377
            ],
            [
              84.61145782470709,
              24.656761169433594
            ],
            [
              84.60424804687511,
              24.660879135131836
            ],
            [
              84.60298919677734,
              24.655071258545036
            ],
            [
              84.59628295898449,
              24.656761169433594
            ],
            [
              84.5928192138673,
              24.64371109008789
            ],
            [
              84.59217071533209,
              24.630920410156364
            ],
            [
              84.5929565429688,
              24.62660026550293
            ],
            [
              84.59664154052746,
              24.62503051757824
            ],
            [
              84.5867919921875,
              24.616020202636776
            ],
            [
              84.58963775634766,
              24.60830116271984
            ],
            [
              84.58689880371105,
              24.604789733886832
            ],
            [
              84.58960723876964,
              24.597589492797965
            ],
            [
              84.58389282226557,
              24.594160079956055
            ],
            [
              84.58289337158214,
              24.589839935302848
            ],
            [
              84.565200805664,
              24.578100204467773
            ],
            [
              84.55747222900396,
              24.56989097595209
            ],
            [
              84.56027221679688,
              24.566709518432617
            ],
            [
              84.57058715820312,
              24.567079544067496
            ],
            [
              84.57380676269531,
              24.564199447631836
            ],
            [
              84.56828308105469,
              24.558919906616268
            ],
            [
              84.56192779541027,
              24.557439804077262
            ],
            [
              84.56371307373047,
              24.551900863647575
            ],
            [
              84.56072235107428,
              24.545251846313477
            ],
            [
              84.55557250976568,
              24.54197120666504
            ],
            [
              84.54920196533203,
              24.536121368408203
            ],
            [
              84.54265594482433,
              24.532279968261776
            ],
            [
              84.53923797607433,
              24.527799606323242
            ],
            [
              84.51294708251947,
              24.526559829711914
            ],
            [
              84.50100708007818,
              24.520259857177734
            ],
            [
              84.48206329345703,
              24.514371871948185
            ],
            [
              84.46623992919922,
              24.533069610595703
            ],
            [
              84.46102142333996,
              24.537811279296932
            ],
            [
              84.44243621826172,
              24.532489776611328
            ],
            [
              84.44071197509766,
              24.539751052856502
            ],
            [
              84.43847656250006,
              24.557260513305664
            ],
            [
              84.4310989379884,
              24.573280334472713
            ],
            [
              84.42282867431646,
              24.572790145874023
            ],
            [
              84.41610717773438,
              24.552881240844727
            ],
            [
              84.4100799560548,
              24.55887985229498
            ],
            [
              84.39981842041027,
              24.56546974182129
            ],
            [
              84.40257263183594,
              24.57121849060053
            ],
            [
              84.39702606201172,
              24.57261276245123
            ],
            [
              84.39344787597662,
              24.568180084228516
            ],
            [
              84.3875122070313,
              24.56768035888672
            ],
            [
              84.38558959960938,
              24.5612411499024
            ],
            [
              84.38777160644543,
              24.55754089355463
            ],
            [
              84.38565826416021,
              24.552551269531364
            ],
            [
              84.38638305664068,
              24.545858383178654
            ],
            [
              84.37780761718756,
              24.54305076599121
            ],
            [
              84.38049316406256,
              24.531141281128043
            ],
            [
              84.36579895019537,
              24.52787971496582
            ],
            [
              84.36855316162104,
              24.51675987243658
            ],
            [
              84.36344146728516,
              24.510610580444336
            ],
            [
              84.34131622314453,
              24.500169754028263
            ],
            [
              84.33940124511719,
              24.496839523315373
            ],
            [
              84.32170867919928,
              24.489757537841797
            ],
            [
              84.32565307617188,
              24.4967098236084
            ],
            [
              84.32634735107433,
              24.50271987915039
            ],
            [
              84.32168579101562,
              24.513179779052678
            ],
            [
              84.31910705566418,
              24.522310256958008
            ],
            [
              84.31284332275402,
              24.526769638061467
            ],
            [
              84.31192779541016,
              24.533758163452205
            ],
            [
              84.3094482421875,
              24.53954124450695
            ],
            [
              84.30200958251953,
              24.547252655029354
            ],
            [
              84.29743194580078,
              24.563142776489258
            ],
            [
              84.29297637939464,
              24.56599044799816
            ],
            [
              84.27997589111334,
              24.563360214233512
            ],
            [
              84.26922607421875,
              24.56425285339361
            ],
            [
              84.27189636230469,
              24.554021835327262
            ],
            [
              84.28009033203125,
              24.55191993713379
            ],
            [
              84.27828216552746,
              24.547470092773438
            ],
            [
              84.26859283447277,
              24.54685974121088
            ],
            [
              84.26944732666021,
              24.541368484497013
            ],
            [
              84.26474761962902,
              24.540571212768555
            ],
            [
              84.26274108886719,
              24.53711128234869
            ],
            [
              84.2584686279298,
              24.53769111633312
            ],
            [
              84.25714111328136,
              24.530750274658203
            ],
            [
              84.24852752685558,
              24.531589508056697
            ],
            [
              84.24994659423828,
              24.53573989868164
            ],
            [
              84.24829864501959,
              24.538761138916016
            ],
            [
              84.24108886718761,
              24.543220520019474
            ],
            [
              84.23426055908214,
              24.543579101562614
            ],
            [
              84.23500823974621,
              24.553180694580135
            ],
            [
              84.22068023681652,
              24.550331115722656
            ],
            [
              84.21749114990229,
              24.535169601440373
            ],
            [
              84.20892333984375,
              24.537160873413143
            ],
            [
              84.20620727539074,
              24.54533004760748
            ],
            [
              84.20050048828136,
              24.549440383911133
            ],
            [
              84.19991302490246,
              24.557020187377987
            ],
            [
              84.1883010864259,
              24.55532073974615
            ],
            [
              84.1869583129884,
              24.54930114746105
            ],
            [
              84.1815872192384,
              24.547060012817496
            ],
            [
              84.17288208007812,
              24.54713058471674
            ],
            [
              84.17282104492199,
              24.541980743408146
            ],
            [
              84.18239593505854,
              24.52360916137701
            ],
            [
              84.18641662597656,
              24.522499084472656
            ],
            [
              84.18225860595703,
              24.518341064453182
            ],
            [
              84.18226623535156,
              24.515630722045955
            ],
            [
              84.1792602539063,
              24.510419845581055
            ],
            [
              84.17137145996094,
              24.509790420532283
            ],
            [
              84.16114044189459,
              24.512582778930664
            ],
            [
              84.15364074707031,
              24.51764106750494
            ],
            [
              84.15589141845697,
              24.51948165893549
            ],
            [
              84.15571594238281,
              24.524339675903434
            ],
            [
              84.16440582275396,
              24.53371238708496
            ],
            [
              84.160659790039,
              24.538240432739315
            ],
            [
              84.14955902099621,
              24.540300369262752
            ],
            [
              84.1460571289063,
              24.540300369262752
            ],
            [
              84.13629150390625,
              24.52936172485363
            ],
            [
              84.13701629638672,
              24.518180847168026
            ],
            [
              84.13996124267584,
              24.50480079650879
            ],
            [
              84.13654327392584,
              24.502540588378963
            ],
            [
              84.12901306152344,
              24.50068092346197
            ],
            [
              84.12490844726568,
              24.498319625854606
            ],
            [
              84.12258148193365,
              24.486669540405387
            ],
            [
              84.10977935791016,
              24.481399536132926
            ],
            [
              84.10092163085949,
              24.487901687622127
            ],
            [
              84.09696960449219,
              24.49572181701666
            ],
            [
              84.08909606933605,
              24.50412750244135
            ],
            [
              84.08658599853521,
              24.514631271362305
            ],
            [
              84.08969116210949,
              24.533929824829045
            ],
            [
              84.08870697021496,
              24.536079406738338
            ],
            [
              84.08429718017584,
              24.53870010375988
            ],
            [
              84.07833862304693,
              24.545009613037223
            ],
            [
              84.07723999023443,
              24.55248069763195
            ],
            [
              84.07367706298822,
              24.55758094787592
            ],
            [
              84.07467651367188,
              24.564750671386832
            ],
            [
              84.07247924804699,
              24.569601058960018
            ],
            [
              84.06774139404308,
              24.57102966308605
            ],
            [
              84.06526184082043,
              24.575059890747127
            ],
            [
              84.05974578857433,
              24.576980590820256
            ],
            [
              84.06265258789062,
              24.583719253539982
            ],
            [
              84.0613632202149,
              24.589370727539176
            ],
            [
              84.0580825805664,
              24.58836174011242
            ],
            [
              84.05293273925781,
              24.587961196899414
            ],
            [
              84.05142211914062,
              24.5915203094483
            ],
            [
              84.05311584472656,
              24.59469985961914
            ],
            [
              84.04785919189459,
              24.60650825500494
            ],
            [
              84.04487609863276,
              24.606960296630916
            ],
            [
              84.04673767089855,
              24.612289428710938
            ],
            [
              84.03823852539062,
              24.619409561157227
            ],
            [
              84.03324890136713,
              24.618959426879996
            ],
            [
              84.0320510864259,
              24.621578216552734
            ],
            [
              84.02899169921886,
              24.622640609741268
            ],
            [
              84.02678680419922,
              24.62774276733404
            ],
            [
              84.02416992187506,
              24.62906074523937
            ],
            [
              84.0196380615235,
              24.626819610595817
            ],
            [
              84.01566314697277,
              24.627601623535156
            ],
            [
              84.01452636718761,
              24.63163948059082
            ],
            [
              84.001968383789,
              24.63540077209467
            ],
            [
              83.99221038818371,
              24.63803291320812
            ],
            [
              84.02970123291021,
              24.694509506225643
            ],
            [
              84.0553970336914,
              24.732940673828182
            ],
            [
              84.08174896240234,
              24.77133941650385
            ],
            [
              84.09736633300781,
              24.78913116455078
            ],
            [
              84.12548828125006,
              24.813800811767578
            ],
            [
              84.14153289794933,
              24.832101821899414
            ],
            [
              84.16374206542969,
              24.8509197235108
            ],
            [
              84.23516082763678,
              24.93337249755865
            ],
            [
              84.25016784667969,
              24.94560050964367
            ],
            [
              84.3020629882813,
              25.003170013427848
            ],
            [
              84.30674743652355,
              25.01728820800787
            ],
            [
              84.31379699707043,
              25.0238494873048
            ],
            [
              84.3369369506836,
              25.038900375366154
            ],
            [
              84.35190582275402,
              25.045629501342773
            ],
            [
              84.36255645751959,
              25.048561096191463
            ],
            [
              84.36705017089844,
              25.05149078369152
            ],
            [
              84.37745666503912,
              25.05594062805187
            ],
            [
              84.40830230712896,
              25.072740554809684
            ],
            [
              84.41758728027344,
              25.079610824585018
            ],
            [
              84.42735290527344,
              25.100250244140682
            ],
            [
              84.4321899414063,
              25.11503982543951
            ],
            [
              84.44016265869146,
              25.129592895507812
            ],
            [
              84.45295715332037,
              25.1237411499024
            ],
            [
              84.4677963256836,
              25.116270065307674
            ],
            [
              84.45765686035156,
              25.108190536499023
            ],
            [
              84.4556274414063,
              25.102930068969727
            ],
            [
              84.45942687988287,
              25.100469589233512
            ],
            [
              84.4627914428711,
              25.096771240234375
            ],
            [
              84.47013854980474,
              25.09147071838379
            ],
            [
              84.47342681884777,
              25.097230911254883
            ],
            [
              84.48816680908203,
              25.0987491607666
            ],
            [
              84.49871063232428,
              25.1051406860351
            ],
            [
              84.50335693359386,
              25.106870651245117
            ],
            [
              84.50537872314453,
              25.10880088806158
            ],
            [
              84.5186996459961,
              25.108810424804688
            ],
            [
              84.53703308105469,
              25.107059478759822
            ],
            [
              84.54634857177734,
              25.114320755004996
            ],
            [
              84.55042266845709,
              25.11470985412592
            ],
            [
              84.55265045166016,
              25.117830276489258
            ],
            [
              84.56073760986334,
              25.117200851440487
            ],
            [
              84.56237030029297,
              25.119840621948242
            ],
            [
              84.56675720214844,
              25.11757087707514
            ],
            [
              84.56729125976574,
              25.10882949829113
            ],
            [
              84.57553100585938,
              25.104759216308537
            ],
            [
              84.58725738525396,
              25.103349685669002
            ],
            [
              84.58920288085949,
              25.105310440063533
            ],
            [
              84.59085845947271,
              25.10480117797863
            ],
            [
              84.58779907226568,
              25.08547019958496
            ],
            [
              84.58049774169922,
              25.084859848022404
            ],
            [
              84.57921600341803,
              25.07598114013672
            ],
            [
              84.58524322509766,
              25.07431983947754
            ],
            [
              84.58693695068371,
              25.078449249267635
            ],
            [
              84.59713745117193,
              25.080509185791072
            ],
            [
              84.59654235839844,
              25.089309692382756
            ],
            [
              84.59924316406256,
              25.092090606689453
            ],
            [
              84.5999526977539,
              25.097690582275447
            ],
            [
              84.60999298095714,
              25.096559524536246
            ],
            [
              84.60840606689459,
              25.10480117797863
            ],
            [
              84.61573028564464,
              25.10733985900879
            ],
            [
              84.6210403442384,
              25.105531692504996
            ],
            [
              84.62325286865234,
              25.09370994567871
            ],
            [
              84.62232208251959,
              25.086500167846737
            ],
            [
              84.62429809570324,
              25.08362960815441
            ],
            [
              84.63379669189459,
              25.089870452880916
            ],
            [
              84.6369094848634,
              25.096109390258846
            ],
            [
              84.6435928344726,
              25.100561141967773
            ],
            [
              84.64937591552734,
              25.106689453125
            ],
            [
              84.66063690185547,
              25.10309982299816
            ],
            [
              84.67166900634766,
              25.09715080261236
            ],
            [
              84.67858886718756,
              25.104139328002873
            ],
            [
              84.68563842773443,
              25.09847068786621
            ],
            [
              84.6912307739259,
              25.096902847290096
            ],
            [
              84.69564056396496,
              25.092979431152344
            ],
            [
              84.7069320678711,
              25.087680816650334
            ],
            [
              84.70730590820307,
              25.08284950256359
            ],
            [
              84.71187591552729,
              25.080301284790096
            ],
            [
              84.71520996093756,
              25.08222007751465
            ],
            [
              84.71866607666021,
              25.08066177368164
            ],
            [
              84.72032165527344,
              25.07806968688965
            ],
            [
              84.72512054443365,
              25.07792091369629
            ],
            [
              84.72490692138672,
              25.074111938476562
            ],
            [
              84.73171997070307,
              25.07208061218256
            ],
            [
              84.73287200927734,
              25.068130493164006
            ],
            [
              84.73145294189459,
              25.05792045593273
            ]
          ]
        ]
      }
    },
    {
      "type": "Feature",
      "properties": {
        "ID_0": 105,
        "ISO": "IND",
        "NAME_0": "India",
        "ID_1": 20,
        "NAME_1": "Madhya Pradesh",
        "ID_2": 271,
        "NAME_2": "Dhar",
        "NL_NAME_2": null,
        "VARNAME_2": null,
        "TYPE_2": "District",
        "ENGTYPE_2": "District",
        "district_name": "DHAR",
        "shapeName": "DHAR"
      },
      "geometry": {
        "type": "Polygon",
        "coordinates": [
          [
            [
              75.30606079101568,
              23.113391876220646
            ],
            [
              75.31194305419939,
              23.112422943115178
            ],
            [
              75.31736755371105,
              23.113098144531193
            ],
            [
              75.3192901611331,
              23.11214256286621
            ],
            [
              75.31974792480486,
              23.11027145385748
            ],
            [
              75.31865692138678,
              23.101659774780273
            ],
            [
              75.32061767578136,
              23.094690322875977
            ],
            [
              75.32463073730497,
              23.087110519409123
            ],
            [
              75.3268432617188,
              23.080781936645508
            ],
            [
              75.32711791992216,
              23.0748805999757
            ],
            [
              75.32805633544933,
              23.073921203613338
            ],
            [
              75.33009338378912,
              23.073699951171932
            ],
            [
              75.34696960449247,
              23.07582092285179
            ],
            [
              75.34806823730474,
              23.07543754577648
            ],
            [
              75.34961700439482,
              23.072299957275447
            ],
            [
              75.34816741943376,
              23.066667556762695
            ],
            [
              75.34645843505876,
              23.064878463745174
            ],
            [
              75.33856201171903,
              23.06188011169445
            ],
            [
              75.33693695068376,
              23.057619094848746
            ],
            [
              75.33716583251959,
              23.052120208740348
            ],
            [
              75.33843994140642,
              23.04635810852062
            ],
            [
              75.32496643066412,
              23.044040679931697
            ],
            [
              75.32125091552734,
              23.04446983337408
            ],
            [
              75.31217193603521,
              23.049249649047795
            ],
            [
              75.30549621582037,
              23.049970626831055
            ],
            [
              75.30445098876947,
              23.045549392700252
            ],
            [
              75.30827331542963,
              23.034141540527287
            ],
            [
              75.30441284179716,
              23.025739669799805
            ],
            [
              75.30329132080107,
              23.018890380859375
            ],
            [
              75.30316925048845,
              23.014850616455135
            ],
            [
              75.30432891845703,
              23.01090049743658
            ],
            [
              75.30377960205084,
              23.003850936889705
            ],
            [
              75.30414581298834,
              23.00159072875988
            ],
            [
              75.30307769775419,
              22.99825096130371
            ],
            [
              75.30385589599638,
              22.99653053283697
            ],
            [
              75.30591583251959,
              22.995281219482536
            ],
            [
              75.3244018554688,
              22.99086952209484
            ],
            [
              75.32601928710938,
              22.98992156982422
            ],
            [
              75.327621459961,
              22.985031127929915
            ],
            [
              75.32788848876982,
              22.973070144653377
            ],
            [
              75.3260269165039,
              22.965919494628906
            ],
            [
              75.32666015625006,
              22.962039947509993
            ],
            [
              75.32598876953153,
              22.960138320922965
            ],
            [
              75.32042694091808,
              22.9588298797608
            ],
            [
              75.31301116943388,
              22.958869934082088
            ],
            [
              75.30610656738287,
              22.957420349121207
            ],
            [
              75.30519866943388,
              22.95635986328125
            ],
            [
              75.3063278198245,
              22.95251083374046
            ],
            [
              75.30639648437517,
              22.942380905151367
            ],
            [
              75.30799865722662,
              22.93934822082531
            ],
            [
              75.30883026123075,
              22.934040069580192
            ],
            [
              75.31771850585943,
              22.93414115905756
            ],
            [
              75.32006835937528,
              22.932382583618164
            ],
            [
              75.32245635986334,
              22.922189712524528
            ],
            [
              75.32504272460966,
              22.88544082641613
            ],
            [
              75.3270874023438,
              22.88413810729992
            ],
            [
              75.33119964599626,
              22.883459091186523
            ],
            [
              75.33249664306635,
              22.879499435425032
            ],
            [
              75.33400726318388,
              22.87750053405756
            ],
            [
              75.33352661132818,
              22.877080917358512
            ],
            [
              75.33426666259783,
              22.875190734863338
            ],
            [
              75.33130645751982,
              22.86610984802246
            ],
            [
              75.33009338378912,
              22.857469558716048
            ],
            [
              75.332015991211,
              22.84188270568859
            ],
            [
              75.33631134033197,
              22.83715057373047
            ],
            [
              75.34149169921892,
              22.8347625732423
            ],
            [
              75.34513092041033,
              22.83401107788086
            ],
            [
              75.34850311279325,
              22.834339141845646
            ],
            [
              75.35645294189459,
              22.83739280700695
            ],
            [
              75.36615753173834,
              22.84999084472679
            ],
            [
              75.36956024169922,
              22.850971221923828
            ],
            [
              75.3711700439456,
              22.853080749511832
            ],
            [
              75.37193298339872,
              22.855060577392635
            ],
            [
              75.37190246582037,
              22.86524963378929
            ],
            [
              75.37298583984392,
              22.86995124816889
            ],
            [
              75.37449645996111,
              22.87136077880865
            ],
            [
              75.38080596923845,
              22.872039794921875
            ],
            [
              75.3834533691408,
              22.87267112731945
            ],
            [
              75.38658905029303,
              22.87203025817871
            ],
            [
              75.38736724853527,
              22.87306976318382
            ],
            [
              75.39137268066418,
              22.8730411529541
            ],
            [
              75.39301300048845,
              22.873880386352766
            ],
            [
              75.40349578857439,
              22.874919891357536
            ],
            [
              75.42471313476568,
              22.871561050415096
            ],
            [
              75.43241119384794,
              22.872730255126953
            ],
            [
              75.43763732910173,
              22.872650146484375
            ],
            [
              75.4410476684572,
              22.871629714965934
            ],
            [
              75.44361877441412,
              22.864900588989315
            ],
            [
              75.44138336181669,
              22.854629516601676
            ],
            [
              75.4390258789063,
              22.851339340210075
            ],
            [
              75.43447113037115,
              22.84860038757347
            ],
            [
              75.4339828491211,
              22.84715080261242
            ],
            [
              75.43554687500017,
              22.84034919738781
            ],
            [
              75.43425750732428,
              22.836282730102596
            ],
            [
              75.43250274658203,
              22.83452033996582
            ],
            [
              75.42688751220732,
              22.831300735473633
            ],
            [
              75.42321777343756,
              22.830720901489258
            ],
            [
              75.42514801025419,
              22.812629699707088
            ],
            [
              75.43383026123064,
              22.811128616333235
            ],
            [
              75.43473815917969,
              22.80146026611328
            ],
            [
              75.44100189209013,
              22.797670364379826
            ],
            [
              75.43811798095732,
              22.7902507781983
            ],
            [
              75.43723297119158,
              22.776439666748104
            ],
            [
              75.44801330566412,
              22.773120880126896
            ],
            [
              75.46372985839844,
              22.770439147949276
            ],
            [
              75.47271728515642,
              22.774539947509822
            ],
            [
              75.4810333251956,
              22.772638320922965
            ],
            [
              75.48343658447271,
              22.767520904541072
            ],
            [
              75.4885864257813,
              22.76491165161127
            ],
            [
              75.48705291748047,
              22.757989883422795
            ],
            [
              75.48532104492205,
              22.75390815734886
            ],
            [
              75.48616790771496,
              22.747699737548942
            ],
            [
              75.47873687744152,
              22.7412109375
            ],
            [
              75.47914886474638,
              22.73698043823265
            ],
            [
              75.48549652099626,
              22.735811233520565
            ],
            [
              75.49577331542969,
              22.736309051513615
            ],
            [
              75.50141906738287,
              22.73368072509777
            ],
            [
              75.50887298583996,
              22.7341117858889
            ],
            [
              75.50903320312506,
              22.721269607544002
            ],
            [
              75.51119995117216,
              22.716030120849723
            ],
            [
              75.51531219482428,
              22.710081100463867
            ],
            [
              75.5084915161134,
              22.697731018066406
            ],
            [
              75.5155487060548,
              22.685270309448242
            ],
            [
              75.51809692382812,
              22.67864990234375
            ],
            [
              75.52009582519537,
              22.6708602905274
            ],
            [
              75.52008819580084,
              22.6673908233642
            ],
            [
              75.511978149414,
              22.665660858154354
            ],
            [
              75.49884796142595,
              22.661489486694563
            ],
            [
              75.49598693847673,
              22.650949478149528
            ],
            [
              75.49579620361345,
              22.647590637207088
            ],
            [
              75.50775146484403,
              22.647150039672965
            ],
            [
              75.51886749267595,
              22.661520004272518
            ],
            [
              75.52186584472685,
              22.660661697387752
            ],
            [
              75.52195739746094,
              22.65654945373535
            ],
            [
              75.5200271606447,
              22.65537071228033
            ],
            [
              75.52201080322271,
              22.64880943298334
            ],
            [
              75.52459716796892,
              22.64409255981468
            ],
            [
              75.52704620361322,
              22.63492012023937
            ],
            [
              75.53636932373075,
              22.635150909423885
            ],
            [
              75.53907775878906,
              22.638338088989315
            ],
            [
              75.55288696289068,
              22.63966178894043
            ],
            [
              75.56337738037115,
              22.639749526977482
            ],
            [
              75.56791687011736,
              22.658420562744197
            ],
            [
              75.57125854492216,
              22.660341262817326
            ],
            [
              75.57605743408197,
              22.661600112915096
            ],
            [
              75.58201599121111,
              22.66209983825695
            ],
            [
              75.585746765137,
              22.661582946777457
            ],
            [
              75.58782196044928,
              22.657850265502987
            ],
            [
              75.5908889770509,
              22.654979705810604
            ],
            [
              75.5957260131836,
              22.654449462890625
            ],
            [
              75.60173034667974,
              22.642631530761776
            ],
            [
              75.60411834716797,
              22.636289596557674
            ],
            [
              75.61205291748058,
              22.6344509124757
            ],
            [
              75.62133789062506,
              22.633560180664176
            ],
            [
              75.63078308105497,
              22.63389015197754
            ],
            [
              75.64240264892607,
              22.634990692138786
            ],
            [
              75.66055297851557,
              22.63890075683605
            ],
            [
              75.66895294189447,
              22.638780593872013
            ],
            [
              75.67682647705095,
              22.63820075988781
            ],
            [
              75.6859970092774,
              22.63338279724121
            ],
            [
              75.69409179687528,
              22.630258560180664
            ],
            [
              75.70133972167997,
              22.63135910034191
            ],
            [
              75.70420074462919,
              22.63652992248535
            ],
            [
              75.70442199707026,
              22.64299964904785
            ],
            [
              75.7028198242188,
              22.649209976196346
            ],
            [
              75.69172668457037,
              22.646022796630916
            ],
            [
              75.68490600585943,
              22.64015960693365
            ],
            [
              75.68093109130888,
              22.642820358276424
            ],
            [
              75.68032836914068,
              22.649311065673942
            ],
            [
              75.68270874023455,
              22.65604019165039
            ],
            [
              75.68335723876959,
              22.66031074523937
            ],
            [
              75.69127655029297,
              22.66337966918951
            ],
            [
              75.70578765869158,
              22.664670944213867
            ],
            [
              75.71276855468761,
              22.638719558715877
            ],
            [
              75.71393585205107,
              22.6223201751709
            ],
            [
              75.71240997314482,
              22.621852874755803
            ],
            [
              75.70742797851574,
              22.617401123046875
            ],
            [
              75.7029876708985,
              22.615470886230412
            ],
            [
              75.69950866699236,
              22.612819671630916
            ],
            [
              75.69637298584013,
              22.608270645141545
            ],
            [
              75.69406127929693,
              22.601980209350813
            ],
            [
              75.69252777099615,
              22.600231170654354
            ],
            [
              75.69045257568371,
              22.600019454956055
            ],
            [
              75.68766021728516,
              22.597780227661076
            ],
            [
              75.67825317382841,
              22.583820343017805
            ],
            [
              75.66562652587896,
              22.579250335693416
            ],
            [
              75.65904998779297,
              22.573879241943416
            ],
            [
              75.65431213378923,
              22.571680068969727
            ],
            [
              75.65142059326172,
              22.571451187133732
            ],
            [
              75.64926910400419,
              22.57251167297386
            ],
            [
              75.64495849609392,
              22.568628311157227
            ],
            [
              75.64193725585943,
              22.57022094726574
            ],
            [
              75.63482666015625,
              22.569820404052734
            ],
            [
              75.63272857666016,
              22.568101882934627
            ],
            [
              75.63179779052751,
              22.56277084350586
            ],
            [
              75.6219329833985,
              22.563199996948242
            ],
            [
              75.61329650878923,
              22.562488555908317
            ],
            [
              75.61036682128935,
              22.566900253295955
            ],
            [
              75.60424804687528,
              22.570501327514705
            ],
            [
              75.59646606445307,
              22.57034111022955
            ],
            [
              75.5931930541995,
              22.56310844421398
            ],
            [
              75.59274291992193,
              22.558940887451172
            ],
            [
              75.59484863281256,
              22.55208969116211
            ],
            [
              75.5997619628908,
              22.544189453125
            ],
            [
              75.59800720214844,
              22.5433406829834
            ],
            [
              75.59644317626982,
              22.541362762451115
            ],
            [
              75.59673309326178,
              22.532861709594783
            ],
            [
              75.59821319580095,
              22.526290893554744
            ],
            [
              75.59481048584001,
              22.522829055786076
            ],
            [
              75.59220123291021,
              22.52139282226574
            ],
            [
              75.58096313476574,
              22.520011901855696
            ],
            [
              75.5770568847658,
              22.51740074157715
            ],
            [
              75.57160949707037,
              22.515350341796875
            ],
            [
              75.5598526000976,
              22.518409729003906
            ],
            [
              75.5580673217774,
              22.516769409179915
            ],
            [
              75.55658721923857,
              22.513160705566463
            ],
            [
              75.55689239501959,
              22.50783920288086
            ],
            [
              75.5536727905274,
              22.50085067749046
            ],
            [
              75.55438995361334,
              22.497631072998104
            ],
            [
              75.55739593505876,
              22.494722366333065
            ],
            [
              75.56391143798845,
              22.490760803222656
            ],
            [
              75.56603240966803,
              22.485071182250977
            ],
            [
              75.56495666503935,
              22.478469848632926
            ],
            [
              75.56505584716814,
              22.474250793457088
            ],
            [
              75.5701675415039,
              22.462749481201286
            ],
            [
              75.57182312011747,
              22.456140518188533
            ],
            [
              75.56546783447271,
              22.446092605590934
            ],
            [
              75.56452941894537,
              22.442779541015682
            ],
            [
              75.56505584716814,
              22.433410644531307
            ],
            [
              75.56246948242199,
              22.42574119567894
            ],
            [
              75.55708312988287,
              22.42074012756359
            ],
            [
              75.55293273925793,
              22.41911125183117
            ],
            [
              75.5453491210937,
              22.413328170776424
            ],
            [
              75.54593658447266,
              22.409299850463867
            ],
            [
              75.54854583740246,
              22.408121109008846
            ],
            [
              75.55040740966803,
              22.40485191345209
            ],
            [
              75.5504684448245,
              22.40023040771507
            ],
            [
              75.54573822021479,
              22.396511077881087
            ],
            [
              75.54808044433611,
              22.39549827575678
            ],
            [
              75.551811218262,
              22.39595985412609
            ],
            [
              75.55310821533209,
              22.39402008056635
            ],
            [
              75.5536499023438,
              22.389631271362305
            ],
            [
              75.55311584472668,
              22.386499404907227
            ],
            [
              75.5591125488283,
              22.377809524536246
            ],
            [
              75.55697631835966,
              22.371990203857365
            ],
            [
              75.55432891845703,
              22.369689941406307
            ],
            [
              75.538558959961,
              22.360771179199276
            ],
            [
              75.53643798828142,
              22.36045074462885
            ],
            [
              75.53697204589844,
              22.366699218750114
            ],
            [
              75.53288269042974,
              22.366300582885856
            ],
            [
              75.52540588378912,
              22.363149642944336
            ],
            [
              75.52311706542974,
              22.365100860595817
            ],
            [
              75.52314758300787,
              22.367750167846737
            ],
            [
              75.52606964111357,
              22.374511718750057
            ],
            [
              75.52555847167986,
              22.375770568847656
            ],
            [
              75.51985168457048,
              22.377250671386662
            ],
            [
              75.51168823242193,
              22.37411117553711
            ],
            [
              75.50948333740263,
              22.37401962280279
            ],
            [
              75.50553894042986,
              22.372051239013672
            ],
            [
              75.50364685058594,
              22.365552902221623
            ],
            [
              75.50592803955095,
              22.359970092773494
            ],
            [
              75.50894165039062,
              22.34885978698736
            ],
            [
              75.50965881347685,
              22.345680236816634
            ],
            [
              75.50895690917986,
              22.343059539794922
            ],
            [
              75.50541687011724,
              22.341560363769645
            ],
            [
              75.49948883056646,
              22.34043121337885
            ],
            [
              75.49720001220709,
              22.339179992675838
            ],
            [
              75.49198150634783,
              22.330600738525334
            ],
            [
              75.49469757080084,
              22.32821846008312
            ],
            [
              75.50517272949219,
              22.32831954956049
            ],
            [
              75.50843811035162,
              22.32439041137701
            ],
            [
              75.50846862792974,
              22.32258987426752
            ],
            [
              75.51069641113298,
              22.31939125061041
            ],
            [
              75.5104293823245,
              22.317592620849723
            ],
            [
              75.51525878906267,
              22.312641143798942
            ],
            [
              75.51632690429716,
              22.309410095214844
            ],
            [
              75.51354980468767,
              22.301631927490234
            ],
            [
              75.51496887207043,
              22.29408073425293
            ],
            [
              75.51552581787115,
              22.284191131591854
            ],
            [
              75.51641082763689,
              22.283050537109375
            ],
            [
              75.5275497436524,
              22.27663040161127
            ],
            [
              75.53058624267584,
              22.27408027648937
            ],
            [
              75.53372192382807,
              22.26765060424816
            ],
            [
              75.53382110595709,
              22.262620925903434
            ],
            [
              75.5308074951173,
              22.254020690917912
            ],
            [
              75.53012847900408,
              22.249620437622127
            ],
            [
              75.53338623046892,
              22.242321014404297
            ],
            [
              75.53584289550798,
              22.228771209716797
            ],
            [
              75.52249908447283,
              22.208900451660213
            ],
            [
              75.52059173584001,
              22.201410293579215
            ],
            [
              75.52101898193365,
              22.19552040100092
            ],
            [
              75.52014160156278,
              22.19106101989746
            ],
            [
              75.51822662353544,
              22.18836021423334
            ],
            [
              75.52009582519537,
              22.180700302124137
            ],
            [
              75.51838684082037,
              22.175580978393498
            ],
            [
              75.51066589355486,
              22.171529769897575
            ],
            [
              75.5105590820313,
              22.164140701294002
            ],
            [
              75.50495147705095,
              22.160400390625
            ],
            [
              75.49598693847673,
              22.159561157226676
            ],
            [
              75.48903656005871,
              22.15783119201666
            ],
            [
              75.48496246337896,
              22.15781974792492
            ],
            [
              75.47361755371122,
              22.15595054626459
            ],
            [
              75.46185302734392,
              22.15570831298851
            ],
            [
              75.45124053955084,
              22.15364074707037
            ],
            [
              75.44093322753912,
              22.15328979492199
            ],
            [
              75.42919921874994,
              22.14836120605463
            ],
            [
              75.42613220214872,
              22.148160934448242
            ],
            [
              75.42391967773438,
              22.147239685058594
            ],
            [
              75.40896606445341,
              22.14108276367199
            ],
            [
              75.404281616211,
              22.14032173156744
            ],
            [
              75.40019989013666,
              22.140010833740348
            ],
            [
              75.39338684082048,
              22.14083099365257
            ],
            [
              75.38549041748075,
              22.143819808960018
            ],
            [
              75.37998962402338,
              22.144359588623274
            ],
            [
              75.37651062011747,
              22.145690917968693
            ],
            [
              75.37230682373058,
              22.144050598144588
            ],
            [
              75.36667633056658,
              22.145460128784123
            ],
            [
              75.3416290283206,
              22.14174079895014
            ],
            [
              75.33309173584001,
              22.141260147094954
            ],
            [
              75.32419586181646,
              22.13900947570812
            ],
            [
              75.32002258300787,
              22.13634109497076
            ],
            [
              75.30766296386747,
              22.130210876464957
            ],
            [
              75.29281616210932,
              22.12701034545921
            ],
            [
              75.2706909179687,
              22.12834930419922
            ],
            [
              75.25470733642595,
              22.12771987915039
            ],
            [
              75.2457580566408,
              22.126510620117244
            ],
            [
              75.23207092285162,
              22.123191833496037
            ],
            [
              75.22210693359392,
              22.11977958679205
            ],
            [
              75.20900726318365,
              22.113479614257812
            ],
            [
              75.199951171875,
              22.10723114013672
            ],
            [
              75.19058227539057,
              22.1056804656983
            ],
            [
              75.18073272705078,
              22.106359481811467
            ],
            [
              75.15059661865234,
              22.105520248413143
            ],
            [
              75.14391326904314,
              22.104749679565487
            ],
            [
              75.13539886474615,
              22.101989746093864
            ],
            [
              75.11113739013678,
              22.096500396728572
            ],
            [
              75.09793853759783,
              22.097562789917106
            ],
            [
              75.09284210205084,
              22.096900939941406
            ],
            [
              75.08262634277338,
              22.097219467163086
            ],
            [
              75.06629180908203,
              22.096500396728572
            ],
            [
              75.05031585693365,
              22.092372894287053
            ],
            [
              75.02670288085966,
              22.090349197387752
            ],
            [
              75.01992034912126,
              22.089450836181697
            ],
            [
              75.01851654052763,
              22.0882186889649
            ],
            [
              75.00141143798845,
              22.08827018737793
            ],
            [
              74.98365783691406,
              22.086610794067326
            ],
            [
              74.96288299560564,
              22.08617019653326
            ],
            [
              74.95160675048828,
              22.084890365600643
            ],
            [
              74.93144226074219,
              22.085319519043026
            ],
            [
              74.90661621093767,
              22.08460044860834
            ],
            [
              74.8775024414063,
              22.077630996704215
            ],
            [
              74.84723663330107,
              22.06715965271019
            ],
            [
              74.83212280273443,
              22.062280654907283
            ],
            [
              74.8154373168947,
              22.069339752197266
            ],
            [
              74.8022689819336,
              22.07640075683605
            ],
            [
              74.7914123535158,
              22.08064079284668
            ],
            [
              74.78056335449236,
              22.0792694091798
            ],
            [
              74.76542663574247,
              22.074380874633903
            ],
            [
              74.73671722412115,
              22.062498092651367
            ],
            [
              74.7153930664063,
              22.054809570312727
            ],
            [
              74.69407653808622,
              22.04852104187023
            ],
            [
              74.6863098144533,
              22.041519165039176
            ],
            [
              74.67855834960943,
              22.035909652710018
            ],
            [
              74.6673202514649,
              22.03521919250511
            ],
            [
              74.65492248535162,
              22.036640167236442
            ],
            [
              74.64131927490251,
              22.038072586059798
            ],
            [
              74.62738800048845,
              22.032472610473633
            ],
            [
              74.6095733642581,
              22.02617073059082
            ],
            [
              74.59018707275408,
              22.022680282592773
            ],
            [
              74.57351684570341,
              22.021989822387695
            ],
            [
              74.56382751464838,
              22.024110794067383
            ],
            [
              74.55724334716803,
              22.02762031555187
            ],
            [
              74.55181121826166,
              22.031839370727653
            ],
            [
              74.54753875732428,
              22.03886032104498
            ],
            [
              74.54326629638689,
              22.045192718505916
            ],
            [
              74.53823089599638,
              22.05080032348627
            ],
            [
              74.53009033203125,
              22.051509857177848
            ],
            [
              74.52115631103533,
              22.04801177978527
            ],
            [
              74.50608062744158,
              22.04644966125494
            ],
            [
              74.4998626708985,
              22.05699157714838
            ],
            [
              74.49598693847673,
              22.065420150756893
            ],
            [
              74.49868011474615,
              22.072441101074162
            ],
            [
              74.50372314453153,
              22.07876014709484
            ],
            [
              74.50834655761719,
              22.082981109619254
            ],
            [
              74.51300811767584,
              22.089290618896598
            ],
            [
              74.51766204834013,
              22.091400146484375
            ],
            [
              74.51728057861357,
              22.09632110595703
            ],
            [
              74.51725769042997,
              22.101930618286133
            ],
            [
              74.50599670410185,
              22.100530624389705
            ],
            [
              74.4971008300783,
              22.101930618286133
            ],
            [
              74.48741149902344,
              22.097730636596793
            ],
            [
              74.48118591308605,
              22.09633064270014
            ],
            [
              74.47965240478521,
              22.099140167236385
            ],
            [
              74.47926330566412,
              22.103351593017805
            ],
            [
              74.47692871093756,
              22.106861114502067
            ],
            [
              74.4745864868164,
              22.109670639038143
            ],
            [
              74.47457885742188,
              22.11248970031744
            ],
            [
              74.47651672363298,
              22.114580154419002
            ],
            [
              74.48118591308605,
              22.114589691162166
            ],
            [
              74.48738861084001,
              22.113870620727653
            ],
            [
              74.49552917480497,
              22.113870620727653
            ],
            [
              74.51454162597662,
              22.115280151367415
            ],
            [
              74.5265502929688,
              22.11597824096691
            ],
            [
              74.53740692138678,
              22.116678237915096
            ],
            [
              74.54207611084013,
              22.11948966979992
            ],
            [
              74.54205322265653,
              22.12230110168457
            ],
            [
              74.53781127929693,
              22.126510620117244
            ],
            [
              74.53507995605486,
              22.127910614013672
            ],
            [
              74.53275299072266,
              22.130729675293196
            ],
            [
              74.53082275390653,
              22.13845252990734
            ],
            [
              74.53040313720714,
              22.144781112670955
            ],
            [
              74.52768707275396,
              22.148290634155387
            ],
            [
              74.51917266845732,
              22.14969062805187
            ],
            [
              74.51216125488281,
              22.153219223022575
            ],
            [
              74.50595855712896,
              22.156730651855582
            ],
            [
              74.50206756591814,
              22.16304969787609
            ],
            [
              74.49933624267607,
              22.169370651245174
            ],
            [
              74.49933624267607,
              22.175689697265625
            ],
            [
              74.50203704833979,
              22.1813201904298
            ],
            [
              74.50630187988287,
              22.185529708862305
            ],
            [
              74.51212310791044,
              22.18342018127464
            ],
            [
              74.51251220703153,
              22.186929702758732
            ],
            [
              74.50978851318365,
              22.191852569580305
            ],
            [
              74.51481628417963,
              22.197469711303825
            ],
            [
              74.51831817626959,
              22.202381134033317
            ],
            [
              74.52063751220709,
              22.208698272705192
            ],
            [
              74.51946258544928,
              22.21361160278326
            ],
            [
              74.51597595214844,
              22.217140197753963
            ],
            [
              74.5159683227539,
              22.221361160278377
            ],
            [
              74.51869201660156,
              22.2248592376709
            ],
            [
              74.52217102050787,
              22.22767066955589
            ],
            [
              74.52565765380888,
              22.23047256469721
            ],
            [
              74.52799987792986,
              22.236801147460994
            ],
            [
              74.53070831298828,
              22.23890113830572
            ],
            [
              74.53729248046903,
              22.237489700317326
            ],
            [
              74.54428863525396,
              22.23890113830572
            ],
            [
              74.54856872558588,
              22.2360897064209
            ],
            [
              74.55011749267578,
              22.23047256469721
            ],
            [
              74.5516662597658,
              22.2283611297608
            ],
            [
              74.55206298828142,
              22.224840164184684
            ],
            [
              74.5563507080081,
              22.220621109008846
            ],
            [
              74.56178283691423,
              22.220621109008846
            ],
            [
              74.5652694702149,
              22.224140167236442
            ],
            [
              74.56566619873053,
              22.22906112670904
            ],
            [
              74.56488800048834,
              22.235370635986385
            ],
            [
              74.56331634521501,
              22.23959159851097
            ],
            [
              74.56487274169928,
              22.244510650634822
            ],
            [
              74.56836700439482,
              22.246610641479492
            ],
            [
              74.57456970214861,
              22.243799209594727
            ],
            [
              74.5819473266601,
              22.24238014221197
            ],
            [
              74.5866088867188,
              22.243080139160213
            ],
            [
              74.59204101562528,
              22.243780136108626
            ],
            [
              74.59397888183594,
              22.249401092529297
            ],
            [
              74.59552764892595,
              22.25361061096214
            ],
            [
              74.60098266601591,
              22.25500106811529
            ],
            [
              74.60639953613298,
              22.256410598754883
            ],
            [
              74.60835266113287,
              22.25992965698248
            ],
            [
              74.60484313964838,
              22.262741088867244
            ],
            [
              74.60098266601591,
              22.264850616455078
            ],
            [
              74.60058593750011,
              22.26765060424816
            ],
            [
              74.604057312012,
              22.270458221435604
            ],
            [
              74.611068725586,
              22.271160125732422
            ],
            [
              74.62037658691412,
              22.271852493286133
            ],
            [
              74.63127136230474,
              22.271839141845817
            ],
            [
              74.64173889160162,
              22.272529602050724
            ],
            [
              74.64951324462908,
              22.274620056152287
            ],
            [
              74.65416717529303,
              22.279529571533203
            ],
            [
              74.6572875976562,
              22.2865505218507
            ],
            [
              74.66155242919922,
              22.29076957702648
            ],
            [
              74.66467285156261,
              22.297790527343807
            ],
            [
              74.66622161865263,
              22.306209564208984
            ],
            [
              74.66078186035173,
              22.30763053894043
            ],
            [
              74.65457153320324,
              22.30553054809593
            ],
            [
              74.6448516845706,
              22.305540084838867
            ],
            [
              74.6394119262697,
              22.310472488403377
            ],
            [
              74.63552856445341,
              22.312580108642635
            ],
            [
              74.63397979736357,
              22.317501068115234
            ],
            [
              74.63202667236334,
              22.32241058349632
            ],
            [
              74.62815093994158,
              22.326641082763672
            ],
            [
              74.6258087158206,
              22.331569671630803
            ],
            [
              74.62504577636747,
              22.33788108825695
            ],
            [
              74.62464904785185,
              22.344900131225643
            ],
            [
              74.62541198730497,
              22.347730636596907
            ],
            [
              74.63321685791044,
              22.354030609130973
            ],
            [
              74.63318634033209,
              22.358240127563477
            ],
            [
              74.63474273681669,
              22.364559173583928
            ],
            [
              74.63822937011719,
              22.36737060546875
            ],
            [
              74.64447784423857,
              22.370180130004996
            ],
            [
              74.65300750732428,
              22.372270584106502
            ],
            [
              74.66195678710943,
              22.371561050414982
            ],
            [
              74.67282867431646,
              22.368030548095703
            ],
            [
              74.67788696289057,
              22.363098144531364
            ],
            [
              74.6810073852539,
              22.363090515136832
            ],
            [
              74.68681335449247,
              22.363790512085075
            ],
            [
              74.68953704833984,
              22.367300033569336
            ],
            [
              74.6934432983399,
              22.367280960083235
            ],
            [
              74.69539642334013,
              22.370092391967887
            ],
            [
              74.69460296630865,
              22.375020980835018
            ],
            [
              74.6953811645509,
              22.37783241271984
            ],
            [
              74.69499969482433,
              22.38133811950695
            ],
            [
              74.69577789306669,
              22.38907051086437
            ],
            [
              74.69734954833979,
              22.393978118896484
            ],
            [
              74.69850158691406,
              22.3981990814209
            ],
            [
              74.69499969482433,
              22.401718139648438
            ],
            [
              74.6926879882813,
              22.405229568481502
            ],
            [
              74.6950225830081,
              22.408041000366325
            ],
            [
              74.69422912597662,
              22.411560058593864
            ],
            [
              74.69345092773443,
              22.415769577026367
            ],
            [
              74.69618988037138,
              22.418579101562614
            ],
            [
              74.70007324218767,
              22.423479080200195
            ],
            [
              74.70511627197277,
              22.426290512085018
            ],
            [
              74.71018981933594,
              22.425582885742244
            ],
            [
              74.71679687499994,
              22.425569534301758
            ],
            [
              74.72029876708984,
              22.426961898803825
            ],
            [
              74.72379302978521,
              22.431169509887752
            ],
            [
              74.72457122802746,
              22.434690475463924
            ],
            [
              74.72574615478544,
              22.439592361450252
            ],
            [
              74.72963714599626,
              22.44099998474144
            ],
            [
              74.73432159423857,
              22.440280914306584
            ],
            [
              74.73898315429705,
              22.438869476318416
            ],
            [
              74.74440765380871,
              22.43674850463873
            ],
            [
              74.74870300292986,
              22.436740875244197
            ],
            [
              74.74870300292986,
              22.44095993042015
            ],
            [
              74.74559020996122,
              22.44448089599632
            ],
            [
              74.74170684814459,
              22.446599960327262
            ],
            [
              74.74014282226568,
              22.45152091979986
            ],
            [
              74.73626708984375,
              22.45503044128418
            ],
            [
              74.73120880126959,
              22.457860946655387
            ],
            [
              74.72458648681669,
              22.45928192138672
            ],
            [
              74.7199325561524,
              22.462799072265852
            ],
            [
              74.71563720703153,
              22.465618133545036
            ],
            [
              74.71566009521479,
              22.470539093017635
            ],
            [
              74.71486663818388,
              22.473350524902457
            ],
            [
              74.71253967285162,
              22.476160049438477
            ],
            [
              74.70981597900396,
              22.479669570922965
            ],
            [
              74.71021270751959,
              22.481790542602653
            ],
            [
              74.71253967285162,
              22.484590530395735
            ],
            [
              74.7117767333985,
              22.490219116210938
            ],
            [
              74.71370697021513,
              22.49584007263178
            ],
            [
              74.71604919433594,
              22.499349594116268
            ],
            [
              74.71878051757818,
              22.500740051269588
            ],
            [
              74.72228240966808,
              22.499330520629996
            ],
            [
              74.72421264648466,
              22.500040054321516
            ],
            [
              74.72734832763689,
              22.50213050842308
            ],
            [
              74.72852325439459,
              22.505641937255916
            ],
            [
              74.7269592285158,
              22.509159088134766
            ],
            [
              74.72502136230469,
              22.513380050659123
            ],
            [
              74.72500610351557,
              22.517602920532283
            ],
            [
              74.72345733642607,
              22.521112442016545
            ],
            [
              74.72151184082043,
              22.52463150024414
            ],
            [
              74.71994781494146,
              22.528852462768555
            ],
            [
              74.71997070312506,
              22.53306961059576
            ],
            [
              74.72386169433588,
              22.53868293762207
            ],
            [
              74.72698211669928,
              22.543600082397518
            ],
            [
              74.7300872802735,
              22.548509597778377
            ],
            [
              74.73165130615263,
              22.552021026611442
            ],
            [
              74.7328262329101,
              22.554819107055778
            ],
            [
              74.74606323242193,
              22.561122894287337
            ],
            [
              74.75192260742205,
              22.563920974731502
            ],
            [
              74.75855255126982,
              22.566022872924748
            ],
            [
              74.7639999389649,
              22.568101882934627
            ],
            [
              74.76827239990263,
              22.571622848510742
            ],
            [
              74.77176666259783,
              22.573720932006836
            ],
            [
              74.774887084961,
              22.57300186157238
            ],
            [
              74.77918243408203,
              22.575099945068473
            ],
            [
              74.78424835205084,
              22.581420898437557
            ],
            [
              74.7846298217774,
              22.593812942504883
            ],
            [
              74.786186218262,
              22.606452941894645
            ],
            [
              74.7877578735351,
              22.616291046142692
            ],
            [
              74.79088592529303,
              22.6275310516358
            ],
            [
              74.79088592529303,
              22.635959625244254
            ],
            [
              74.78819274902361,
              22.642990112304688
            ],
            [
              74.7897567749024,
              22.649320602417106
            ],
            [
              74.79248046875028,
              22.65563011169445
            ],
            [
              74.79794311523443,
              22.659828186035384
            ],
            [
              74.79561614990251,
              22.664049148559627
            ],
            [
              74.79016113281256,
              22.670400619506836
            ],
            [
              74.78588867187517,
              22.676731109619197
            ],
            [
              74.7858963012697,
              22.68798065185547
            ],
            [
              74.78357696533203,
              22.697111129760742
            ],
            [
              74.78006744384777,
              22.70626258850109
            ],
            [
              74.77694702148438,
              22.712591171264705
            ],
            [
              74.7785263061524,
              22.72101974487316
            ],
            [
              74.77658081054693,
              22.72594070434576
            ],
            [
              74.77268981933588,
              22.73368072509777
            ],
            [
              74.7695770263673,
              22.74212265014671
            ],
            [
              74.76802062988287,
              22.746339797973746
            ],
            [
              74.76647186279303,
              22.749849319458008
            ],
            [
              74.76840972900396,
              22.752670288085938
            ],
            [
              74.77230834960932,
              22.75615119934082
            ],
            [
              74.77778625488293,
              22.758260726928825
            ],
            [
              74.78713989257841,
              22.76176071166998
            ],
            [
              74.79456329345714,
              22.762451171875057
            ],
            [
              74.80664062499994,
              22.757499694824276
            ],
            [
              74.81482696533232,
              22.75678062438965
            ],
            [
              74.8269119262697,
              22.751840591430778
            ],
            [
              74.83824157714855,
              22.751110076904354
            ],
            [
              74.84680175781256,
              22.751102447509822
            ],
            [
              74.85460662841803,
              22.751102447509822
            ],
            [
              74.85968017578125,
              22.751777648925838
            ],
            [
              74.86205291748053,
              22.757419586181754
            ],
            [
              74.86944580078142,
              22.757431030273438
            ],
            [
              74.87568664550776,
              22.756731033325195
            ],
            [
              74.88233947753935,
              22.75745010375988
            ],
            [
              74.88778686523443,
              22.757459640502987
            ],
            [
              74.89285278320307,
              22.75535011291504
            ],
            [
              74.89675140380865,
              22.75041007995617
            ],
            [
              74.89987182617216,
              22.753229141235295
            ],
            [
              74.90455627441412,
              22.75958061218273
            ],
            [
              74.90653228759777,
              22.766611099243164
            ],
            [
              74.907730102539,
              22.769401550292912
            ],
            [
              74.90850830078125,
              22.775001525878963
            ],
            [
              74.91201782226568,
              22.777099609375057
            ],
            [
              74.91750335693376,
              22.779870986938533
            ],
            [
              74.9241333007812,
              22.783319473266715
            ],
            [
              74.92999267578136,
              22.788892745971737
            ],
            [
              74.93583679199224,
              22.79305076599121
            ],
            [
              74.9401397705081,
              22.793729782104606
            ],
            [
              74.94287109375017,
              22.797929763793945
            ],
            [
              74.94796752929682,
              22.804201126098633
            ],
            [
              74.9518661499024,
              22.807710647583065
            ],
            [
              74.95421600341808,
              22.809801101684627
            ],
            [
              74.95305633544928,
              22.8154296875
            ],
            [
              74.95462799072294,
              22.818929672241154
            ],
            [
              74.9558181762697,
              22.82383918762207
            ],
            [
              74.95543670654314,
              22.82876014709467
            ],
            [
              74.95545959472673,
              22.833669662475586
            ],
            [
              74.9581909179688,
              22.839260101318473
            ],
            [
              74.96250152587908,
              22.846960067749137
            ],
            [
              74.96678924560553,
              22.851142883300838
            ],
            [
              74.97307586669928,
              22.85740089416504
            ],
            [
              74.9793319702149,
              22.860830307006893
            ],
            [
              74.98362731933622,
              22.864271163940487
            ],
            [
              74.98713684082031,
              22.86840057373047
            ],
            [
              74.989486694336,
              22.875270843505916
            ],
            [
              74.990287780762,
              22.880741119384766
            ],
            [
              74.98914337158232,
              22.885549545288086
            ],
            [
              74.98837280273466,
              22.890369415283317
            ],
            [
              74.99034118652361,
              22.896530151367415
            ],
            [
              74.99503326416027,
              22.901992797851562
            ],
            [
              75.00092315673834,
              22.907569885253963
            ],
            [
              75.00425720214844,
              22.914381027221737
            ],
            [
              75.00450897216803,
              22.922210693359375
            ],
            [
              75.00231170654325,
              22.929809570312443
            ],
            [
              75.0087509155274,
              22.94343185424799
            ],
            [
              75.00872039794928,
              22.94643974304205
            ],
            [
              75.00702667236334,
              22.951259613037053
            ],
            [
              75.00477600097685,
              22.95306015014654
            ],
            [
              75.00476074218761,
              22.956930160522518
            ],
            [
              75.0051879882812,
              22.95989036560053
            ],
            [
              75.00813293457037,
              22.962429046631087
            ],
            [
              75.009506225586,
              22.96471023559593
            ],
            [
              75.00860595703153,
              22.969369888305664
            ],
            [
              75.00557708740229,
              22.9725399017334
            ],
            [
              75.00521087646484,
              22.97547912597662
            ],
            [
              75.007553100586,
              22.98280906677246
            ],
            [
              75.00757598876959,
              22.985469818115234
            ],
            [
              75.00949096679693,
              22.988069534301758
            ],
            [
              75.00982666015642,
              22.994340896606445
            ],
            [
              75.00975036621122,
              22.995229721069336
            ],
            [
              75.01011657714872,
              23.002929687500057
            ],
            [
              75.01127624511747,
              23.004978179931697
            ],
            [
              75.00815582275396,
              23.00761032104498
            ],
            [
              75.0082321166995,
              23.011180877685547
            ],
            [
              75.01097106933611,
              23.0144500732423
            ],
            [
              75.00712585449236,
              23.019599914550895
            ],
            [
              75.010307312012,
              23.02589988708496
            ],
            [
              75.0131225585938,
              23.03737831115734
            ],
            [
              75.01442718505865,
              23.046461105346793
            ],
            [
              75.00862121582026,
              23.053911209106502
            ],
            [
              75.00711059570312,
              23.06793975830078
            ],
            [
              75.01293945312506,
              23.0843505859375
            ],
            [
              75.01303863525408,
              23.09350967407238
            ],
            [
              75.00981903076189,
              23.11384010314947
            ],
            [
              75.016410827637,
              23.11609077453619
            ],
            [
              75.0187377929687,
              23.115919113159123
            ],
            [
              75.02079772949247,
              23.114940643310547
            ],
            [
              75.03634643554688,
              23.115070343017692
            ],
            [
              75.04627227783209,
              23.10954093933111
            ],
            [
              75.05053710937511,
              23.108949661254826
            ],
            [
              75.05229187011747,
              23.109830856323242
            ],
            [
              75.06356048583979,
              23.10993957519537
            ],
            [
              75.07353210449236,
              23.107980728149528
            ],
            [
              75.0755767822265,
              23.106401443481502
            ],
            [
              75.09169769287115,
              23.11025047302246
            ],
            [
              75.09648895263678,
              23.112030029296932
            ],
            [
              75.10472869873075,
              23.11338233947754
            ],
            [
              75.11022186279303,
              23.116609573364258
            ],
            [
              75.11670684814459,
              23.11219978332514
            ],
            [
              75.1298217773438,
              23.109830856323242
            ],
            [
              75.13086700439482,
              23.108869552612305
            ],
            [
              75.13424682617193,
              23.1094207763673
            ],
            [
              75.13842010498053,
              23.106790542602596
            ],
            [
              75.14196014404297,
              23.10872077941906
            ],
            [
              75.15228271484392,
              23.107570648193587
            ],
            [
              75.15563964843778,
              23.108411788940487
            ],
            [
              75.15814208984403,
              23.109931945800838
            ],
            [
              75.1607284545899,
              23.109508514404354
            ],
            [
              75.1622924804688,
              23.108039855957088
            ],
            [
              75.16587066650396,
              23.108520507812443
            ],
            [
              75.17006683349615,
              23.10738182067871
            ],
            [
              75.17698669433605,
              23.10321044921875
            ],
            [
              75.17948150634794,
              23.102439880371094
            ],
            [
              75.17669677734392,
              23.096040725708008
            ],
            [
              75.17946624755871,
              23.098360061645565
            ],
            [
              75.18527984619158,
              23.09482002258312
            ],
            [
              75.18873596191423,
              23.09435081481928
            ],
            [
              75.19248962402338,
              23.09507942199707
            ],
            [
              75.19676971435553,
              23.093408584594954
            ],
            [
              75.20217895507841,
              23.09301185607916
            ],
            [
              75.20656585693388,
              23.092889785766715
            ],
            [
              75.21041107177763,
              23.093839645385742
            ],
            [
              75.22058105468767,
              23.0908718109132
            ],
            [
              75.23240661621111,
              23.090431213378906
            ],
            [
              75.23519134521513,
              23.090749740600586
            ],
            [
              75.24030303955084,
              23.094301223754883
            ],
            [
              75.24185180664091,
              23.0964298248291
            ],
            [
              75.24230957031267,
              23.106412887573242
            ],
            [
              75.24340820312528,
              23.109989166259766
            ],
            [
              75.24266052246088,
              23.117130279541072
            ],
            [
              75.24102020263678,
              23.123308181762695
            ],
            [
              75.24098968505876,
              23.127550125122298
            ],
            [
              75.2400970458985,
              23.129720687866268
            ],
            [
              75.24005889892584,
              23.134599685669002
            ],
            [
              75.2415161132812,
              23.13907051086437
            ],
            [
              75.24653625488281,
              23.139680862426758
            ],
            [
              75.25058746337896,
              23.13870048522955
            ],
            [
              75.27533721923828,
              23.13856124877924
            ],
            [
              75.3019332885745,
              23.13219070434576
            ],
            [
              75.30272674560575,
              23.12721061706543
            ],
            [
              75.3024291992188,
              23.116729736328068
            ],
            [
              75.30326843261747,
              23.115089416503963
            ],
            [
              75.30606079101568,
              23.113391876220646
            ]
          ]
        ]
      }
    },
    {
      "type": "Feature",
      "properties": {
        "ID_0": 105,
        "ISO": "IND",
        "NAME_0": "India",
        "ID_1": 21,
        "NAME_1": "Maharashtra",
        "ID_2": 309,
        "NAME_2": "Aurangabad",
        "NL_NAME_2": null,
        "VARNAME_2": null,
        "TYPE_2": "District",
        "ENGTYPE_2": "District",
        "district_name": "AURANGABAD",
        "shapeName": "AURANGABAD"
      },
      "geometry": {
        "type": "Polygon",
        "coordinates": [
          [
            [
              75.70672607421875,
              20.663240432739315
            ],
            [
              75.70391845703125,
              20.654541015625
            ],
            [
              75.70323181152355,
              20.647010803222713
            ],
            [
              75.70043182373047,
              20.632970809936523
            ],
            [
              75.70095825195341,
              20.624179840087947
            ],
            [
              75.70398712158214,
              20.619388580322266
            ],
            [
              75.70736694335943,
              20.617000579834098
            ],
            [
              75.72519683837919,
              20.62219047546398
            ],
            [
              75.73181915283209,
              20.612091064453352
            ],
            [
              75.73419189453125,
              20.61176109313959
            ],
            [
              75.75208282470732,
              20.61757087707514
            ],
            [
              75.75943756103521,
              20.615869522094727
            ],
            [
              75.76094818115234,
              20.602910995483455
            ],
            [
              75.7597732543947,
              20.588180541992188
            ],
            [
              75.7605285644533,
              20.58159065246582
            ],
            [
              75.76759338378923,
              20.580049514770508
            ],
            [
              75.77303314208996,
              20.580898284912166
            ],
            [
              75.78579711914068,
              20.5884304046632
            ],
            [
              75.79035186767584,
              20.588241577148494
            ],
            [
              75.79197692871088,
              20.578960418701172
            ],
            [
              75.78868865966825,
              20.569732666015682
            ],
            [
              75.78987121582026,
              20.566989898681868
            ],
            [
              75.80632019042986,
              20.57155036926281
            ],
            [
              75.81163024902344,
              20.57003974914562
            ],
            [
              75.81784820556646,
              20.56645965576172
            ],
            [
              75.82115936279291,
              20.56332015991211
            ],
            [
              75.82704925537138,
              20.562429428100643
            ],
            [
              75.83853912353533,
              20.56529045104986
            ],
            [
              75.84644317626959,
              20.569242477416992
            ],
            [
              75.84957122802729,
              20.571620941162223
            ],
            [
              75.83812713623041,
              20.574712753296012
            ],
            [
              75.83016204834001,
              20.575990676879826
            ],
            [
              75.8350296020509,
              20.582201004028548
            ],
            [
              75.83448028564482,
              20.596939086914062
            ],
            [
              75.84587860107428,
              20.597240447998047
            ],
            [
              75.84123992919939,
              20.604679107666016
            ],
            [
              75.83995819091803,
              20.610839843749943
            ],
            [
              75.84126281738287,
              20.618209838867244
            ],
            [
              75.84384918212885,
              20.620130538940543
            ],
            [
              75.85634613037115,
              20.619970321655273
            ],
            [
              75.85653686523443,
              20.626480102539006
            ],
            [
              75.8695831298831,
              20.625240325927678
            ],
            [
              75.87220764160162,
              20.602481842041072
            ],
            [
              75.88777923584001,
              20.598489761352482
            ],
            [
              75.88932800292974,
              20.579189300537337
            ],
            [
              75.88909149169939,
              20.569732666015682
            ],
            [
              75.88993835449224,
              20.564979553222884
            ],
            [
              75.88873291015642,
              20.563030242920036
            ],
            [
              75.87621307373053,
              20.560752868652344
            ],
            [
              75.8706665039063,
              20.56147003173828
            ],
            [
              75.86544036865251,
              20.56337165832531
            ],
            [
              75.8675613403322,
              20.557800292968864
            ],
            [
              75.8723373413086,
              20.55314064025879
            ],
            [
              75.87977600097656,
              20.54096984863287
            ],
            [
              75.88684082031256,
              20.532712936401424
            ],
            [
              75.88757324218767,
              20.527601242065543
            ],
            [
              75.87973785400408,
              20.52906990051264
            ],
            [
              75.87660217285168,
              20.53153038024908
            ],
            [
              75.87403869628923,
              20.53141975402832
            ],
            [
              75.868392944336,
              20.528900146484375
            ],
            [
              75.86408233642578,
              20.529241561889705
            ],
            [
              75.86357879638678,
              20.525461196899414
            ],
            [
              75.8651580810548,
              20.52482986450218
            ],
            [
              75.86310577392607,
              20.51943969726574
            ],
            [
              75.86207580566412,
              20.512821197509993
            ],
            [
              75.86089324951172,
              20.511779785156307
            ],
            [
              75.8574295043947,
              20.511249542236328
            ],
            [
              75.85721588134766,
              20.509250640869254
            ],
            [
              75.85405731201178,
              20.50910949707037
            ],
            [
              75.85370635986334,
              20.49812126159668
            ],
            [
              75.85220336914091,
              20.49180984497076
            ],
            [
              75.85672760009771,
              20.48259925842285
            ],
            [
              75.86004638671903,
              20.48348808288597
            ],
            [
              75.86237335205078,
              20.483289718627987
            ],
            [
              75.86328125000028,
              20.4814395904541
            ],
            [
              75.86485290527344,
              20.47824859619152
            ],
            [
              75.86721038818365,
              20.469039916992415
            ],
            [
              75.86837768554693,
              20.46693038940424
            ],
            [
              75.87033843994169,
              20.465391159057674
            ],
            [
              75.87319183349638,
              20.465370178222656
            ],
            [
              75.87539672851568,
              20.462789535522404
            ],
            [
              75.87667846679688,
              20.457080841064453
            ],
            [
              75.87697601318365,
              20.456729888916072
            ],
            [
              75.87815093994169,
              20.455369949340877
            ],
            [
              75.88604736328142,
              20.45214271545416
            ],
            [
              75.89478302001947,
              20.448570251464844
            ],
            [
              75.88919830322277,
              20.44775009155279
            ],
            [
              75.88466644287104,
              20.447088241577205
            ],
            [
              75.8845825195313,
              20.445310592651367
            ],
            [
              75.88239288330078,
              20.44132041931158
            ],
            [
              75.87882232666016,
              20.440429687500227
            ],
            [
              75.87467956542974,
              20.441829681396484
            ],
            [
              75.87062072753906,
              20.4417400360108
            ],
            [
              75.8687591552735,
              20.442108154296875
            ],
            [
              75.86573791503918,
              20.442720413208008
            ],
            [
              75.8655471801759,
              20.444499969482422
            ],
            [
              75.86975860595732,
              20.447700500488338
            ],
            [
              75.8694915771485,
              20.449710845947322
            ],
            [
              75.85993957519531,
              20.46346092224144
            ],
            [
              75.85803985595709,
              20.464410781860295
            ],
            [
              75.85370635986334,
              20.461391448974723
            ],
            [
              75.84973907470732,
              20.461469650268555
            ],
            [
              75.84438323974638,
              20.461580276489258
            ],
            [
              75.84101104736328,
              20.463100433349723
            ],
            [
              75.83921813964855,
              20.46642112731928
            ],
            [
              75.83155059814459,
              20.474260330200252
            ],
            [
              75.82618713378912,
              20.475828170776367
            ],
            [
              75.82038116455107,
              20.475019454956055
            ],
            [
              75.81848144531244,
              20.472530364990234
            ],
            [
              75.81611633300787,
              20.46722984313965
            ],
            [
              75.8124008178711,
              20.467769622802734
            ],
            [
              75.80026245117193,
              20.46483039855957
            ],
            [
              75.79895019531256,
              20.46263122558605
            ],
            [
              75.79965209960955,
              20.454521179199276
            ],
            [
              75.79691314697294,
              20.455490112304744
            ],
            [
              75.78337097167997,
              20.45730018615734
            ],
            [
              75.77887725830078,
              20.456960678100643
            ],
            [
              75.77445983886736,
              20.457611083984432
            ],
            [
              75.76975250244146,
              20.455610275268555
            ],
            [
              75.76628112792986,
              20.452239990234432
            ],
            [
              75.76355743408197,
              20.440891265869197
            ],
            [
              75.76354217529325,
              20.437259674072322
            ],
            [
              75.76049804687494,
              20.42867088317871
            ],
            [
              75.75150299072294,
              20.426040649414062
            ],
            [
              75.74888610839844,
              20.426359176635685
            ],
            [
              75.74373626708984,
              20.424869537353572
            ],
            [
              75.74009704589838,
              20.4209308624267
            ],
            [
              75.73818206787104,
              20.41580009460455
            ],
            [
              75.7411727905274,
              20.409669876098576
            ],
            [
              75.75057983398432,
              20.40742111206049
            ],
            [
              75.75332641601568,
              20.405260086059684
            ],
            [
              75.75533294677763,
              20.400690078735465
            ],
            [
              75.75549316406261,
              20.397171020507926
            ],
            [
              75.75537109375,
              20.39544105529791
            ],
            [
              75.75518798828142,
              20.39291954040533
            ],
            [
              75.75192260742182,
              20.38299942016613
            ],
            [
              75.75168609619169,
              20.38126182556175
            ],
            [
              75.75141143798828,
              20.37920951843273
            ],
            [
              75.75186157226574,
              20.377508163452262
            ],
            [
              75.75255584716797,
              20.374841690063533
            ],
            [
              75.75538635253923,
              20.372411727905273
            ],
            [
              75.76053619384783,
              20.371419906616154
            ],
            [
              75.76169586181658,
              20.36178016662609
            ],
            [
              75.76449584960966,
              20.360651016235295
            ],
            [
              75.76699066162104,
              20.359649658203068
            ],
            [
              75.77025604248064,
              20.35495948791504
            ],
            [
              75.77416992187506,
              20.33822250366211
            ],
            [
              75.76992797851568,
              20.339040756225586
            ],
            [
              75.76788330078136,
              20.337871551513672
            ],
            [
              75.76769256591808,
              20.337671279907454
            ],
            [
              75.76426696777355,
              20.333858489990234
            ],
            [
              75.75668334960932,
              20.32917976379389
            ],
            [
              75.7513732910158,
              20.329242706298828
            ],
            [
              75.74698638916033,
              20.330631256103516
            ],
            [
              75.74581146240229,
              20.338380813598633
            ],
            [
              75.74162292480463,
              20.33937072753912
            ],
            [
              75.73618316650396,
              20.337650299072266
            ],
            [
              75.73532867431635,
              20.332981109619197
            ],
            [
              75.72722625732428,
              20.33249282836914
            ],
            [
              75.7198104858399,
              20.333271026611328
            ],
            [
              75.71290588378912,
              20.318471908569336
            ],
            [
              75.7091827392581,
              20.3171710968017
            ],
            [
              75.70623016357428,
              20.315128326416016
            ],
            [
              75.68678283691412,
              20.310779571533203
            ],
            [
              75.68541717529297,
              20.308229446411133
            ],
            [
              75.68920898437517,
              20.30089950561529
            ],
            [
              75.69301605224626,
              20.29652976989746
            ],
            [
              75.69415283203142,
              20.29437065124506
            ],
            [
              75.69769287109386,
              20.28754997253418
            ],
            [
              75.69725799560553,
              20.28161811828619
            ],
            [
              75.69381713867193,
              20.27180099487316
            ],
            [
              75.69064331054699,
              20.26653099060053
            ],
            [
              75.68374633789068,
              20.25943946838379
            ],
            [
              75.68049621582037,
              20.248249053955135
            ],
            [
              75.67720031738298,
              20.241479873657227
            ],
            [
              75.67687988281256,
              20.238660812378043
            ],
            [
              75.67836761474615,
              20.23625183105463
            ],
            [
              75.68189239501982,
              20.23427963256836
            ],
            [
              75.68268585205072,
              20.230560302734375
            ],
            [
              75.6811828613283,
              20.22104072570795
            ],
            [
              75.6812362670899,
              20.218711853027344
            ],
            [
              75.68129730224621,
              20.216329574585075
            ],
            [
              75.68525695800787,
              20.205619812011776
            ],
            [
              75.685043334961,
              20.202800750732422
            ],
            [
              75.68033599853527,
              20.192329406738395
            ],
            [
              75.67807006835966,
              20.190290451049805
            ],
            [
              75.67560577392607,
              20.18951034545904
            ],
            [
              75.66493988037104,
              20.190811157226676
            ],
            [
              75.6499328613283,
              20.19263076782238
            ],
            [
              75.6488723754884,
              20.186290740966854
            ],
            [
              75.64597320556646,
              20.177570343017692
            ],
            [
              75.6444702148438,
              20.16575813293457
            ],
            [
              75.64466857910168,
              20.16093063354498
            ],
            [
              75.64084625244146,
              20.14738082885748
            ],
            [
              75.63996124267572,
              20.14361953735363
            ],
            [
              75.63884735107439,
              20.141529083252067
            ],
            [
              75.63743591308622,
              20.138879776000977
            ],
            [
              75.63659667968756,
              20.133241653442496
            ],
            [
              75.63704681396496,
              20.12928009033203
            ],
            [
              75.63080596923822,
              20.110628128051758
            ],
            [
              75.62847900390653,
              20.10661125183111
            ],
            [
              75.62216949462902,
              20.104949951171932
            ],
            [
              75.60836791992193,
              20.1048393249514
            ],
            [
              75.59079742431658,
              20.10318946838379
            ],
            [
              75.59062194824219,
              20.08534049987793
            ],
            [
              75.5909729003908,
              20.07971954345703
            ],
            [
              75.59320068359403,
              20.069471359253043
            ],
            [
              75.59570312499994,
              20.06245994567871
            ],
            [
              75.5979461669923,
              20.062030792236328
            ],
            [
              75.60167694091814,
              20.063669204711857
            ],
            [
              75.60470581054705,
              20.057279586791935
            ],
            [
              75.60771942138666,
              20.05548095703125
            ],
            [
              75.60877227783209,
              20.052972793579215
            ],
            [
              75.60436248779303,
              20.0480899810791
            ],
            [
              75.5949020385745,
              20.029300689697493
            ],
            [
              75.59513854980463,
              20.024471282958984
            ],
            [
              75.59691619873047,
              20.021938323974723
            ],
            [
              75.60013580322283,
              20.01942062377941
            ],
            [
              75.60251617431652,
              20.015220642089844
            ],
            [
              75.60279846191423,
              20.009721755981445
            ],
            [
              75.60639190673822,
              20.006998062133903
            ],
            [
              75.61458587646479,
              20.005641937255916
            ],
            [
              75.63986206054693,
              20.004920959472656
            ],
            [
              75.63932037353521,
              20.00406265258789
            ],
            [
              75.63134002685575,
              20.001739501953352
            ],
            [
              75.6376495361331,
              19.99583244323742
            ],
            [
              75.6353225708009,
              19.983980178833008
            ],
            [
              75.63922882080095,
              19.97013092041027
            ],
            [
              75.64212036132812,
              19.961620330810604
            ],
            [
              75.63871765136724,
              19.956182479858512
            ],
            [
              75.64227294921892,
              19.956260681152344
            ],
            [
              75.65212249755888,
              19.95219993591303
            ],
            [
              75.66927337646496,
              19.940811157226562
            ],
            [
              75.66783142089861,
              19.92790031433111
            ],
            [
              75.66887664794928,
              19.921501159668082
            ],
            [
              75.66368865966803,
              19.917081832885856
            ],
            [
              75.65496063232428,
              19.911520004272575
            ],
            [
              75.65142059326172,
              19.87817955017084
            ],
            [
              75.64884185791021,
              19.87490081787132
            ],
            [
              75.65158843994135,
              19.871751785278434
            ],
            [
              75.6485671997072,
              19.851299285888672
            ],
            [
              75.64897918701189,
              19.83629989624029
            ],
            [
              75.65367889404325,
              19.825679779052678
            ],
            [
              75.65394592285156,
              19.816040039062614
            ],
            [
              75.63803863525419,
              19.814590454101562
            ],
            [
              75.64279174804716,
              19.801828384399414
            ],
            [
              75.6465682983399,
              19.7933406829834
            ],
            [
              75.64676666259777,
              19.785829544067383
            ],
            [
              75.63796997070318,
              19.7834796905517
            ],
            [
              75.63992309570341,
              19.777088165283203
            ],
            [
              75.62928771972656,
              19.776840209960994
            ],
            [
              75.62950134277361,
              19.753482818603572
            ],
            [
              75.62947845458984,
              19.75261116027832
            ],
            [
              75.6293563842774,
              19.74677085876459
            ],
            [
              75.6316528320313,
              19.746250152588118
            ],
            [
              75.63121795654314,
              19.73858070373558
            ],
            [
              75.63768768310547,
              19.735340118408203
            ],
            [
              75.63445281982439,
              19.70522117614746
            ],
            [
              75.63149261474615,
              19.70218086242687
            ],
            [
              75.63720703125006,
              19.679571151733455
            ],
            [
              75.63494873046886,
              19.656211853027287
            ],
            [
              75.61190032959013,
              19.657020568847656
            ],
            [
              75.60869598388672,
              19.642169952392692
            ],
            [
              75.60193634033209,
              19.641431808471793
            ],
            [
              75.59250640869158,
              19.638439178466797
            ],
            [
              75.59395599365263,
              19.629779815673942
            ],
            [
              75.59694671630865,
              19.620199203491268
            ],
            [
              75.60148620605486,
              19.610889434814567
            ],
            [
              75.60021972656256,
              19.60762977600092
            ],
            [
              75.60238647460932,
              19.603031158447322
            ],
            [
              75.61541748046875,
              19.602910995483512
            ],
            [
              75.6175384521485,
              19.598831176757812
            ],
            [
              75.65329742431669,
              19.59559822082531
            ],
            [
              75.6547470092774,
              19.592838287353516
            ],
            [
              75.65468597412126,
              19.58893966674816
            ],
            [
              75.65595245361357,
              19.586240768432617
            ],
            [
              75.65653991699247,
              19.577400207519645
            ],
            [
              75.6585311889649,
              19.56741905212408
            ],
            [
              75.65714263916016,
              19.555189132690657
            ],
            [
              75.6522827148438,
              19.54584121704113
            ],
            [
              75.64540100097662,
              19.52892112731945
            ],
            [
              75.6455688476563,
              19.512380599975586
            ],
            [
              75.64675903320318,
              19.49941062927246
            ],
            [
              75.644271850586,
              19.486850738525618
            ],
            [
              75.6375579833985,
              19.470840454101562
            ],
            [
              75.63629913330107,
              19.465051651001033
            ],
            [
              75.63358306884771,
              19.461151123046875
            ],
            [
              75.63117980957026,
              19.461322784423885
            ],
            [
              75.62542724609403,
              19.464530944824162
            ],
            [
              75.62092590332048,
              19.46850013732933
            ],
            [
              75.61646270751982,
              19.45720100402832
            ],
            [
              75.61290740966814,
              19.453979492187557
            ],
            [
              75.61119079589861,
              19.430980682373104
            ],
            [
              75.6139602661134,
              19.42867088317871
            ],
            [
              75.61998748779314,
              19.42551994323742
            ],
            [
              75.61913299560575,
              19.409330368042106
            ],
            [
              75.61743164062528,
              19.400489807128906
            ],
            [
              75.61145019531256,
              19.38202285766613
            ],
            [
              75.60295867919916,
              19.383630752563533
            ],
            [
              75.58975982666044,
              19.37893104553217
            ],
            [
              75.57765960693365,
              19.38146018981945
            ],
            [
              75.57372283935558,
              19.38018989563011
            ],
            [
              75.53058624267584,
              19.399549484253157
            ],
            [
              75.52488708496105,
              19.401260375976562
            ],
            [
              75.52139282226568,
              19.40384292602539
            ],
            [
              75.51969909667974,
              19.409080505371094
            ],
            [
              75.51957702636747,
              19.41613006591797
            ],
            [
              75.5138473510745,
              19.420841217041072
            ],
            [
              75.51023864746122,
              19.42485046386713
            ],
            [
              75.51107788085955,
              19.429098129272518
            ],
            [
              75.50842285156256,
              19.431449890136946
            ],
            [
              75.50287628173845,
              19.43110084533697
            ],
            [
              75.49385070800776,
              19.440629959106502
            ],
            [
              75.48902130126959,
              19.44022941589367
            ],
            [
              75.48227691650408,
              19.432199478149414
            ],
            [
              75.47943878173834,
              19.42547988891613
            ],
            [
              75.48111724853533,
              19.421689987182674
            ],
            [
              75.47997283935564,
              19.42204093933111
            ],
            [
              75.47695922851568,
              19.415620803833008
            ],
            [
              75.47486114501959,
              19.414749145507756
            ],
            [
              75.47081756591814,
              19.41371154785179
            ],
            [
              75.46411895751953,
              19.415370941162223
            ],
            [
              75.45900726318376,
              19.414390563964844
            ],
            [
              75.4549102783206,
              19.412389755249137
            ],
            [
              75.45099639892595,
              19.41371154785179
            ],
            [
              75.44947814941406,
              19.418979644775447
            ],
            [
              75.44959259033232,
              19.42748069763178
            ],
            [
              75.44616699218744,
              19.428050994873047
            ],
            [
              75.44209289550787,
              19.421720504760856
            ],
            [
              75.43237304687506,
              19.41662025451683
            ],
            [
              75.42459106445341,
              19.416389465332088
            ],
            [
              75.41718292236322,
              19.418159484863395
            ],
            [
              75.41361999511719,
              19.418109893798828
            ],
            [
              75.41011810302729,
              19.417932510376033
            ],
            [
              75.40628051757841,
              19.415410995483512
            ],
            [
              75.39807128906278,
              19.415279388427734
            ],
            [
              75.39332580566435,
              19.410570144653434
            ],
            [
              75.38656616210943,
              19.410800933838004
            ],
            [
              75.38423156738298,
              19.40936088562006
            ],
            [
              75.38284301757807,
              19.407009124755973
            ],
            [
              75.3795928955081,
              19.40402984619152
            ],
            [
              75.36850738525419,
              19.398000717163143
            ],
            [
              75.3454818725586,
              19.406339645385742
            ],
            [
              75.34655761718761,
              19.409549713134766
            ],
            [
              75.3526458740235,
              19.416040420532454
            ],
            [
              75.35681152343756,
              19.423919677734375
            ],
            [
              75.35913848876964,
              19.430629730224723
            ],
            [
              75.35930633544928,
              19.438262939453125
            ],
            [
              75.35842132568388,
              19.441831588745117
            ],
            [
              75.3551559448245,
              19.446010589599666
            ],
            [
              75.35170745849621,
              19.44847106933605
            ],
            [
              75.3477325439456,
              19.446739196777457
            ],
            [
              75.33695983886724,
              19.438119888305664
            ],
            [
              75.33448028564459,
              19.437589645385685
            ],
            [
              75.33061981201189,
              19.4421329498291
            ],
            [
              75.3271713256836,
              19.45463943481451
            ],
            [
              75.3287963867188,
              19.463830947875977
            ],
            [
              75.34379577636736,
              19.464130401611385
            ],
            [
              75.34789276123058,
              19.474010467529297
            ],
            [
              75.3521804809572,
              19.48170280456543
            ],
            [
              75.36384582519537,
              19.48027992248535
            ],
            [
              75.36535644531267,
              19.485900878906193
            ],
            [
              75.36342620849626,
              19.493350982666072
            ],
            [
              75.35827636718767,
              19.501329421997127
            ],
            [
              75.35135650634794,
              19.497940063476562
            ],
            [
              75.34501647949224,
              19.497360229492188
            ],
            [
              75.34046173095732,
              19.47921943664562
            ],
            [
              75.33293914794922,
              19.479900360107422
            ],
            [
              75.33531951904325,
              19.50365829467779
            ],
            [
              75.33036804199247,
              19.504169464111328
            ],
            [
              75.33091735839855,
              19.497400283813477
            ],
            [
              75.32923126220732,
              19.494831085205078
            ],
            [
              75.32441711425787,
              19.494070053100586
            ],
            [
              75.31696319580084,
              19.494739532470817
            ],
            [
              75.31536865234392,
              19.49957084655756
            ],
            [
              75.30834960937506,
              19.50127983093273
            ],
            [
              75.30829620361345,
              19.508449554443473
            ],
            [
              75.29939270019537,
              19.509349822998104
            ],
            [
              75.27941131591808,
              19.513580322265625
            ],
            [
              75.2871704101563,
              19.536201477050895
            ],
            [
              75.28704833984386,
              19.540958404541016
            ],
            [
              75.28569793701178,
              19.54704093933117
            ],
            [
              75.28388977050798,
              19.549730300903377
            ],
            [
              75.28135681152372,
              19.55128288269043
            ],
            [
              75.27713012695324,
              19.55220031738287
            ],
            [
              75.2735061645509,
              19.551668167114315
            ],
            [
              75.27153015136724,
              19.54885292053234
            ],
            [
              75.26860046386713,
              19.530031204223633
            ],
            [
              75.26631927490234,
              19.524461746215763
            ],
            [
              75.26432037353521,
              19.523199081421012
            ],
            [
              75.26023864746111,
              19.524051666259993
            ],
            [
              75.25389099121122,
              19.53098106384283
            ],
            [
              75.24996185302751,
              19.533609390258903
            ],
            [
              75.24289703369158,
              19.53750991821289
            ],
            [
              75.2342758178711,
              19.54059028625511
            ],
            [
              75.23168182373053,
              19.542711257934627
            ],
            [
              75.2291259765625,
              19.54649925231928
            ],
            [
              75.22303771972673,
              19.553440093994197
            ],
            [
              75.21553802490263,
              19.5577011108399
            ],
            [
              75.2095565795899,
              19.56257820129406
            ],
            [
              75.20793151855497,
              19.564990997314453
            ],
            [
              75.21129608154303,
              19.572509765625
            ],
            [
              75.20928955078125,
              19.57911109924322
            ],
            [
              75.20671081542974,
              19.578760147094783
            ],
            [
              75.19727325439453,
              19.59399986267084
            ],
            [
              75.1908569335938,
              19.596630096435547
            ],
            [
              75.18253326416044,
              19.597471237182617
            ],
            [
              75.1749420166015,
              19.59690093994135
            ],
            [
              75.16945648193376,
              19.595552444458065
            ],
            [
              75.16542053222656,
              19.594230651855412
            ],
            [
              75.16124725341814,
              19.589281082153434
            ],
            [
              75.15831756591825,
              19.58825111389166
            ],
            [
              75.15564727783232,
              19.58974075317377
            ],
            [
              75.1493682861331,
              19.595678329467887
            ],
            [
              75.14586639404303,
              19.59625053405773
            ],
            [
              75.13627624511736,
              19.592838287353516
            ],
            [
              75.13315582275419,
              19.592779159545955
            ],
            [
              75.12033843994152,
              19.603309631347713
            ],
            [
              75.11701202392595,
              19.60382080078125
            ],
            [
              75.10875701904291,
              19.601730346679688
            ],
            [
              75.1023559570313,
              19.605440139770735
            ],
            [
              75.0989608764649,
              19.609399795532227
            ],
            [
              75.09545898437517,
              19.610240936279354
            ],
            [
              75.07731628417986,
              19.606981277465877
            ],
            [
              75.07309722900385,
              19.605890274047965
            ],
            [
              75.07055664062511,
              19.604038238525504
            ],
            [
              75.06501770019537,
              19.604141235351506
            ],
            [
              75.06114959716803,
              19.60666084289562
            ],
            [
              75.04798126220703,
              19.61127090454113
            ],
            [
              75.04670715332037,
              19.613729476928768
            ],
            [
              75.04621887207031,
              19.61741065979004
            ],
            [
              75.046859741211,
              19.62125015258789
            ],
            [
              75.04514312744146,
              19.623020172119197
            ],
            [
              75.0413665771485,
              19.624841690063477
            ],
            [
              75.03835296630888,
              19.624719619751033
            ],
            [
              75.03160858154303,
              19.62240982055664
            ],
            [
              75.0260620117188,
              19.621990203857365
            ],
            [
              75.01423645019537,
              19.623910903930664
            ],
            [
              75.00347137451166,
              19.622529983520508
            ],
            [
              74.98735809326178,
              19.638799667358512
            ],
            [
              74.97360229492193,
              19.647209167480582
            ],
            [
              74.9700393676759,
              19.647909164428768
            ],
            [
              74.95266723632818,
              19.64711952209467
            ],
            [
              74.94729614257818,
              19.64530181884777
            ],
            [
              74.94551086425781,
              19.642339706420955
            ],
            [
              74.9418258666995,
              19.641149520874023
            ],
            [
              74.93843841552729,
              19.644542694091797
            ],
            [
              74.93580627441423,
              19.648870468139762
            ],
            [
              74.93107604980474,
              19.6502304077149
            ],
            [
              74.92070770263672,
              19.65036964416504
            ],
            [
              74.91287231445307,
              19.647279739379996
            ],
            [
              74.9097518920899,
              19.645269393921012
            ],
            [
              74.9061813354495,
              19.644449234008732
            ],
            [
              74.9023818969726,
              19.64467239379877
            ],
            [
              74.895248413086,
              19.64669990539562
            ],
            [
              74.89357757568388,
              19.650630950927734
            ],
            [
              74.89414978027372,
              19.65652084350586
            ],
            [
              74.89240264892584,
              19.657079696655387
            ],
            [
              74.8818969726563,
              19.653530120849666
            ],
            [
              74.87888336181669,
              19.655010223388672
            ],
            [
              74.86872100830084,
              19.649339675903377
            ],
            [
              74.86811065673845,
              19.649299621582145
            ],
            [
              74.8568725585938,
              19.648710250854606
            ],
            [
              74.85250854492193,
              19.651140213012695
            ],
            [
              74.85015106201189,
              19.653430938720817
            ],
            [
              74.84703063964872,
              19.657379150390625
            ],
            [
              74.84654235839861,
              19.660810470581055
            ],
            [
              74.84095001220732,
              19.666301727294922
            ],
            [
              74.8355560302735,
              19.668670654296875
            ],
            [
              74.83460235595709,
              19.6674098968507
            ],
            [
              74.82882690429688,
              19.673120498657227
            ],
            [
              74.82131195068388,
              19.670490264892578
            ],
            [
              74.81521606445307,
              19.663841247558537
            ],
            [
              74.80802154541033,
              19.660169601440373
            ],
            [
              74.80404663085943,
              19.655830383300724
            ],
            [
              74.79297637939459,
              19.65030097961437
            ],
            [
              74.78468322753935,
              19.653060913085994
            ],
            [
              74.78653717041021,
              19.665781021118278
            ],
            [
              74.7863159179688,
              19.672491073608626
            ],
            [
              74.79223632812506,
              19.6884002685548
            ],
            [
              74.79416656494146,
              19.69054031372076
            ],
            [
              74.80536651611328,
              19.695039749145508
            ],
            [
              74.80774688720732,
              19.697980880737305
            ],
            [
              74.81069183349626,
              19.703798294067383
            ],
            [
              74.79157257080072,
              19.71740913391136
            ],
            [
              74.78536987304693,
              19.71587944030756
            ],
            [
              74.78531646728533,
              19.71455955505371
            ],
            [
              74.7793579101562,
              19.70783996582037
            ],
            [
              74.7714462280274,
              19.700790405273494
            ],
            [
              74.76657867431635,
              19.69713020324707
            ],
            [
              74.75550842285185,
              19.691530227661246
            ],
            [
              74.75254058837896,
              19.692962646484432
            ],
            [
              74.750541687012,
              19.69639015197754
            ],
            [
              74.73425292968756,
              19.699960708618164
            ],
            [
              74.73667144775408,
              19.715152740478572
            ],
            [
              74.73420715332048,
              19.724260330200252
            ],
            [
              74.7296981811524,
              19.72147750854498
            ],
            [
              74.72717285156256,
              19.72157287597662
            ],
            [
              74.72518157959013,
              19.72569084167486
            ],
            [
              74.72239685058594,
              19.726539611816463
            ],
            [
              74.71512603759783,
              19.72132110595703
            ],
            [
              74.71102142333996,
              19.722610473632812
            ],
            [
              74.71021270751959,
              19.726682662963924
            ],
            [
              74.71459197998053,
              19.73044013977062
            ],
            [
              74.71669006347662,
              19.73356819152832
            ],
            [
              74.72077178955107,
              19.735721588134766
            ],
            [
              74.72367858886719,
              19.743209838867188
            ],
            [
              74.72686004638683,
              19.747770309448242
            ],
            [
              74.72801971435575,
              19.753351211547795
            ],
            [
              74.72583770751959,
              19.755809783935604
            ],
            [
              74.72572326660185,
              19.763170242309627
            ],
            [
              74.72676086425798,
              19.768630981445312
            ],
            [
              74.72441101074247,
              19.778039932251033
            ],
            [
              74.71734619140653,
              19.78309822082514
            ],
            [
              74.70829010009771,
              19.776130676269588
            ],
            [
              74.70744323730497,
              19.773042678833008
            ],
            [
              74.71163177490263,
              19.766519546508732
            ],
            [
              74.71180725097685,
              19.76313018798851
            ],
            [
              74.70948791503912,
              19.76115036010748
            ],
            [
              74.69975280761724,
              19.760219573974723
            ],
            [
              74.69774627685547,
              19.761819839477596
            ],
            [
              74.69631958007818,
              19.769330978393555
            ],
            [
              74.68871307373058,
              19.769800186157227
            ],
            [
              74.67823791503935,
              19.771560668945426
            ],
            [
              74.67193603515653,
              19.77898979187023
            ],
            [
              74.66101074218756,
              19.779251098632756
            ],
            [
              74.65827178955095,
              19.780889511108512
            ],
            [
              74.6546707153322,
              19.786148071289062
            ],
            [
              74.65040588378935,
              19.790370941162223
            ],
            [
              74.64070129394526,
              19.79512977600092
            ],
            [
              74.63864898681658,
              19.794771194458008
            ],
            [
              74.63227081298857,
              19.790290832519645
            ],
            [
              74.62863159179699,
              19.786649703979492
            ],
            [
              74.62545013427734,
              19.781509399414176
            ],
            [
              74.62439727783209,
              19.777250289917106
            ],
            [
              74.62016296386719,
              19.77306938171398
            ],
            [
              74.61331939697271,
              19.771820068359375
            ],
            [
              74.60668182373053,
              19.77239990234375
            ],
            [
              74.60254669189447,
              19.77380180358898
            ],
            [
              74.59810638427746,
              19.777271270751953
            ],
            [
              74.59639739990246,
              19.780477523803825
            ],
            [
              74.59671020507818,
              19.787780761718864
            ],
            [
              74.60614776611357,
              19.802448272705078
            ],
            [
              74.6089477539063,
              19.822410583496094
            ],
            [
              74.61134338378906,
              19.85048294067377
            ],
            [
              74.63735961914068,
              19.84590911865257
            ],
            [
              74.63967895507818,
              19.844539642334098
            ],
            [
              74.6492462158206,
              19.841739654541016
            ],
            [
              74.66533660888689,
              19.839899063110465
            ],
            [
              74.66777801513666,
              19.861980438232422
            ],
            [
              74.65260314941412,
              19.86210060119629
            ],
            [
              74.65161132812517,
              19.874111175537223
            ],
            [
              74.65447235107439,
              19.88723182678234
            ],
            [
              74.65363311767607,
              19.910722732543945
            ],
            [
              74.65754699707031,
              19.92029953002924
            ],
            [
              74.66042327880865,
              19.923070907592773
            ],
            [
              74.68628692626947,
              19.925859451294002
            ],
            [
              74.6863632202149,
              19.9331512451173
            ],
            [
              74.67827606201166,
              19.936010360717773
            ],
            [
              74.67767333984403,
              19.947629928588867
            ],
            [
              74.67954254150396,
              19.96407127380371
            ],
            [
              74.68171691894531,
              19.965749740600586
            ],
            [
              74.68640899658209,
              19.967630386352596
            ],
            [
              74.68992614746094,
              19.967300415039006
            ],
            [
              74.69172668457037,
              19.968521118164062
            ],
            [
              74.69381713867193,
              19.972440719604492
            ],
            [
              74.69288635253912,
              19.97773170471197
            ],
            [
              74.69040679931646,
              19.984319686889705
            ],
            [
              74.6895828247072,
              19.990169525146484
            ],
            [
              74.69721221923845,
              19.997352600097884
            ],
            [
              74.69519042968761,
              20.001550674438477
            ],
            [
              74.69616699218778,
              20.007320404052734
            ],
            [
              74.70514678955107,
              20.019220352172965
            ],
            [
              74.71762084960955,
              20.017620086669922
            ],
            [
              74.72225952148443,
              20.018270492553768
            ],
            [
              74.72438812255888,
              20.022140502929744
            ],
            [
              74.72216796875017,
              20.027561187744197
            ],
            [
              74.71733093261747,
              20.033271789550895
            ],
            [
              74.71452331542969,
              20.04128074645996
            ],
            [
              74.72706604003935,
              20.055789947509822
            ],
            [
              74.7191467285158,
              20.070140838623104
            ],
            [
              74.71499633789068,
              20.079410552978516
            ],
            [
              74.73338317871122,
              20.080728530883846
            ],
            [
              74.74231719970732,
              20.08334922790533
            ],
            [
              74.73455047607422,
              20.112501144409237
            ],
            [
              74.71113586425798,
              20.114200592041072
            ],
            [
              74.709457397461,
              20.115650177001953
            ],
            [
              74.712142944336,
              20.118560791015568
            ],
            [
              74.71364593505865,
              20.122840881347713
            ],
            [
              74.71156311035162,
              20.125379562377873
            ],
            [
              74.71273803710949,
              20.12824058532709
            ],
            [
              74.7151184082033,
              20.12982940673828
            ],
            [
              74.7146759033206,
              20.134780883789006
            ],
            [
              74.7195663452149,
              20.136150360107536
            ],
            [
              74.7228469848634,
              20.161251068115234
            ],
            [
              74.72180175781267,
              20.164699554443416
            ],
            [
              74.71935272216803,
              20.168621063232365
            ],
            [
              74.72171020507824,
              20.180011749267635
            ],
            [
              74.72741699218756,
              20.187641143798885
            ],
            [
              74.72712707519548,
              20.19004058837902
            ],
            [
              74.72804260253935,
              20.19145965576172
            ],
            [
              74.73472595214838,
              20.191059112548885
            ],
            [
              74.74247741699224,
              20.195800781249943
            ],
            [
              74.74331665039057,
              20.19420051574707
            ],
            [
              74.74285125732428,
              20.190290451049805
            ],
            [
              74.74565887451189,
              20.187059402465934
            ],
            [
              74.76024627685575,
              20.18418121337885
            ],
            [
              74.7680282592774,
              20.183919906616325
            ],
            [
              74.76275634765653,
              20.197572708129826
            ],
            [
              74.76390075683622,
              20.2006511688233
            ],
            [
              74.77057647705107,
              20.204072952270508
            ],
            [
              74.77997589111345,
              20.206460952758846
            ],
            [
              74.78457641601562,
              20.20596122741705
            ],
            [
              74.786186218262,
              20.2049617767334
            ],
            [
              74.78822326660162,
              20.205110549926985
            ],
            [
              74.79419708251982,
              20.209480285644588
            ],
            [
              74.80784606933594,
              20.232280731201286
            ],
            [
              74.79364776611357,
              20.22719955444336
            ],
            [
              74.78848266601591,
              20.226560592651424
            ],
            [
              74.78768920898443,
              20.231611251830998
            ],
            [
              74.80715942382824,
              20.235441207885685
            ],
            [
              74.81315612792986,
              20.240779876708984
            ],
            [
              74.82012939453136,
              20.2453994750976
            ],
            [
              74.82335662841803,
              20.245309829711914
            ],
            [
              74.8269119262697,
              20.243959426879883
            ],
            [
              74.83248901367193,
              20.24425125122076
            ],
            [
              74.8355331420899,
              20.2435817718507
            ],
            [
              74.83605957031267,
              20.24082946777338
            ],
            [
              74.83407592773466,
              20.23476982116722
            ],
            [
              74.84002685546875,
              20.2331600189209
            ],
            [
              74.84764862060541,
              20.23261070251465
            ],
            [
              74.85736083984403,
              20.23086166381836
            ],
            [
              74.8621902465822,
              20.22830009460455
            ],
            [
              74.85694122314464,
              20.209709167480582
            ],
            [
              74.86028289794939,
              20.203720092773494
            ],
            [
              74.85949707031267,
              20.194561004638615
            ],
            [
              74.86007690429705,
              20.187850952148438
            ],
            [
              74.85972595214844,
              20.178222656250114
            ],
            [
              74.87301635742182,
              20.178779602050895
            ],
            [
              74.90252685546886,
              20.177980422973633
            ],
            [
              74.90165710449236,
              20.17065048217779
            ],
            [
              74.90508270263689,
              20.16806983947754
            ],
            [
              74.91014862060558,
              20.166839599609375
            ],
            [
              74.914360046387,
              20.15381050109886
            ],
            [
              74.9273071289063,
              20.15473937988287
            ],
            [
              74.93389892578142,
              20.153690338134822
            ],
            [
              74.93406677246094,
              20.15873146057129
            ],
            [
              74.93319702148443,
              20.160377502441406
            ],
            [
              74.93224334716803,
              20.16217994689947
            ],
            [
              74.92874908447283,
              20.164979934692383
            ],
            [
              74.93183898925787,
              20.16979026794445
            ],
            [
              74.92785644531256,
              20.171840667724723
            ],
            [
              74.9296417236331,
              20.17725181579584
            ],
            [
              74.93026733398455,
              20.179189682006836
            ],
            [
              74.93551635742199,
              20.18250274658203
            ],
            [
              74.9347686767581,
              20.214899063110465
            ],
            [
              74.91454315185558,
              20.216939926147404
            ],
            [
              74.91181945800787,
              20.244581222534123
            ],
            [
              74.93091583251959,
              20.246049880981445
            ],
            [
              74.93753814697283,
              20.247898101806697
            ],
            [
              74.93878936767607,
              20.253250122070312
            ],
            [
              74.93907165527344,
              20.258739471435604
            ],
            [
              74.93824005126947,
              20.270950317382756
            ],
            [
              74.94674682617193,
              20.271762847900504
            ],
            [
              74.95226287841803,
              20.27443122863764
            ],
            [
              74.94764709472673,
              20.281129837036133
            ],
            [
              74.9568710327149,
              20.29107093811035
            ],
            [
              74.9741821289063,
              20.305360794067383
            ],
            [
              74.99059295654303,
              20.303670883178825
            ],
            [
              74.98953247070341,
              20.31137084960949
            ],
            [
              74.98851776123053,
              20.318710327148438
            ],
            [
              74.99202728271479,
              20.33162117004406
            ],
            [
              74.99501800537115,
              20.335050582885742
            ],
            [
              74.99846649169933,
              20.337221145629883
            ],
            [
              75.00309753417963,
              20.338180541992244
            ],
            [
              75.01563262939464,
              20.33113098144537
            ],
            [
              75.02236175537104,
              20.327430725097656
            ],
            [
              75.02787780761747,
              20.32440948486328
            ],
            [
              75.03627777099604,
              20.317739486694563
            ],
            [
              75.05119323730486,
              20.309020996093977
            ],
            [
              75.05941009521501,
              20.308620452880803
            ],
            [
              75.06028747558622,
              20.315141677856502
            ],
            [
              75.05964660644537,
              20.31985282897955
            ],
            [
              75.05914306640653,
              20.323690414428825
            ],
            [
              75.05979919433611,
              20.32789993286127
            ],
            [
              75.06030273437528,
              20.331020355224666
            ],
            [
              75.0623397827149,
              20.335359573364315
            ],
            [
              75.06546020507807,
              20.33642959594738
            ],
            [
              75.07218933105486,
              20.336410522460938
            ],
            [
              75.07784271240263,
              20.33723831176752
            ],
            [
              75.08463287353521,
              20.336748123169002
            ],
            [
              75.09512329101568,
              20.335990905761662
            ],
            [
              75.09995269775419,
              20.34019088745123
            ],
            [
              75.10237121582037,
              20.344419479370174
            ],
            [
              75.1071166992188,
              20.346611022949276
            ],
            [
              75.11380004882818,
              20.348840713500977
            ],
            [
              75.1253662109375,
              20.34893989562994
            ],
            [
              75.12812805175787,
              20.350759506225643
            ],
            [
              75.12909698486334,
              20.35871124267578
            ],
            [
              75.12519073486345,
              20.376491546630973
            ],
            [
              75.12113952636747,
              20.387468338012752
            ],
            [
              75.11902618408232,
              20.395610809326115
            ],
            [
              75.11646270751959,
              20.397529602050838
            ],
            [
              75.1107788085938,
              20.408430099487248
            ],
            [
              75.11110687255876,
              20.413270950317496
            ],
            [
              75.11699676513689,
              20.416240692138672
            ],
            [
              75.12010955810553,
              20.419889450073242
            ],
            [
              75.12375640869146,
              20.42610168457037
            ],
            [
              75.12757110595709,
              20.4260311126709
            ],
            [
              75.1284790039063,
              20.430469512939567
            ],
            [
              75.12996673584001,
              20.43149185180664
            ],
            [
              75.13207244873064,
              20.43293952941889
            ],
            [
              75.13746643066412,
              20.433019638061637
            ],
            [
              75.14360809326183,
              20.436040878296012
            ],
            [
              75.15132141113298,
              20.43493080139166
            ],
            [
              75.15796661376947,
              20.435419082641545
            ],
            [
              75.1640014648438,
              20.43803024291998
            ],
            [
              75.16471099853516,
              20.4414005279541
            ],
            [
              75.165283203125,
              20.44408988952631
            ],
            [
              75.16396331787115,
              20.450981140136832
            ],
            [
              75.16455841064459,
              20.456331253051815
            ],
            [
              75.16487121582048,
              20.466871261596737
            ],
            [
              75.1651458740235,
              20.47663116455078
            ],
            [
              75.16593170166027,
              20.47743988037132
            ],
            [
              75.1703872680664,
              20.47818946838379
            ],
            [
              75.17531585693388,
              20.477960586547795
            ],
            [
              75.18136596679693,
              20.47908973693842
            ],
            [
              75.18504333496122,
              20.477060317993164
            ],
            [
              75.19153594970697,
              20.475601196289176
            ],
            [
              75.20369720458996,
              20.477779388427848
            ],
            [
              75.20294952392607,
              20.48224830627464
            ],
            [
              75.20318603515625,
              20.486738204956282
            ],
            [
              75.20455169677751,
              20.49332046508789
            ],
            [
              75.20568084716814,
              20.493789672851562
            ],
            [
              75.20922088623058,
              20.493289947509766
            ],
            [
              75.21243286132818,
              20.492839813232536
            ],
            [
              75.21539306640625,
              20.49431991577171
            ],
            [
              75.21465301513689,
              20.497289657592887
            ],
            [
              75.21401977539091,
              20.49983024597168
            ],
            [
              75.22336578369169,
              20.497699737548828
            ],
            [
              75.22791290283214,
              20.494951248168945
            ],
            [
              75.23229980468761,
              20.49385070800787
            ],
            [
              75.23343658447271,
              20.49456024169922
            ],
            [
              75.23050689697283,
              20.502569198608626
            ],
            [
              75.22895050048845,
              20.510139465331974
            ],
            [
              75.22963714599621,
              20.515960693359602
            ],
            [
              75.23076629638678,
              20.518150329589787
            ],
            [
              75.23394012451189,
              20.52137184143072
            ],
            [
              75.24019622802734,
              20.52351188659668
            ],
            [
              75.2417831420899,
              20.523130416870117
            ],
            [
              75.2452926635745,
              20.535261154174748
            ],
            [
              75.244857788086,
              20.54059028625494
            ],
            [
              75.24590301513666,
              20.540782928466797
            ],
            [
              75.24958038330095,
              20.54434013366722
            ],
            [
              75.24907684326178,
              20.55014038085949
            ],
            [
              75.24714660644537,
              20.553150177001896
            ],
            [
              75.25435638427734,
              20.556770324707088
            ],
            [
              75.2569885253908,
              20.57163810729986
            ],
            [
              75.26213073730469,
              20.58050155639654
            ],
            [
              75.26892852783214,
              20.572711944580305
            ],
            [
              75.27665710449236,
              20.570739746093864
            ],
            [
              75.28759002685553,
              20.569959640503043
            ],
            [
              75.29498291015625,
              20.57074928283714
            ],
            [
              75.29788970947271,
              20.571760177612305
            ],
            [
              75.30002593994169,
              20.57645034790039
            ],
            [
              75.3026733398438,
              20.5780410766601
            ],
            [
              75.3092193603515,
              20.579320907592717
            ],
            [
              75.31400299072266,
              20.57933044433605
            ],
            [
              75.32005310058622,
              20.578250885009822
            ],
            [
              75.31989288330107,
              20.58855056762701
            ],
            [
              75.32327270507818,
              20.59312820434576
            ],
            [
              75.33071136474615,
              20.593799591064453
            ],
            [
              75.34530639648455,
              20.591329574585075
            ],
            [
              75.35251617431635,
              20.591842651367188
            ],
            [
              75.35497283935575,
              20.59117126464855
            ],
            [
              75.3607482910158,
              20.59296035766613
            ],
            [
              75.36437225341814,
              20.598480224609375
            ],
            [
              75.36405944824224,
              20.59571266174322
            ],
            [
              75.36586761474604,
              20.591129302978516
            ],
            [
              75.36689758300787,
              20.585109710693587
            ],
            [
              75.37206268310553,
              20.57850265502941
            ],
            [
              75.37449645996111,
              20.577039718627873
            ],
            [
              75.38787078857422,
              20.58110809326172
            ],
            [
              75.39302062988281,
              20.58123970031761
            ],
            [
              75.39589691162115,
              20.57604026794445
            ],
            [
              75.39733886718744,
              20.567831039428825
            ],
            [
              75.39763641357428,
              20.53454017639166
            ],
            [
              75.39910125732439,
              20.525651931762695
            ],
            [
              75.40846252441423,
              20.523628234863395
            ],
            [
              75.4143905639649,
              20.52497291564964
            ],
            [
              75.42137145996088,
              20.519420623779297
            ],
            [
              75.42675018310564,
              20.516950607299748
            ],
            [
              75.43586730957026,
              20.514820098876896
            ],
            [
              75.4359359741211,
              20.518270492553825
            ],
            [
              75.43409729003918,
              20.52118110656744
            ],
            [
              75.43206787109375,
              20.527080535888672
            ],
            [
              75.42893218994146,
              20.530660629272575
            ],
            [
              75.43022155761724,
              20.53367042541504
            ],
            [
              75.43225097656244,
              20.53461837768566
            ],
            [
              75.43723297119158,
              20.5347900390625
            ],
            [
              75.44087219238298,
              20.539611816406477
            ],
            [
              75.45260620117199,
              20.541868209838924
            ],
            [
              75.45347595214861,
              20.53062248229986
            ],
            [
              75.46021270751959,
              20.517580032348746
            ],
            [
              75.4641723632813,
              20.520509719848633
            ],
            [
              75.46511077880876,
              20.523281097412166
            ],
            [
              75.46496582031256,
              20.52885055541998
            ],
            [
              75.46295928955072,
              20.53837966918968
            ],
            [
              75.4624862670899,
              20.55453109741211
            ],
            [
              75.46598815917997,
              20.5545711517334
            ],
            [
              75.46981811523432,
              20.550529479980582
            ],
            [
              75.47054290771513,
              20.545999526977653
            ],
            [
              75.47487640380865,
              20.54426002502447
            ],
            [
              75.4862213134765,
              20.544691085815487
            ],
            [
              75.48867797851591,
              20.541671752929688
            ],
            [
              75.49122619628923,
              20.53255081176752
            ],
            [
              75.49716949462896,
              20.529350280761832
            ],
            [
              75.49928283691412,
              20.533729553222713
            ],
            [
              75.49948120117193,
              20.54167938232422
            ],
            [
              75.5002899169923,
              20.544160842895508
            ],
            [
              75.50414276123075,
              20.54649925231945
            ],
            [
              75.50685882568376,
              20.546831130981445
            ],
            [
              75.50773620605497,
              20.54907989501953
            ],
            [
              75.50781250000017,
              20.55236053466797
            ],
            [
              75.51007843017578,
              20.55595016479498
            ],
            [
              75.51522064208979,
              20.556179046630973
            ],
            [
              75.5200271606447,
              20.560140609741268
            ],
            [
              75.52758789062528,
              20.56229972839367
            ],
            [
              75.52751159667974,
              20.568691253662166
            ],
            [
              75.52646636962885,
              20.571899414062614
            ],
            [
              75.52687835693376,
              20.577930450439567
            ],
            [
              75.52390289306646,
              20.591989517212028
            ],
            [
              75.52710723876953,
              20.5968017578125
            ],
            [
              75.5349731445313,
              20.59809112548828
            ],
            [
              75.53806304931669,
              20.611299514770508
            ],
            [
              75.5427474975586,
              20.612268447875977
            ],
            [
              75.54514312744169,
              20.610572814941634
            ],
            [
              75.55690002441412,
              20.605930328369254
            ],
            [
              75.55885314941435,
              20.60692024230957
            ],
            [
              75.55887603759794,
              20.612960815429688
            ],
            [
              75.56018066406261,
              20.615100860595817
            ],
            [
              75.56620788574219,
              20.61437034606945
            ],
            [
              75.57241821289091,
              20.61219978332531
            ],
            [
              75.57393646240263,
              20.610492706298885
            ],
            [
              75.57939147949224,
              20.60745048522955
            ],
            [
              75.58309936523466,
              20.60857009887718
            ],
            [
              75.586723327637,
              20.605241775512695
            ],
            [
              75.59150695800776,
              20.6042995452882
            ],
            [
              75.6062316894533,
              20.606468200683537
            ],
            [
              75.61270141601562,
              20.608608245849723
            ],
            [
              75.61605834960949,
              20.610887527465763
            ],
            [
              75.61205291748058,
              20.616819381714095
            ],
            [
              75.61006927490251,
              20.623640060424805
            ],
            [
              75.61609649658232,
              20.625820159912053
            ],
            [
              75.62592315673834,
              20.626911163330192
            ],
            [
              75.6343002319336,
              20.62137031555187
            ],
            [
              75.64935302734392,
              20.62170028686529
            ],
            [
              75.653793334961,
              20.624910354614315
            ],
            [
              75.65534973144543,
              20.628021240234318
            ],
            [
              75.66098785400408,
              20.628320693969727
            ],
            [
              75.66330718994146,
              20.630229949951172
            ],
            [
              75.66371917724615,
              20.6370792388916
            ],
            [
              75.66156768798845,
              20.643831253051815
            ],
            [
              75.66349029541021,
              20.645120620727596
            ],
            [
              75.66153717041033,
              20.65521049499523
            ],
            [
              75.65724945068365,
              20.654190063476562
            ],
            [
              75.65894317626959,
              20.66356086730957
            ],
            [
              75.6615829467774,
              20.667730331420955
            ],
            [
              75.66764068603533,
              20.67164039611822
            ],
            [
              75.67037963867193,
              20.672189712524414
            ],
            [
              75.67565917968767,
              20.67109107971197
            ],
            [
              75.69066619873075,
              20.670040130615348
            ],
            [
              75.7018432617188,
              20.666229248046875
            ],
            [
              75.70672607421875,
              20.663240432739315
            ]
          ]
        ]
      }
    },
    {
      "type": "Feature",
      "properties": {
        "ID_0": 105,
        "ISO": "IND",
        "NAME_0": "India",
        "ID_1": 21,
        "NAME_1": "Maharashtra",
        "ID_2": 318,
        "NAME_2": "Hingoli",
        "NL_NAME_2": null,
        "VARNAME_2": null,
        "TYPE_2": "District",
        "ENGTYPE_2": "District",
        "district_name": "HINGOLI",
        "shapeName": "HINGOLI"
      },
      "geometry": {
        "type": "Polygon",
        "coordinates": [
          [
            [
              77.01081848144548,
              20.005331039428768
            ],
            [
              77.01306152343744,
              20.00325012207037
            ],
            [
              77.01870727539068,
              20.00357246398937
            ],
            [
              77.0218505859375,
              20.006868362426758
            ],
            [
              77.02577972412121,
              20.008979797363338
            ],
            [
              77.02983093261747,
              20.010641098022518
            ],
            [
              77.0341415405274,
              20.01103019714361
            ],
            [
              77.04043579101568,
              20.00956916809082
            ],
            [
              77.0441970825197,
              20.007881164550895
            ],
            [
              77.05010986328142,
              20.00082015991211
            ],
            [
              77.05883026123041,
              19.99674034118675
            ],
            [
              77.06260681152372,
              19.990119934082088
            ],
            [
              77.06343841552751,
              19.98574066162115
            ],
            [
              77.06967926025419,
              19.982049942016545
            ],
            [
              77.07090759277361,
              19.975749969482536
            ],
            [
              77.07505035400385,
              19.971088409423828
            ],
            [
              77.08135986328125,
              19.9676895141601
            ],
            [
              77.08315277099615,
              19.965049743652344
            ],
            [
              77.08236694335943,
              19.95794105529791
            ],
            [
              77.08435058593778,
              19.9537410736084
            ],
            [
              77.09062957763683,
              19.949760437011662
            ],
            [
              77.09259796142572,
              19.94153022766119
            ],
            [
              77.09433746337908,
              19.93746185302757
            ],
            [
              77.09969329834001,
              19.933269500732365
            ],
            [
              77.10639953613287,
              19.935150146484432
            ],
            [
              77.10967254638678,
              19.93831062316906
            ],
            [
              77.11596679687506,
              19.940599441528434
            ],
            [
              77.12341308593756,
              19.94038963317871
            ],
            [
              77.13156127929705,
              19.943412780761832
            ],
            [
              77.13488006591808,
              19.946870803833065
            ],
            [
              77.13564300537121,
              19.951562881469727
            ],
            [
              77.1368713378908,
              19.953819274902344
            ],
            [
              77.15500640869158,
              19.967172622680607
            ],
            [
              77.16010284423857,
              19.967372894287223
            ],
            [
              77.16327667236334,
              19.96509170532238
            ],
            [
              77.16927337646479,
              19.964910507202205
            ],
            [
              77.17450714111334,
              19.969810485839844
            ],
            [
              77.17560577392595,
              19.973510742187727
            ],
            [
              77.17582702636724,
              19.978050231933594
            ],
            [
              77.17917633056669,
              19.980419158935547
            ],
            [
              77.1917114257813,
              19.984519958496094
            ],
            [
              77.19758605957037,
              19.99152946472168
            ],
            [
              77.20141601562506,
              19.99192047119135
            ],
            [
              77.21103668212885,
              19.981449127197322
            ],
            [
              77.21543121337885,
              19.978380203247184
            ],
            [
              77.21475219726568,
              19.972831726074162
            ],
            [
              77.20919799804688,
              19.968170166015852
            ],
            [
              77.20791625976568,
              19.9644012451173
            ],
            [
              77.20787811279303,
              19.957559585571346
            ],
            [
              77.2063827514649,
              19.94754981994629
            ],
            [
              77.20793914794933,
              19.943479537963867
            ],
            [
              77.2115325927735,
              19.940441131591854
            ],
            [
              77.21776580810564,
              19.93921089172369
            ],
            [
              77.23410034179716,
              19.9404296875
            ],
            [
              77.23670959472662,
              19.93856239318842
            ],
            [
              77.23826599121105,
              19.93132972717285
            ],
            [
              77.23800659179693,
              19.923631668090934
            ],
            [
              77.23903656005888,
              19.91653060913086
            ],
            [
              77.2411422729495,
              19.91082954406744
            ],
            [
              77.2461318969726,
              19.9061794281007
            ],
            [
              77.23828887939482,
              19.899871826171932
            ],
            [
              77.23494720458984,
              19.896289825439453
            ],
            [
              77.23828125000028,
              19.89270973205572
            ],
            [
              77.24133300781278,
              19.891691207885856
            ],
            [
              77.24700164794928,
              19.892948150634822
            ],
            [
              77.25990295410173,
              19.900190353393555
            ],
            [
              77.2629699707033,
              19.899820327758903
            ],
            [
              77.26640319824236,
              19.897579193115348
            ],
            [
              77.27104187011724,
              19.900770187377987
            ],
            [
              77.27102661132818,
              19.909341812133903
            ],
            [
              77.27278900146496,
              19.91478919982916
            ],
            [
              77.27645111084013,
              19.91681289672863
            ],
            [
              77.28230285644537,
              19.916461944580192
            ],
            [
              77.28312683105497,
              19.91090965271019
            ],
            [
              77.28256988525385,
              19.905300140380916
            ],
            [
              77.2850570678711,
              19.90361022949213
            ],
            [
              77.28636932373075,
              19.901149749755916
            ],
            [
              77.2899932861331,
              19.899719238281307
            ],
            [
              77.29379272460966,
              19.900571823120117
            ],
            [
              77.30116271972662,
              19.90678977966303
            ],
            [
              77.30800628662115,
              19.91082954406744
            ],
            [
              77.31334686279303,
              19.910020828247127
            ],
            [
              77.31500244140625,
              19.90658187866211
            ],
            [
              77.31265258789074,
              19.902050018310547
            ],
            [
              77.31352233886736,
              19.893848419189453
            ],
            [
              77.31307220459013,
              19.891281127929744
            ],
            [
              77.312240600586,
              19.890220642089957
            ],
            [
              77.30700683593767,
              19.891029357910156
            ],
            [
              77.29940032959001,
              19.893560409545955
            ],
            [
              77.29545593261724,
              19.893051147460994
            ],
            [
              77.29453277587902,
              19.890201568603516
            ],
            [
              77.29515075683588,
              19.8855304718017
            ],
            [
              77.29411315917974,
              19.883260726928768
            ],
            [
              77.29585266113287,
              19.879922866821346
            ],
            [
              77.29962921142584,
              19.878820419311523
            ],
            [
              77.30374908447266,
              19.878700256347713
            ],
            [
              77.31523132324236,
              19.883750915527457
            ],
            [
              77.3208465576173,
              19.8853511810305
            ],
            [
              77.32389068603521,
              19.884098052978516
            ],
            [
              77.333236694336,
              19.87627983093256
            ],
            [
              77.33734130859392,
              19.874429702758903
            ],
            [
              77.34509277343778,
              19.87376976013195
            ],
            [
              77.34748840332037,
              19.869899749755973
            ],
            [
              77.34530639648466,
              19.865030288696516
            ],
            [
              77.34623718261747,
              19.860572814941463
            ],
            [
              77.35115051269537,
              19.858860015869254
            ],
            [
              77.35781860351568,
              19.859340667724666
            ],
            [
              77.36244964599638,
              19.858390808105412
            ],
            [
              77.36360931396513,
              19.851860046386832
            ],
            [
              77.3537673950197,
              19.845720291137695
            ],
            [
              77.36097717285156,
              19.837270736694393
            ],
            [
              77.36071777343761,
              19.83331108093273
            ],
            [
              77.34662628173857,
              19.835540771484375
            ],
            [
              77.34339141845732,
              19.834079742431584
            ],
            [
              77.3420791625976,
              19.83321189880371
            ],
            [
              77.34169769287104,
              19.82942008972168
            ],
            [
              77.34400177001953,
              19.8254909515382
            ],
            [
              77.35498809814464,
              19.816480636596737
            ],
            [
              77.35936737060553,
              19.815298080444336
            ],
            [
              77.36779022216825,
              19.822509765625114
            ],
            [
              77.37087249755854,
              19.822460174560547
            ],
            [
              77.37925720214872,
              19.820190429687557
            ],
            [
              77.38709259033197,
              19.82119941711437
            ],
            [
              77.39229583740251,
              19.81138038635254
            ],
            [
              77.38748168945312,
              19.80808067321783
            ],
            [
              77.38062286376953,
              19.78833961486822
            ],
            [
              77.38697052001959,
              19.780221939087028
            ],
            [
              77.4046173095706,
              19.778198242187727
            ],
            [
              77.4059600830081,
              19.776899337768498
            ],
            [
              77.40695953369158,
              19.772720336914176
            ],
            [
              77.40418243408209,
              19.765792846679744
            ],
            [
              77.40159606933594,
              19.764331817626953
            ],
            [
              77.3932113647461,
              19.766550064086914
            ],
            [
              77.38420104980497,
              19.766202926635856
            ],
            [
              77.382797241211,
              19.761068344116154
            ],
            [
              77.37683105468767,
              19.749589920043945
            ],
            [
              77.37615966796886,
              19.7462215423584
            ],
            [
              77.37644195556658,
              19.74310111999523
            ],
            [
              77.37880706787115,
              19.740390777588004
            ],
            [
              77.38201141357428,
              19.738670349121094
            ],
            [
              77.38347625732422,
              19.735570907592773
            ],
            [
              77.38041687011713,
              19.73118972778343
            ],
            [
              77.38034820556646,
              19.728948593139876
            ],
            [
              77.38253784179705,
              19.72646141052269
            ],
            [
              77.38594818115229,
              19.725259780883903
            ],
            [
              77.39383697509771,
              19.725870132446403
            ],
            [
              77.39604949951166,
              19.732290267944336
            ],
            [
              77.41034698486357,
              19.743690490722713
            ],
            [
              77.4154510498048,
              19.739271163940487
            ],
            [
              77.41446685791021,
              19.737060546875114
            ],
            [
              77.41689300537126,
              19.73520088195812
            ],
            [
              77.4328918457033,
              19.729511260986442
            ],
            [
              77.433403015137,
              19.725179672241325
            ],
            [
              77.43769836425781,
              19.72216987609886
            ],
            [
              77.43953704833979,
              19.71410179138195
            ],
            [
              77.44296264648466,
              19.71199035644537
            ],
            [
              77.4447860717774,
              19.70866012573248
            ],
            [
              77.44555664062506,
              19.703510284423885
            ],
            [
              77.44834136962908,
              19.69991111755371
            ],
            [
              77.44159698486357,
              19.692359924316463
            ],
            [
              77.44300842285173,
              19.687721252441406
            ],
            [
              77.4488906860351,
              19.68660163879389
            ],
            [
              77.45651245117182,
              19.681989669799805
            ],
            [
              77.45031738281256,
              19.676900863647518
            ],
            [
              77.45049285888678,
              19.67383956909191
            ],
            [
              77.45334625244146,
              19.67427062988287
            ],
            [
              77.45404815673828,
              19.67136955261236
            ],
            [
              77.45970916748058,
              19.671070098876953
            ],
            [
              77.46105194091825,
              19.66517066955572
            ],
            [
              77.46697998046903,
              19.66468811035162
            ],
            [
              77.46618652343761,
              19.656259536743107
            ],
            [
              77.46169281005876,
              19.64552116394043
            ],
            [
              77.46434020996088,
              19.64533042907715
            ],
            [
              77.46405792236334,
              19.642169952392692
            ],
            [
              77.46759033203125,
              19.641370773315487
            ],
            [
              77.46367645263678,
              19.61458969116211
            ],
            [
              77.45664978027355,
              19.612279891967887
            ],
            [
              77.46357727050776,
              19.60848999023449
            ],
            [
              77.46817779541033,
              19.60839080810547
            ],
            [
              77.47801208496105,
              19.59986114501976
            ],
            [
              77.46060943603521,
              19.58294105529808
            ],
            [
              77.45088195800787,
              19.56727027893072
            ],
            [
              77.45404815673828,
              19.566640853881893
            ],
            [
              77.4529876708985,
              19.56191253662132
            ],
            [
              77.46576690673834,
              19.56321144104004
            ],
            [
              77.46618652343761,
              19.55624008178711
            ],
            [
              77.46533203125017,
              19.542591094970817
            ],
            [
              77.46755218505888,
              19.53004074096674
            ],
            [
              77.47058868408232,
              19.527301788330135
            ],
            [
              77.46716308593778,
              19.498409271240234
            ],
            [
              77.47052764892584,
              19.496458053588924
            ],
            [
              77.47099304199247,
              19.489091873169173
            ],
            [
              77.47305297851574,
              19.48804092407238
            ],
            [
              77.47968292236334,
              19.49059104919445
            ],
            [
              77.48658752441412,
              19.495019912719783
            ],
            [
              77.48784637451189,
              19.47985076904297
            ],
            [
              77.48484039306646,
              19.47483062744135
            ],
            [
              77.49048614501953,
              19.466068267822493
            ],
            [
              77.4872207641601,
              19.456760406494254
            ],
            [
              77.47447204589861,
              19.45504188537592
            ],
            [
              77.46923065185553,
              19.43651962280279
            ],
            [
              77.4494171142581,
              19.43940925598139
            ],
            [
              77.44624328613298,
              19.423349380493278
            ],
            [
              77.43427276611334,
              19.406761169433594
            ],
            [
              77.44094848632818,
              19.399650573730582
            ],
            [
              77.4485931396485,
              19.38870048522955
            ],
            [
              77.44667053222662,
              19.38243293762207
            ],
            [
              77.44296264648466,
              19.38146018981945
            ],
            [
              77.43961334228521,
              19.37881088256836
            ],
            [
              77.43351745605474,
              19.37710952758789
            ],
            [
              77.41670989990251,
              19.376327514648665
            ],
            [
              77.41557312011719,
              19.371250152587947
            ],
            [
              77.41252136230469,
              19.365068435668945
            ],
            [
              77.40603637695312,
              19.362699508666992
            ],
            [
              77.39881896972662,
              19.356081008911133
            ],
            [
              77.38672637939453,
              19.35205078125
            ],
            [
              77.38318634033209,
              19.340589523315487
            ],
            [
              77.37802886962896,
              19.337940216064567
            ],
            [
              77.36152648925776,
              19.33840942382824
            ],
            [
              77.34971618652344,
              19.34546089172369
            ],
            [
              77.34925842285162,
              19.35186004638672
            ],
            [
              77.33917236328153,
              19.35252952575678
            ],
            [
              77.33116912841825,
              19.35497093200695
            ],
            [
              77.3110427856447,
              19.35370063781744
            ],
            [
              77.31107330322271,
              19.353139877319336
            ],
            [
              77.31179046630876,
              19.33994293212902
            ],
            [
              77.30751037597685,
              19.32971954345703
            ],
            [
              77.29918670654314,
              19.331880569458008
            ],
            [
              77.2953491210937,
              19.326721191406307
            ],
            [
              77.28063201904325,
              19.324699401855582
            ],
            [
              77.27736663818371,
              19.314510345458928
            ],
            [
              77.2599182128908,
              19.31339836120617
            ],
            [
              77.25955963134771,
              19.315361022949332
            ],
            [
              77.24164581298834,
              19.3206405639649
            ],
            [
              77.23597717285168,
              19.30960083007824
            ],
            [
              77.23557281494146,
              19.273439407348746
            ],
            [
              77.22029113769537,
              19.273630142212028
            ],
            [
              77.21945953369158,
              19.26968193054205
            ],
            [
              77.20847320556646,
              19.25621986389166
            ],
            [
              77.20324707031267,
              19.251670837402287
            ],
            [
              77.20304870605469,
              19.241889953613395
            ],
            [
              77.19300079345709,
              19.24254989624029
            ],
            [
              77.19264984130865,
              19.23578071594244
            ],
            [
              77.18518066406256,
              19.23284912109375
            ],
            [
              77.18171691894548,
              19.229740142822493
            ],
            [
              77.17872619628912,
              19.223150253296012
            ],
            [
              77.17664337158209,
              19.2167205810548
            ],
            [
              77.17576599121094,
              19.210479736328068
            ],
            [
              77.1771316528322,
              19.206409454345703
            ],
            [
              77.17984008789068,
              19.20247077941906
            ],
            [
              77.18077087402361,
              19.19272994995123
            ],
            [
              77.17971038818371,
              19.186548233032227
            ],
            [
              77.17681121826178,
              19.18047904968256
            ],
            [
              77.17867279052751,
              19.175252914428768
            ],
            [
              77.17636108398455,
              19.16934013366705
            ],
            [
              77.1798706054688,
              19.16451072692871
            ],
            [
              77.18631744384771,
              19.16419982910162
            ],
            [
              77.19242858886724,
              19.164882659912166
            ],
            [
              77.19152069091803,
              19.15594100952154
            ],
            [
              77.19229125976574,
              19.143310546875114
            ],
            [
              77.18900299072271,
              19.12994956970215
            ],
            [
              77.18640899658232,
              19.128999710083065
            ],
            [
              77.1798706054688,
              19.12989044189476
            ],
            [
              77.17962646484392,
              19.12363052368164
            ],
            [
              77.17520904541033,
              19.118989944458008
            ],
            [
              77.16992950439459,
              19.121620178222656
            ],
            [
              77.16613006591803,
              19.119327545166072
            ],
            [
              77.16382598876959,
              19.115720748901424
            ],
            [
              77.16339874267595,
              19.11032104492199
            ],
            [
              77.16423797607428,
              19.10484123229986
            ],
            [
              77.16190338134771,
              19.092901229858512
            ],
            [
              77.15622711181646,
              19.08295059204113
            ],
            [
              77.15055084228544,
              19.077150344848746
            ],
            [
              77.14523315429682,
              19.074880599975586
            ],
            [
              77.14192199707037,
              19.071262359619197
            ],
            [
              77.13897705078142,
              19.06962013244629
            ],
            [
              77.13497161865251,
              19.07014083862316
            ],
            [
              77.12621307373064,
              19.076791763305778
            ],
            [
              77.12275695800798,
              19.077850341796932
            ],
            [
              77.1148071289063,
              19.075681686401595
            ],
            [
              77.09568786621111,
              19.065879821777457
            ],
            [
              77.08850860595709,
              19.06822013854986
            ],
            [
              77.08569335937528,
              19.071060180664062
            ],
            [
              77.08474731445341,
              19.075220108032283
            ],
            [
              77.0852127075197,
              19.083629608154354
            ],
            [
              77.08708953857439,
              19.087350845336914
            ],
            [
              77.08957672119158,
              19.089799880981445
            ],
            [
              77.09973907470709,
              19.092979431152287
            ],
            [
              77.10238647460938,
              19.09507751464838
            ],
            [
              77.10323333740263,
              19.09838104248047
            ],
            [
              77.10204315185553,
              19.102779388427848
            ],
            [
              77.09976959228521,
              19.106700897216854
            ],
            [
              77.09892272949236,
              19.106729507446403
            ],
            [
              77.10267639160185,
              19.113002777099666
            ],
            [
              77.10286712646513,
              19.116741180419922
            ],
            [
              77.10180664062517,
              19.121721267700252
            ],
            [
              77.09937286376959,
              19.127130508422965
            ],
            [
              77.09761047363298,
              19.130178451538086
            ],
            [
              77.09115600585943,
              19.13555908203125
            ],
            [
              77.09525299072294,
              19.144599914550838
            ],
            [
              77.1093215942384,
              19.146230697631893
            ],
            [
              77.11823272705084,
              19.149330139160213
            ],
            [
              77.11176300048834,
              19.15212059020996
            ],
            [
              77.11141967773449,
              19.15628814697277
            ],
            [
              77.09610748291021,
              19.15547180175787
            ],
            [
              77.09255981445341,
              19.156209945678825
            ],
            [
              77.0977859497072,
              19.17237091064453
            ],
            [
              77.08603668212896,
              19.171880722046012
            ],
            [
              77.08651733398455,
              19.175720214843864
            ],
            [
              77.08258819580084,
              19.175199508666992
            ],
            [
              77.08307647705078,
              19.18221092224121
            ],
            [
              77.07692718505888,
              19.182340621948356
            ],
            [
              77.07544708251953,
              19.18676948547369
            ],
            [
              77.07361602783209,
              19.189460754394645
            ],
            [
              77.06835174560575,
              19.1926212310791
            ],
            [
              77.06079101562517,
              19.191221237182617
            ],
            [
              77.05362701416027,
              19.19565010070795
            ],
            [
              77.03592681884794,
              19.201021194458008
            ],
            [
              77.03637695312517,
              19.209161758422965
            ],
            [
              77.03907012939459,
              19.21804809570324
            ],
            [
              77.04454803466797,
              19.22161293029785
            ],
            [
              77.04644012451166,
              19.22385978698736
            ],
            [
              77.0492401123048,
              19.230091094970703
            ],
            [
              77.0476379394533,
              19.232719421386776
            ],
            [
              77.04708862304693,
              19.236070632934513
            ],
            [
              77.04704284667986,
              19.24739074707054
            ],
            [
              77.03807830810564,
              19.243690490722656
            ],
            [
              77.03462219238281,
              19.243610382080078
            ],
            [
              77.02407836914091,
              19.245519638061467
            ],
            [
              77.0204620361331,
              19.24723052978527
            ],
            [
              77.0169525146485,
              19.25043106079096
            ],
            [
              77.01120758056658,
              19.25138282775879
            ],
            [
              77.00952148437506,
              19.258539199829215
            ],
            [
              77.00846862792997,
              19.27099990844738
            ],
            [
              77.00937652587902,
              19.273048400878906
            ],
            [
              77.0197830200197,
              19.274250030517692
            ],
            [
              77.01969909667997,
              19.282249450683594
            ],
            [
              76.99794006347668,
              19.281579971313704
            ],
            [
              76.99540710449224,
              19.281551361083984
            ],
            [
              76.99191284179705,
              19.284219741821346
            ],
            [
              76.99035644531244,
              19.284410476684627
            ],
            [
              76.98703765869146,
              19.280370712280387
            ],
            [
              76.985336303711,
              19.276000976562727
            ],
            [
              76.97421264648438,
              19.275619506836165
            ],
            [
              76.96820068359403,
              19.27662086486839
            ],
            [
              76.96779632568371,
              19.267730712890625
            ],
            [
              76.96967315673834,
              19.252519607543945
            ],
            [
              76.96745300292997,
              19.253559112548885
            ],
            [
              76.9533996582033,
              19.253778457641715
            ],
            [
              76.95469665527338,
              19.24806022644043
            ],
            [
              76.94827270507812,
              19.248500823974723
            ],
            [
              76.94393920898443,
              19.25130271911621
            ],
            [
              76.93766021728527,
              19.254030227661133
            ],
            [
              76.93422698974621,
              19.254230499267692
            ],
            [
              76.93100738525419,
              19.253208160400618
            ],
            [
              76.93048095703125,
              19.25086021423334
            ],
            [
              76.92755126953136,
              19.247089385986385
            ],
            [
              76.924301147461,
              19.247400283813477
            ],
            [
              76.91948699951178,
              19.25572013854986
            ],
            [
              76.92098999023455,
              19.2633113861084
            ],
            [
              76.92487335205084,
              19.271030426025334
            ],
            [
              76.92668914794939,
              19.276500701904354
            ],
            [
              76.92724609375,
              19.282920837402457
            ],
            [
              76.9303817749024,
              19.290201187133903
            ],
            [
              76.9273529052735,
              19.290849685668945
            ],
            [
              76.93023681640653,
              19.296569824218807
            ],
            [
              76.91542816162126,
              19.29755020141596
            ],
            [
              76.90088653564482,
              19.297491073608455
            ],
            [
              76.90033721923822,
              19.299802780151424
            ],
            [
              76.89499664306635,
              19.306240081787166
            ],
            [
              76.89198303222673,
              19.308450698852596
            ],
            [
              76.89108276367193,
              19.311321258544922
            ],
            [
              76.89441680908197,
              19.314519882202262
            ],
            [
              76.89853668212896,
              19.320220947265682
            ],
            [
              76.89971923828153,
              19.324100494384766
            ],
            [
              76.8997802734375,
              19.332080841064453
            ],
            [
              76.89865875244158,
              19.338130950927848
            ],
            [
              76.89171600341825,
              19.34540939331049
            ],
            [
              76.88992309570318,
              19.348550796508846
            ],
            [
              76.88986968994158,
              19.35618972778326
            ],
            [
              76.8933715820313,
              19.36655998229986
            ],
            [
              76.89289855957026,
              19.369729995727653
            ],
            [
              76.89388275146501,
              19.378370285034407
            ],
            [
              76.89534759521513,
              19.38087081909191
            ],
            [
              76.89792633056646,
              19.382869720458984
            ],
            [
              76.90215301513678,
              19.388000488281364
            ],
            [
              76.90479278564459,
              19.39495086669922
            ],
            [
              76.90908050537138,
              19.40259170532238
            ],
            [
              76.91802978515653,
              19.413301467895508
            ],
            [
              76.92030334472668,
              19.417490005493164
            ],
            [
              76.91918182373075,
              19.421190261841048
            ],
            [
              76.92088317871105,
              19.42638015747076
            ],
            [
              76.92343902587908,
              19.429580688476676
            ],
            [
              76.92471313476591,
              19.432720184326286
            ],
            [
              76.92061614990234,
              19.440740585327376
            ],
            [
              76.91931915283209,
              19.446269989013786
            ],
            [
              76.92350006103521,
              19.449909210205192
            ],
            [
              76.92816925048857,
              19.450950622558707
            ],
            [
              76.93190765380865,
              19.457639694213867
            ],
            [
              76.93289184570324,
              19.463581085205305
            ],
            [
              76.93495941162115,
              19.466859817504826
            ],
            [
              76.94696807861334,
              19.478759765625057
            ],
            [
              76.95101165771496,
              19.488880157470703
            ],
            [
              76.95358276367205,
              19.4876708984375
            ],
            [
              76.95741271972673,
              19.48355865478527
            ],
            [
              76.95964050292997,
              19.482532501220817
            ],
            [
              76.96150207519543,
              19.4805908203125
            ],
            [
              76.962631225586,
              19.477581024170036
            ],
            [
              76.96623229980474,
              19.475902557373047
            ],
            [
              76.97062683105474,
              19.475111007690543
            ],
            [
              76.97895050048845,
              19.476970672607536
            ],
            [
              76.98439788818371,
              19.475240707397518
            ],
            [
              76.98580169677734,
              19.490989685058707
            ],
            [
              76.9775009155274,
              19.4872207641601
            ],
            [
              76.97753906250028,
              19.493312835693416
            ],
            [
              76.97564697265653,
              19.50081825256342
            ],
            [
              76.97541046142584,
              19.505350112915153
            ],
            [
              76.97339630126953,
              19.50747108459484
            ],
            [
              76.95755004882807,
              19.511520385742188
            ],
            [
              76.95742797851562,
              19.51387023925787
            ],
            [
              76.96592712402372,
              19.523321151733455
            ],
            [
              76.96282196044928,
              19.527360916137695
            ],
            [
              76.96615600585938,
              19.537839889526424
            ],
            [
              76.96724700927763,
              19.545440673828125
            ],
            [
              76.96501922607439,
              19.557500839233455
            ],
            [
              76.96124267578125,
              19.563898086547965
            ],
            [
              76.95175170898443,
              19.57152938842779
            ],
            [
              76.94947052001959,
              19.574459075927848
            ],
            [
              76.9517211914063,
              19.57837104797369
            ],
            [
              76.9597778320313,
              19.580930709839095
            ],
            [
              76.95958709716803,
              19.583749771118278
            ],
            [
              76.95384979248053,
              19.592950820922795
            ],
            [
              76.94300842285168,
              19.597520828247013
            ],
            [
              76.94265747070341,
              19.61370849609375
            ],
            [
              76.94078063964844,
              19.622480392456055
            ],
            [
              76.93644714355469,
              19.623910903930664
            ],
            [
              76.92418670654297,
              19.616380691528434
            ],
            [
              76.91790008544922,
              19.61611938476574
            ],
            [
              76.91153717041027,
              19.62115097045904
            ],
            [
              76.91062164306669,
              19.625471115112248
            ],
            [
              76.91388702392578,
              19.630910873413313
            ],
            [
              76.91390228271501,
              19.63643074035639
            ],
            [
              76.91120910644526,
              19.640380859374943
            ],
            [
              76.90638732910168,
              19.643320083618164
            ],
            [
              76.90145111084013,
              19.644237518310604
            ],
            [
              76.89665985107433,
              19.641180038452205
            ],
            [
              76.89366149902338,
              19.636840820312557
            ],
            [
              76.88240814208979,
              19.62405967712408
            ],
            [
              76.87915039062528,
              19.621440887451172
            ],
            [
              76.87465667724615,
              19.61925125122076
            ],
            [
              76.86940765380888,
              19.618679046630916
            ],
            [
              76.86664581298834,
              19.621839523315373
            ],
            [
              76.86778259277344,
              19.62668991088873
            ],
            [
              76.873062133789,
              19.6371307373048
            ],
            [
              76.87390899658209,
              19.64250946044922
            ],
            [
              76.86508941650408,
              19.645179748535156
            ],
            [
              76.86038970947271,
              19.644601821899528
            ],
            [
              76.85540008544928,
              19.645460128784293
            ],
            [
              76.85220336914068,
              19.648069381714095
            ],
            [
              76.85141754150396,
              19.652669906616268
            ],
            [
              76.85338592529325,
              19.662208557128963
            ],
            [
              76.85668182373064,
              19.665929794311523
            ],
            [
              76.86239624023438,
              19.670379638671875
            ],
            [
              76.86281585693376,
              19.67456817626953
            ],
            [
              76.85578155517584,
              19.688800811767578
            ],
            [
              76.8517684936524,
              19.701570510864485
            ],
            [
              76.84918212890653,
              19.704780578613338
            ],
            [
              76.84203338623047,
              19.70322990417492
            ],
            [
              76.83937072753912,
              19.70140075683605
            ],
            [
              76.83315277099638,
              19.700849533081055
            ],
            [
              76.82888031005865,
              19.70238113403343
            ],
            [
              76.81700134277344,
              19.70471954345703
            ],
            [
              76.81429290771513,
              19.701789855957145
            ],
            [
              76.8130493164063,
              19.695789337158146
            ],
            [
              76.82546997070318,
              19.681510925293026
            ],
            [
              76.82549285888678,
              19.67685127258312
            ],
            [
              76.8244400024414,
              19.67280006408697
            ],
            [
              76.81784057617193,
              19.667499542236385
            ],
            [
              76.81611633300787,
              19.66909027099615
            ],
            [
              76.81134796142584,
              19.679761886596737
            ],
            [
              76.80771636962896,
              19.682020187378157
            ],
            [
              76.79828643798822,
              19.67189979553217
            ],
            [
              76.79277038574219,
              19.669269561767692
            ],
            [
              76.7867889404298,
              19.67128944396984
            ],
            [
              76.78486633300787,
              19.67713928222662
            ],
            [
              76.78598022460943,
              19.688360214233512
            ],
            [
              76.78295135498053,
              19.701168060302734
            ],
            [
              76.78553771972673,
              19.711692810058707
            ],
            [
              76.78898620605486,
              19.719181060791072
            ],
            [
              76.78839111328125,
              19.722761154174805
            ],
            [
              76.78383636474626,
              19.729101181030273
            ],
            [
              76.77957916259794,
              19.73093032836914
            ],
            [
              76.7739868164063,
              19.72748756408697
            ],
            [
              76.77024841308588,
              19.720052719116325
            ],
            [
              76.76640319824247,
              19.71544075012207
            ],
            [
              76.76844787597662,
              19.707529067993278
            ],
            [
              76.77037811279303,
              19.7042694091798
            ],
            [
              76.77191162109386,
              19.697578430175895
            ],
            [
              76.77112579345709,
              19.693059921264705
            ],
            [
              76.7682495117188,
              19.688360214233512
            ],
            [
              76.7628479003908,
              19.684690475464095
            ],
            [
              76.7584533691408,
              19.68495941162115
            ],
            [
              76.75370788574236,
              19.689260482788143
            ],
            [
              76.75054931640636,
              19.693981170654354
            ],
            [
              76.74756622314453,
              19.706558227539176
            ],
            [
              76.74433135986328,
              19.71046066284191
            ],
            [
              76.74121856689482,
              19.71209144592291
            ],
            [
              76.73684692382841,
              19.711570739746094
            ],
            [
              76.73387145996111,
              19.712261199951172
            ],
            [
              76.73232269287126,
              19.71705818176281
            ],
            [
              76.73754882812506,
              19.731121063232422
            ],
            [
              76.73252868652361,
              19.733869552612305
            ],
            [
              76.72702789306646,
              19.739330291748047
            ],
            [
              76.72460174560553,
              19.744150161743278
            ],
            [
              76.71575164794939,
              19.767932891845703
            ],
            [
              76.71285247802734,
              19.771270751953125
            ],
            [
              76.70717620849626,
              19.77082252502447
            ],
            [
              76.70398712158209,
              19.768600463867188
            ],
            [
              76.70140838623047,
              19.764921188354492
            ],
            [
              76.69171905517595,
              19.775230407714787
            ],
            [
              76.68813323974615,
              19.777561187744197
            ],
            [
              76.68612670898466,
              19.781730651855412
            ],
            [
              76.69204711914057,
              19.79492950439453
            ],
            [
              76.69625854492188,
              19.799350738525504
            ],
            [
              76.70089721679693,
              19.80677032470703
            ],
            [
              76.69738769531244,
              19.819660186767635
            ],
            [
              76.70043182373075,
              19.820339202880803
            ],
            [
              76.70468139648455,
              19.836540222168026
            ],
            [
              76.69476318359392,
              19.839971542358455
            ],
            [
              76.68250274658232,
              19.841230392456055
            ],
            [
              76.67916870117193,
              19.84106063842779
            ],
            [
              76.67526245117182,
              19.83896064758312
            ],
            [
              76.67724609375006,
              19.846839904785213
            ],
            [
              76.683853149414,
              19.84980964660656
            ],
            [
              76.6878967285158,
              19.860731124877987
            ],
            [
              76.68710327148438,
              19.865640640258903
            ],
            [
              76.68933105468761,
              19.868619918823356
            ],
            [
              76.68998718261736,
              19.873090744018555
            ],
            [
              76.69689178466803,
              19.873170852661133
            ],
            [
              76.7104263305664,
              19.869260787963867
            ],
            [
              76.72212982177746,
              19.86963081359869
            ],
            [
              76.73787689209001,
              19.872671127319336
            ],
            [
              76.74085998535185,
              19.88109970092796
            ],
            [
              76.74134826660162,
              19.888660430908203
            ],
            [
              76.74057006835943,
              19.89746284484886
            ],
            [
              76.74491882324236,
              19.907360076904297
            ],
            [
              76.76567077636713,
              19.90443038940441
            ],
            [
              76.76996612548834,
              19.914550781250057
            ],
            [
              76.77239990234392,
              19.922990798950252
            ],
            [
              76.77172851562511,
              19.933452606201115
            ],
            [
              76.82174682617182,
              19.927391052246207
            ],
            [
              76.8309631347658,
              19.94899940490734
            ],
            [
              76.83538055419928,
              19.96152114868164
            ],
            [
              76.86989593505865,
              19.95627021789562
            ],
            [
              76.8721694946289,
              19.951440811157454
            ],
            [
              76.87690734863298,
              19.950080871582088
            ],
            [
              76.88535308837896,
              19.950969696045036
            ],
            [
              76.8893432617188,
              19.950439453125227
            ],
            [
              76.89427947998064,
              19.946689605712947
            ],
            [
              76.89739227294928,
              19.95229911804222
            ],
            [
              76.89878082275419,
              19.952560424804744
            ],
            [
              76.89898681640653,
              19.963279724121207
            ],
            [
              76.9129714965822,
              19.96841049194336
            ],
            [
              76.91615295410185,
              19.972021102905217
            ],
            [
              76.92588806152338,
              19.976562500000227
            ],
            [
              76.9370727539063,
              19.979970932006893
            ],
            [
              76.94164276123053,
              19.982049942016545
            ],
            [
              76.94474029541044,
              19.98433113098139
            ],
            [
              76.94727325439453,
              19.983760833740348
            ],
            [
              76.96028137207048,
              19.98603057861328
            ],
            [
              76.96633911132812,
              19.990200042724837
            ],
            [
              76.970512390137,
              19.99487113952648
            ],
            [
              76.98703765869146,
              19.99682044982916
            ],
            [
              76.98969268798834,
              20.000749588012695
            ],
            [
              76.99054718017572,
              20.009830474853572
            ],
            [
              76.99109649658232,
              20.018510818481445
            ],
            [
              76.9978866577149,
              20.013019561767578
            ],
            [
              77.00534057617193,
              20.007610321045036
            ],
            [
              77.01081848144548,
              20.005331039428768
            ]
          ]
        ]
      }
    },
    {
      "type": "Feature",
      "properties": {
        "ID_0": 105,
        "ISO": "IND",
        "NAME_0": "India",
        "ID_1": 21,
        "NAME_1": "Maharashtra",
        "ID_2": 320,
        "NAME_2": "Jalna",
        "NL_NAME_2": null,
        "VARNAME_2": null,
        "TYPE_2": "District",
        "ENGTYPE_2": "District",
        "district_name": "JALNA",
        "shapeName": "JALNA"
      },
      "geometry": {
        "type": "Polygon",
        "coordinates": [
          [
            [
              76.02626800537115,
              20.64548110961914
            ],
            [
              76.03283691406278,
              20.64015960693365
            ],
            [
              76.03376770019543,
              20.63574981689476
            ],
            [
              76.03161621093756,
              20.627109527588004
            ],
            [
              76.03430938720709,
              20.618181228637695
            ],
            [
              76.03816223144543,
              20.612440109252987
            ],
            [
              76.0391921997072,
              20.60828018188471
            ],
            [
              76.03997039794939,
              20.60517120361328
            ],
            [
              76.04016113281267,
              20.601890563964787
            ],
            [
              76.04033660888689,
              20.598850250244197
            ],
            [
              76.03885650634771,
              20.59688949584961
            ],
            [
              76.03865814208984,
              20.589660644531364
            ],
            [
              76.04213714599615,
              20.583261489868164
            ],
            [
              76.0418777465822,
              20.580560684204045
            ],
            [
              76.03784942626953,
              20.571781158447322
            ],
            [
              76.03807067871111,
              20.569089889526367
            ],
            [
              76.03977966308611,
              20.56525993347168
            ],
            [
              76.03988647460966,
              20.56100845336914
            ],
            [
              76.04032135009766,
              20.556648254394645
            ],
            [
              76.03624725341808,
              20.555740356445312
            ],
            [
              76.03231048583984,
              20.55694961547863
            ],
            [
              76.026176452637,
              20.554689407348633
            ],
            [
              76.0236206054688,
              20.55425262451172
            ],
            [
              76.02120208740263,
              20.553842544555778
            ],
            [
              76.01856231689447,
              20.551902770996037
            ],
            [
              76.01951599121088,
              20.548349380493164
            ],
            [
              76.01972961425781,
              20.537319183349553
            ],
            [
              76.01853179931669,
              20.531858444213867
            ],
            [
              76.01394653320341,
              20.53368949890148
            ],
            [
              76.01223754882841,
              20.535329818725586
            ],
            [
              76.01169586181635,
              20.53861045837425
            ],
            [
              76.0100173950197,
              20.5379695892334
            ],
            [
              76.00868225097673,
              20.537471771240348
            ],
            [
              76.00211334228527,
              20.532329559326286
            ],
            [
              76.00015258789068,
              20.53212928771967
            ],
            [
              75.99901580810553,
              20.53149032592779
            ],
            [
              75.99492645263672,
              20.535169601440487
            ],
            [
              75.99092864990234,
              20.53198051452648
            ],
            [
              75.98343658447294,
              20.53104019165039
            ],
            [
              75.97418975830078,
              20.53506088256836
            ],
            [
              75.97363281250006,
              20.530981063843
            ],
            [
              75.97097015380865,
              20.52457046508789
            ],
            [
              75.9588012695313,
              20.528980255126953
            ],
            [
              75.9581604003908,
              20.526010513305607
            ],
            [
              75.95667266845709,
              20.523780822754134
            ],
            [
              75.95443725585966,
              20.522050857543945
            ],
            [
              75.95081329345732,
              20.521129608154297
            ],
            [
              75.94960784912115,
              20.514720916748274
            ],
            [
              75.94462585449219,
              20.505481719970703
            ],
            [
              75.94272613525396,
              20.49716949462885
            ],
            [
              75.94445037841803,
              20.487899780273494
            ],
            [
              75.94789886474615,
              20.48340034484886
            ],
            [
              75.95101928710966,
              20.47504997253418
            ],
            [
              75.95564270019531,
              20.474920272827205
            ],
            [
              75.95487213134766,
              20.467971801757926
            ],
            [
              75.95844268798857,
              20.467258453369197
            ],
            [
              75.95793914794939,
              20.458250045776367
            ],
            [
              75.9493713378908,
              20.448190689086857
            ],
            [
              75.94513702392572,
              20.43770027160639
            ],
            [
              75.94254302978521,
              20.42704963684082
            ],
            [
              75.94551086425776,
              20.424722671508903
            ],
            [
              75.9486694335938,
              20.4150905609132
            ],
            [
              75.94960784912115,
              20.41032981872553
            ],
            [
              75.94879150390642,
              20.402099609375227
            ],
            [
              75.95086669921875,
              20.395860671997127
            ],
            [
              75.95181274414057,
              20.394521713256836
            ],
            [
              75.95397949218756,
              20.39139747619629
            ],
            [
              75.9654388427735,
              20.381830215454045
            ],
            [
              75.96840667724604,
              20.37506294250511
            ],
            [
              75.9605865478515,
              20.374990463256893
            ],
            [
              75.96041870117205,
              20.369789123535156
            ],
            [
              75.95435333251953,
              20.37281990051281
            ],
            [
              75.953598022461,
              20.37318992614746
            ],
            [
              75.9425125122072,
              20.3726806640625
            ],
            [
              75.94476318359375,
              20.362590789795036
            ],
            [
              75.94500732421875,
              20.353000640869197
            ],
            [
              75.94278717041027,
              20.346519470214844
            ],
            [
              75.93830108642595,
              20.341619491577262
            ],
            [
              75.93457031250006,
              20.339439392089787
            ],
            [
              75.93306732177746,
              20.332809448242188
            ],
            [
              75.93000793457043,
              20.329637527465877
            ],
            [
              75.92867279052746,
              20.327430725097656
            ],
            [
              75.92703247070312,
              20.324710845947266
            ],
            [
              75.92665100097656,
              20.32154083251953
            ],
            [
              75.92746734619146,
              20.31117057800293
            ],
            [
              75.92854309082026,
              20.30830955505371
            ],
            [
              75.93331909179688,
              20.305440902709904
            ],
            [
              75.92923736572271,
              20.30161285400402
            ],
            [
              75.92125701904325,
              20.298879623413143
            ],
            [
              75.92064666748053,
              20.298097610473576
            ],
            [
              75.92752838134777,
              20.293794631958065
            ],
            [
              75.93959045410185,
              20.292699813842773
            ],
            [
              75.95384979248058,
              20.302570343017578
            ],
            [
              75.96701049804699,
              20.313539505004826
            ],
            [
              75.98126983642584,
              20.322311401367188
            ],
            [
              75.9933319091798,
              20.322311401367188
            ],
            [
              76.00759124755865,
              20.314634323120117
            ],
            [
              76.014175415039,
              20.30586051940918
            ],
            [
              76.029525756836,
              20.302570343017578
            ],
            [
              76.03720855712902,
              20.30695533752447
            ],
            [
              76.05255889892595,
              20.314634323120117
            ],
            [
              76.06571960449236,
              20.32340621948248
            ],
            [
              76.07669067382824,
              20.337667465209904
            ],
            [
              76.0843658447265,
              20.347539901733512
            ],
            [
              76.09862518310558,
              20.353021621704045
            ],
            [
              76.12604522705084,
              20.340957641601506
            ],
            [
              76.15236663818365,
              20.32889175415039
            ],
            [
              76.16662597656267,
              20.314634323120117
            ],
            [
              76.17759704589872,
              20.29818344116211
            ],
            [
              76.17759704589872,
              20.279535293579215
            ],
            [
              76.16991424560553,
              20.263084411621207
            ],
            [
              76.158950805664,
              20.243343353271598
            ],
            [
              76.15456390380854,
              20.22360229492199
            ],
            [
              76.15456390380854,
              20.211536407470646
            ],
            [
              76.15565490722668,
              20.20166587829584
            ],
            [
              76.15126800537121,
              20.178632736206055
            ],
            [
              76.12604522705084,
              20.152309417724666
            ],
            [
              76.09972381591803,
              20.140245437622127
            ],
            [
              76.08217620849615,
              20.121601104736385
            ],
            [
              76.06681823730463,
              20.09637260437023
            ],
            [
              76.05036926269543,
              20.07114982604986
            ],
            [
              76.03720855712902,
              20.043729782104606
            ],
            [
              76.02185058593767,
              20.022890090942383
            ],
            [
              76.00759124755865,
              19.997665405273438
            ],
            [
              75.99739074707026,
              19.97641754150402
            ],
            [
              76.00035858154303,
              19.974500656127873
            ],
            [
              76.00544738769548,
              19.972919464111442
            ],
            [
              76.01155090332048,
              19.972482681274528
            ],
            [
              76.01378631591825,
              19.972789764404297
            ],
            [
              76.01693725585943,
              19.97503089904785
            ],
            [
              76.01677703857428,
              19.967069625854435
            ],
            [
              76.01431274414074,
              19.954280853271484
            ],
            [
              76.02909088134783,
              19.949132919311467
            ],
            [
              76.03788757324236,
              19.948961257934798
            ],
            [
              76.042778015137,
              19.951499938964844
            ],
            [
              76.04442596435553,
              19.946069717407283
            ],
            [
              76.04882049560553,
              19.948280334472656
            ],
            [
              76.0534973144533,
              19.94260978698742
            ],
            [
              76.05481719970703,
              19.94127082824707
            ],
            [
              76.04949188232439,
              19.9380397796632
            ],
            [
              76.05175018310541,
              19.93294906616211
            ],
            [
              76.05838012695324,
              19.93152999877941
            ],
            [
              76.06048583984403,
              19.925180435180778
            ],
            [
              76.0615463256836,
              19.919149398803825
            ],
            [
              76.06372833251982,
              19.916709899902457
            ],
            [
              76.08068084716803,
              19.912511825561467
            ],
            [
              76.08097839355486,
              19.890871047973576
            ],
            [
              76.08174133300798,
              19.8855304718017
            ],
            [
              76.0834121704101,
              19.88194084167486
            ],
            [
              76.09382629394537,
              19.871931076049805
            ],
            [
              76.09615325927763,
              19.867759704589844
            ],
            [
              76.100326538086,
              19.856840133666992
            ],
            [
              76.10959625244158,
              19.861209869384766
            ],
            [
              76.12059020996122,
              19.860361099243107
            ],
            [
              76.12110137939459,
              19.865062713623104
            ],
            [
              76.12931060791021,
              19.863759994506836
            ],
            [
              76.13500213623053,
              19.85733985900879
            ],
            [
              76.13700866699213,
              19.850999832153263
            ],
            [
              76.14009857177751,
              19.84537124633789
            ],
            [
              76.14966583251953,
              19.84616088867199
            ],
            [
              76.14908599853533,
              19.854440689086857
            ],
            [
              76.14949035644537,
              19.85610008239746
            ],
            [
              76.15193939209001,
              19.85680961608898
            ],
            [
              76.16974639892584,
              19.851070404052734
            ],
            [
              76.1744995117188,
              19.850231170654354
            ],
            [
              76.18772125244169,
              19.85186958313011
            ],
            [
              76.19323730468778,
              19.855672836303654
            ],
            [
              76.19677734375,
              19.859170913696403
            ],
            [
              76.19864654541033,
              19.86320114135748
            ],
            [
              76.20965576171903,
              19.862541198730582
            ],
            [
              76.21195983886747,
              19.865589141845703
            ],
            [
              76.214340209961,
              19.86680984497076
            ],
            [
              76.22985076904308,
              19.864660263061523
            ],
            [
              76.240707397461,
              19.871692657470703
            ],
            [
              76.24806213378923,
              19.870290756225643
            ],
            [
              76.25171661376959,
              19.87141990661644
            ],
            [
              76.2562561035158,
              19.874210357666072
            ],
            [
              76.26181030273455,
              19.87416076660162
            ],
            [
              76.28273773193354,
              19.872890472412166
            ],
            [
              76.29431915283214,
              19.87157058715843
            ],
            [
              76.29775238037121,
              19.870470046997013
            ],
            [
              76.30059051513678,
              19.87615966796875
            ],
            [
              76.3046875,
              19.878540039062557
            ],
            [
              76.30816650390625,
              19.879571914672965
            ],
            [
              76.30959320068388,
              19.877870559692496
            ],
            [
              76.31365966796892,
              19.875770568847656
            ],
            [
              76.31800079345732,
              19.878049850463867
            ],
            [
              76.3200073242188,
              19.878290176391545
            ],
            [
              76.32357025146484,
              19.881380081176758
            ],
            [
              76.32718658447266,
              19.882799148559627
            ],
            [
              76.33409118652361,
              19.88352966308605
            ],
            [
              76.33904266357439,
              19.88278961181652
            ],
            [
              76.34291839599615,
              19.889091491699332
            ],
            [
              76.3434066772461,
              19.892230987548942
            ],
            [
              76.34541320800787,
              19.89253044128418
            ],
            [
              76.3474426269533,
              19.89066123962408
            ],
            [
              76.35253906249994,
              19.894580841064453
            ],
            [
              76.3539123535158,
              19.897069931030217
            ],
            [
              76.35437774658209,
              19.90114021301281
            ],
            [
              76.3570404052735,
              19.9090194702149
            ],
            [
              76.3655166625976,
              19.922500610351562
            ],
            [
              76.3656463623048,
              19.925712585449332
            ],
            [
              76.3675384521485,
              19.926588058471793
            ],
            [
              76.37239837646484,
              19.924261093139876
            ],
            [
              76.37829589843744,
              19.919828414916992
            ],
            [
              76.38284301757841,
              19.919572830200252
            ],
            [
              76.38730621337908,
              19.907260894775447
            ],
            [
              76.38955688476562,
              19.90513992309593
            ],
            [
              76.39346313476568,
              19.90637969970726
            ],
            [
              76.39861297607428,
              19.909378051757812
            ],
            [
              76.40277099609375,
              19.916700363159293
            ],
            [
              76.4075012207033,
              19.920619964599723
            ],
            [
              76.41690826416021,
              19.918479919433537
            ],
            [
              76.43942260742193,
              19.91732978820812
            ],
            [
              76.44682312011736,
              19.91901969909668
            ],
            [
              76.45069885253912,
              19.921348571777287
            ],
            [
              76.46431732177729,
              19.91821098327648
            ],
            [
              76.48184204101591,
              19.919910430908146
            ],
            [
              76.48974609375,
              19.9189395904541
            ],
            [
              76.49233245849638,
              19.91780090332037
            ],
            [
              76.49021148681669,
              19.909240722656477
            ],
            [
              76.49035644531256,
              19.904409408569393
            ],
            [
              76.49114990234386,
              19.89912033081049
            ],
            [
              76.49437713623053,
              19.891870498657227
            ],
            [
              76.49931335449224,
              19.884300231933707
            ],
            [
              76.51055145263678,
              19.87490081787132
            ],
            [
              76.51447296142572,
              19.87692832946783
            ],
            [
              76.51883697509794,
              19.871620178222656
            ],
            [
              76.52539062500017,
              19.869409561157283
            ],
            [
              76.53259277343744,
              19.865070343017635
            ],
            [
              76.52926635742193,
              19.86129951477045
            ],
            [
              76.53134155273443,
              19.85667037963873
            ],
            [
              76.53199768066435,
              19.85120010375988
            ],
            [
              76.52989959716825,
              19.848659515380916
            ],
            [
              76.5196075439456,
              19.849100112914982
            ],
            [
              76.52133941650385,
              19.841842651367188
            ],
            [
              76.51790618896479,
              19.84059143066412
            ],
            [
              76.52060699462908,
              19.836971282958984
            ],
            [
              76.51679992675798,
              19.836139678955192
            ],
            [
              76.5172729492188,
              19.832569122314453
            ],
            [
              76.51122283935575,
              19.83045959472679
            ],
            [
              76.5104522705081,
              19.828109741210938
            ],
            [
              76.51477050781256,
              19.82641983032238
            ],
            [
              76.50910186767607,
              19.81855964660656
            ],
            [
              76.51175689697277,
              19.81610107421875
            ],
            [
              76.513481140137,
              19.812040328979492
            ],
            [
              76.51393890380876,
              19.807899475097656
            ],
            [
              76.51077270507818,
              19.801019668579215
            ],
            [
              76.49894714355474,
              19.799831390380916
            ],
            [
              76.4852828979495,
              19.80039978027355
            ],
            [
              76.4829559326173,
              19.793561935424805
            ],
            [
              76.4838485717774,
              19.786550521850813
            ],
            [
              76.488998413086,
              19.778980255126953
            ],
            [
              76.50145721435558,
              19.773042678833008
            ],
            [
              76.51188659667974,
              19.770740509033317
            ],
            [
              76.5099029541015,
              19.76299095153803
            ],
            [
              76.49845886230463,
              19.762529373168945
            ],
            [
              76.49297332763689,
              19.760929107666072
            ],
            [
              76.4876480102539,
              19.75564002990717
            ],
            [
              76.48425292968756,
              19.749399185180664
            ],
            [
              76.484848022461,
              19.743881225585994
            ],
            [
              76.4591674804687,
              19.747220993041992
            ],
            [
              76.45789337158203,
              19.723541259765568
            ],
            [
              76.48436737060564,
              19.720518112182617
            ],
            [
              76.48665618896501,
              19.697860717773438
            ],
            [
              76.48702239990234,
              19.677539825439453
            ],
            [
              76.47061157226557,
              19.679140090942496
            ],
            [
              76.46540832519543,
              19.66787910461437
            ],
            [
              76.45942687988287,
              19.66530990600586
            ],
            [
              76.45285034179716,
              19.66723060607916
            ],
            [
              76.44928741455095,
              19.660240173339844
            ],
            [
              76.44346618652355,
              19.641639709472884
            ],
            [
              76.45227050781278,
              19.641292572021484
            ],
            [
              76.45262145996105,
              19.626590728759766
            ],
            [
              76.45130920410185,
              19.612670898437557
            ],
            [
              76.44182586669922,
              19.612289428710994
            ],
            [
              76.43312072753912,
              19.602130889892692
            ],
            [
              76.43756866455107,
              19.600439071655387
            ],
            [
              76.43649291992205,
              19.586162567138672
            ],
            [
              76.44779968261724,
              19.58323097229004
            ],
            [
              76.44509124755876,
              19.563949584960938
            ],
            [
              76.44571685791021,
              19.554172515869197
            ],
            [
              76.44181823730469,
              19.54123115539562
            ],
            [
              76.41259002685575,
              19.532590866088867
            ],
            [
              76.41227722167986,
              19.538110733032454
            ],
            [
              76.39547729492188,
              19.54113960266119
            ],
            [
              76.39523315429716,
              19.53127098083496
            ],
            [
              76.37805938720732,
              19.536619186401367
            ],
            [
              76.37207031250006,
              19.51583290100109
            ],
            [
              76.3719100952149,
              19.504930496216048
            ],
            [
              76.37728118896496,
              19.50373077392601
            ],
            [
              76.37696838378906,
              19.499559402465877
            ],
            [
              76.37383270263678,
              19.495880126953125
            ],
            [
              76.37126922607439,
              19.489162445068416
            ],
            [
              76.36530303955107,
              19.468221664428768
            ],
            [
              76.34478759765625,
              19.46977043151867
            ],
            [
              76.34120178222662,
              19.45377922058117
            ],
            [
              76.33589172363293,
              19.456350326538086
            ],
            [
              76.3275527954101,
              19.45577049255371
            ],
            [
              76.31514739990263,
              19.463819503784407
            ],
            [
              76.31015014648449,
              19.45514106750511
            ],
            [
              76.3035278320312,
              19.431800842285213
            ],
            [
              76.29090118408232,
              19.43190956115734
            ],
            [
              76.28608703613287,
              19.39660072326666
            ],
            [
              76.29247283935547,
              19.39636039733898
            ],
            [
              76.28528594970709,
              19.36609077453619
            ],
            [
              76.26760864257824,
              19.365800857543945
            ],
            [
              76.26174926757807,
              19.357139587402287
            ],
            [
              76.26745605468778,
              19.352489471435547
            ],
            [
              76.27439117431658,
              19.348960876464844
            ],
            [
              76.28041839599638,
              19.349201202392692
            ],
            [
              76.27937316894537,
              19.34451293945324
            ],
            [
              76.2734985351563,
              19.338871002197322
            ],
            [
              76.26831054687506,
              19.335298538208008
            ],
            [
              76.26478576660185,
              19.33399963378912
            ],
            [
              76.25739288330095,
              19.334831237792912
            ],
            [
              76.24169921875028,
              19.338239669799805
            ],
            [
              76.23488616943376,
              19.313682556152344
            ],
            [
              76.21322631835943,
              19.31858062744152
            ],
            [
              76.20997619628912,
              19.30129814147955
            ],
            [
              76.21009826660173,
              19.29856109619152
            ],
            [
              76.21671295166044,
              19.29658126831049
            ],
            [
              76.22154235839861,
              19.294080734252987
            ],
            [
              76.22046661376959,
              19.288528442382812
            ],
            [
              76.21750640869135,
              19.288360595703125
            ],
            [
              76.20915222167986,
              19.27783966064453
            ],
            [
              76.20433044433622,
              19.281200408935547
            ],
            [
              76.19892120361334,
              19.28495979309082
            ],
            [
              76.19528198242193,
              19.286701202392578
            ],
            [
              76.18509674072266,
              19.289360046386776
            ],
            [
              76.17981719970709,
              19.288431167602596
            ],
            [
              76.1720733642581,
              19.283571243286076
            ],
            [
              76.1670532226563,
              19.28240966796875
            ],
            [
              76.16355895996111,
              19.283380508422795
            ],
            [
              76.16129302978533,
              19.287782669067383
            ],
            [
              76.15975189209001,
              19.295560836791992
            ],
            [
              76.15827178955084,
              19.29755020141596
            ],
            [
              76.15294647216803,
              19.295869827270565
            ],
            [
              76.14222717285156,
              19.291009902954045
            ],
            [
              76.1380462646485,
              19.292470932006836
            ],
            [
              76.13484191894537,
              19.294651031494254
            ],
            [
              76.12946319580084,
              19.30054855346691
            ],
            [
              76.12814331054693,
              19.30389976501465
            ],
            [
              76.12531280517584,
              19.304292678833065
            ],
            [
              76.12174987792963,
              19.3017196655274
            ],
            [
              76.11769104003918,
              19.296920776367188
            ],
            [
              76.11593627929693,
              19.2967205047608
            ],
            [
              76.10781097412138,
              19.30709075927757
            ],
            [
              76.10150146484403,
              19.30852127075218
            ],
            [
              76.09845733642607,
              19.30727005004877
            ],
            [
              76.0958862304688,
              19.298408508300724
            ],
            [
              76.09580230712919,
              19.296100616455135
            ],
            [
              76.09574890136724,
              19.294340133666935
            ],
            [
              76.09200286865229,
              19.284591674804744
            ],
            [
              76.08378601074247,
              19.2799911499024
            ],
            [
              76.07750701904291,
              19.279750823974723
            ],
            [
              76.07514190673834,
              19.280149459839095
            ],
            [
              76.07274627685547,
              19.280540466308594
            ],
            [
              76.06568908691406,
              19.283260345458984
            ],
            [
              76.05481719970703,
              19.285110473632812
            ],
            [
              76.05101013183594,
              19.284322738647518
            ],
            [
              76.03962707519537,
              19.286291122436637
            ],
            [
              76.03193664550781,
              19.290220260620117
            ],
            [
              76.02844238281278,
              19.297410964966048
            ],
            [
              76.02726745605474,
              19.301549911499137
            ],
            [
              76.02691650390653,
              19.312410354614258
            ],
            [
              76.02551269531256,
              19.321479797363224
            ],
            [
              76.02313232421903,
              19.326509475708008
            ],
            [
              76.02355194091814,
              19.32925033569336
            ],
            [
              76.02536010742193,
              19.333240509033203
            ],
            [
              76.02561950683588,
              19.337249755859432
            ],
            [
              76.0237884521485,
              19.339290618896598
            ],
            [
              76.01982879638678,
              19.339820861816406
            ],
            [
              76.01624298095732,
              19.3387908935548
            ],
            [
              76.01315307617193,
              19.336790084839095
            ],
            [
              76.00048828125017,
              19.323749542236385
            ],
            [
              75.98391723632812,
              19.312559127807674
            ],
            [
              75.97141265869169,
              19.299730300903434
            ],
            [
              75.95556640625011,
              19.29468154907221
            ],
            [
              75.94666290283197,
              19.29351043701172
            ],
            [
              75.93885803222656,
              19.292821884155217
            ],
            [
              75.93431854248064,
              19.294040679931697
            ],
            [
              75.92111206054688,
              19.301130294800032
            ],
            [
              75.90783691406256,
              19.319580078124943
            ],
            [
              75.90551757812517,
              19.33069992065441
            ],
            [
              75.90717315673822,
              19.343601226806697
            ],
            [
              75.91021728515653,
              19.35201072692871
            ],
            [
              75.91703033447271,
              19.36228942871088
            ],
            [
              75.91609191894543,
              19.365579605102482
            ],
            [
              75.92286682128923,
              19.374139785766715
            ],
            [
              75.92359161376953,
              19.37677955627447
            ],
            [
              75.92247009277361,
              19.384611129760742
            ],
            [
              75.91867828369158,
              19.38832092285162
            ],
            [
              75.91066741943376,
              19.389741897583065
            ],
            [
              75.90487670898466,
              19.38816261291504
            ],
            [
              75.90022277832037,
              19.385578155517805
            ],
            [
              75.89546203613287,
              19.381168365478572
            ],
            [
              75.88804626464855,
              19.378910064697322
            ],
            [
              75.88260650634783,
              19.38113021850586
            ],
            [
              75.87464141845709,
              19.38118171691906
            ],
            [
              75.86844635009794,
              19.375730514526424
            ],
            [
              75.85312652587896,
              19.3723602294923
            ],
            [
              75.84057617187528,
              19.371120452880973
            ],
            [
              75.83690643310553,
              19.372240066528434
            ],
            [
              75.81844329834013,
              19.384019851684627
            ],
            [
              75.81228637695318,
              19.388769149780217
            ],
            [
              75.79754638671892,
              19.397180557251033
            ],
            [
              75.78470611572294,
              19.39734077453619
            ],
            [
              75.7730865478515,
              19.395780563354606
            ],
            [
              75.76699066162104,
              19.394081115722713
            ],
            [
              75.75926971435553,
              19.38985061645502
            ],
            [
              75.7628784179688,
              19.381740570068416
            ],
            [
              75.76315307617216,
              19.372188568115234
            ],
            [
              75.75990295410185,
              19.36911010742199
            ],
            [
              75.75560760498047,
              19.359180450439453
            ],
            [
              75.75245666503935,
              19.357809066772575
            ],
            [
              75.74073028564453,
              19.35872077941889
            ],
            [
              75.71383666992188,
              19.3578395843507
            ],
            [
              75.70607757568365,
              19.358829498291016
            ],
            [
              75.70250701904325,
              19.360740661621207
            ],
            [
              75.68937683105469,
              19.355840682983455
            ],
            [
              75.68289184570312,
              19.356779098510742
            ],
            [
              75.67999267578153,
              19.358730316162223
            ],
            [
              75.67788696289091,
              19.364830017089844
            ],
            [
              75.67542266845732,
              19.367250442504996
            ],
            [
              75.65717315673845,
              19.366308212280273
            ],
            [
              75.65180206298828,
              19.36926078796398
            ],
            [
              75.64306640625017,
              19.381561279296818
            ],
            [
              75.630355834961,
              19.375032424926985
            ],
            [
              75.62372589111357,
              19.374420166015852
            ],
            [
              75.61685180664091,
              19.379020690918026
            ],
            [
              75.61324310302763,
              19.382709503174055
            ],
            [
              75.61145019531256,
              19.38202285766613
            ],
            [
              75.61743164062528,
              19.400489807128906
            ],
            [
              75.61913299560575,
              19.409330368042106
            ],
            [
              75.61998748779314,
              19.42551994323742
            ],
            [
              75.6139602661134,
              19.42867088317871
            ],
            [
              75.61119079589861,
              19.430980682373104
            ],
            [
              75.61290740966814,
              19.453979492187557
            ],
            [
              75.61646270751982,
              19.45720100402832
            ],
            [
              75.62092590332048,
              19.46850013732933
            ],
            [
              75.62542724609403,
              19.464530944824162
            ],
            [
              75.63117980957026,
              19.461322784423885
            ],
            [
              75.63358306884771,
              19.461151123046875
            ],
            [
              75.63629913330107,
              19.465051651001033
            ],
            [
              75.6375579833985,
              19.470840454101562
            ],
            [
              75.644271850586,
              19.486850738525618
            ],
            [
              75.64675903320318,
              19.49941062927246
            ],
            [
              75.6455688476563,
              19.512380599975586
            ],
            [
              75.64540100097662,
              19.52892112731945
            ],
            [
              75.6522827148438,
              19.54584121704113
            ],
            [
              75.65714263916016,
              19.555189132690657
            ],
            [
              75.6585311889649,
              19.56741905212408
            ],
            [
              75.65653991699247,
              19.577400207519645
            ],
            [
              75.65595245361357,
              19.586240768432617
            ],
            [
              75.65468597412126,
              19.58893966674816
            ],
            [
              75.6547470092774,
              19.592838287353516
            ],
            [
              75.65329742431669,
              19.59559822082531
            ],
            [
              75.6175384521485,
              19.598831176757812
            ],
            [
              75.61541748046875,
              19.602910995483512
            ],
            [
              75.60238647460932,
              19.603031158447322
            ],
            [
              75.60021972656256,
              19.60762977600092
            ],
            [
              75.60148620605486,
              19.610889434814567
            ],
            [
              75.59694671630865,
              19.620199203491268
            ],
            [
              75.59395599365263,
              19.629779815673942
            ],
            [
              75.59250640869158,
              19.638439178466797
            ],
            [
              75.60193634033209,
              19.641431808471793
            ],
            [
              75.60869598388672,
              19.642169952392692
            ],
            [
              75.61190032959013,
              19.657020568847656
            ],
            [
              75.63494873046886,
              19.656211853027287
            ],
            [
              75.63720703125006,
              19.679571151733455
            ],
            [
              75.63149261474615,
              19.70218086242687
            ],
            [
              75.63445281982439,
              19.70522117614746
            ],
            [
              75.63768768310547,
              19.735340118408203
            ],
            [
              75.63121795654314,
              19.73858070373558
            ],
            [
              75.6316528320313,
              19.746250152588118
            ],
            [
              75.6293563842774,
              19.74677085876459
            ],
            [
              75.62947845458984,
              19.75261116027832
            ],
            [
              75.62950134277361,
              19.753482818603572
            ],
            [
              75.62928771972656,
              19.776840209960994
            ],
            [
              75.63992309570341,
              19.777088165283203
            ],
            [
              75.63796997070318,
              19.7834796905517
            ],
            [
              75.64676666259777,
              19.785829544067383
            ],
            [
              75.6465682983399,
              19.7933406829834
            ],
            [
              75.64279174804716,
              19.801828384399414
            ],
            [
              75.63803863525419,
              19.814590454101562
            ],
            [
              75.65394592285156,
              19.816040039062614
            ],
            [
              75.65367889404325,
              19.825679779052678
            ],
            [
              75.64897918701189,
              19.83629989624029
            ],
            [
              75.6485671997072,
              19.851299285888672
            ],
            [
              75.65158843994135,
              19.871751785278434
            ],
            [
              75.64884185791021,
              19.87490081787132
            ],
            [
              75.65142059326172,
              19.87817955017084
            ],
            [
              75.65496063232428,
              19.911520004272575
            ],
            [
              75.66368865966803,
              19.917081832885856
            ],
            [
              75.66887664794928,
              19.921501159668082
            ],
            [
              75.66783142089861,
              19.92790031433111
            ],
            [
              75.66927337646496,
              19.940811157226562
            ],
            [
              75.65212249755888,
              19.95219993591303
            ],
            [
              75.64227294921892,
              19.956260681152344
            ],
            [
              75.63871765136724,
              19.956182479858512
            ],
            [
              75.64212036132812,
              19.961620330810604
            ],
            [
              75.63922882080095,
              19.97013092041027
            ],
            [
              75.6353225708009,
              19.983980178833008
            ],
            [
              75.6376495361331,
              19.99583244323742
            ],
            [
              75.63134002685575,
              20.001739501953352
            ],
            [
              75.63932037353521,
              20.00406265258789
            ],
            [
              75.63986206054693,
              20.004920959472656
            ],
            [
              75.61458587646479,
              20.005641937255916
            ],
            [
              75.60639190673822,
              20.006998062133903
            ],
            [
              75.60279846191423,
              20.009721755981445
            ],
            [
              75.60251617431652,
              20.015220642089844
            ],
            [
              75.60013580322283,
              20.01942062377941
            ],
            [
              75.59691619873047,
              20.021938323974723
            ],
            [
              75.59513854980463,
              20.024471282958984
            ],
            [
              75.5949020385745,
              20.029300689697493
            ],
            [
              75.60436248779303,
              20.0480899810791
            ],
            [
              75.60877227783209,
              20.052972793579215
            ],
            [
              75.60771942138666,
              20.05548095703125
            ],
            [
              75.60470581054705,
              20.057279586791935
            ],
            [
              75.60167694091814,
              20.063669204711857
            ],
            [
              75.5979461669923,
              20.062030792236328
            ],
            [
              75.59570312499994,
              20.06245994567871
            ],
            [
              75.59320068359403,
              20.069471359253043
            ],
            [
              75.5909729003908,
              20.07971954345703
            ],
            [
              75.59062194824219,
              20.08534049987793
            ],
            [
              75.59079742431658,
              20.10318946838379
            ],
            [
              75.60836791992193,
              20.1048393249514
            ],
            [
              75.62216949462902,
              20.104949951171932
            ],
            [
              75.62847900390653,
              20.10661125183111
            ],
            [
              75.63080596923822,
              20.110628128051758
            ],
            [
              75.63704681396496,
              20.12928009033203
            ],
            [
              75.63659667968756,
              20.133241653442496
            ],
            [
              75.63743591308622,
              20.138879776000977
            ],
            [
              75.63884735107439,
              20.141529083252067
            ],
            [
              75.63996124267572,
              20.14361953735363
            ],
            [
              75.64084625244146,
              20.14738082885748
            ],
            [
              75.64466857910168,
              20.16093063354498
            ],
            [
              75.6444702148438,
              20.16575813293457
            ],
            [
              75.64597320556646,
              20.177570343017692
            ],
            [
              75.6488723754884,
              20.186290740966854
            ],
            [
              75.6499328613283,
              20.19263076782238
            ],
            [
              75.66493988037104,
              20.190811157226676
            ],
            [
              75.67560577392607,
              20.18951034545904
            ],
            [
              75.67807006835966,
              20.190290451049805
            ],
            [
              75.68033599853527,
              20.192329406738395
            ],
            [
              75.685043334961,
              20.202800750732422
            ],
            [
              75.68525695800787,
              20.205619812011776
            ],
            [
              75.68129730224621,
              20.216329574585075
            ],
            [
              75.6812362670899,
              20.218711853027344
            ],
            [
              75.6811828613283,
              20.22104072570795
            ],
            [
              75.68268585205072,
              20.230560302734375
            ],
            [
              75.68189239501982,
              20.23427963256836
            ],
            [
              75.67836761474615,
              20.23625183105463
            ],
            [
              75.67687988281256,
              20.238660812378043
            ],
            [
              75.67720031738298,
              20.241479873657227
            ],
            [
              75.68049621582037,
              20.248249053955135
            ],
            [
              75.68374633789068,
              20.25943946838379
            ],
            [
              75.69064331054699,
              20.26653099060053
            ],
            [
              75.69381713867193,
              20.27180099487316
            ],
            [
              75.69725799560553,
              20.28161811828619
            ],
            [
              75.69769287109386,
              20.28754997253418
            ],
            [
              75.69415283203142,
              20.29437065124506
            ],
            [
              75.69301605224626,
              20.29652976989746
            ],
            [
              75.68920898437517,
              20.30089950561529
            ],
            [
              75.68541717529297,
              20.308229446411133
            ],
            [
              75.68678283691412,
              20.310779571533203
            ],
            [
              75.70623016357428,
              20.315128326416016
            ],
            [
              75.7091827392581,
              20.3171710968017
            ],
            [
              75.71290588378912,
              20.318471908569336
            ],
            [
              75.7198104858399,
              20.333271026611328
            ],
            [
              75.72722625732428,
              20.33249282836914
            ],
            [
              75.73532867431635,
              20.332981109619197
            ],
            [
              75.73618316650396,
              20.337650299072266
            ],
            [
              75.74162292480463,
              20.33937072753912
            ],
            [
              75.74581146240229,
              20.338380813598633
            ],
            [
              75.74698638916033,
              20.330631256103516
            ],
            [
              75.7513732910158,
              20.329242706298828
            ],
            [
              75.75668334960932,
              20.32917976379389
            ],
            [
              75.76426696777355,
              20.333858489990234
            ],
            [
              75.76769256591808,
              20.337671279907454
            ],
            [
              75.76788330078136,
              20.337871551513672
            ],
            [
              75.76992797851568,
              20.339040756225586
            ],
            [
              75.77416992187506,
              20.33822250366211
            ],
            [
              75.77025604248064,
              20.35495948791504
            ],
            [
              75.76699066162104,
              20.359649658203068
            ],
            [
              75.76449584960966,
              20.360651016235295
            ],
            [
              75.76169586181658,
              20.36178016662609
            ],
            [
              75.76053619384783,
              20.371419906616154
            ],
            [
              75.75538635253923,
              20.372411727905273
            ],
            [
              75.75255584716797,
              20.374841690063533
            ],
            [
              75.75186157226574,
              20.377508163452262
            ],
            [
              75.75141143798828,
              20.37920951843273
            ],
            [
              75.75168609619169,
              20.38126182556175
            ],
            [
              75.75192260742182,
              20.38299942016613
            ],
            [
              75.75518798828142,
              20.39291954040533
            ],
            [
              75.75537109375,
              20.39544105529791
            ],
            [
              75.75549316406261,
              20.397171020507926
            ],
            [
              75.75533294677763,
              20.400690078735465
            ],
            [
              75.75332641601568,
              20.405260086059684
            ],
            [
              75.75057983398432,
              20.40742111206049
            ],
            [
              75.7411727905274,
              20.409669876098576
            ],
            [
              75.73818206787104,
              20.41580009460455
            ],
            [
              75.74009704589838,
              20.4209308624267
            ],
            [
              75.74373626708984,
              20.424869537353572
            ],
            [
              75.74888610839844,
              20.426359176635685
            ],
            [
              75.75150299072294,
              20.426040649414062
            ],
            [
              75.76049804687494,
              20.42867088317871
            ],
            [
              75.76354217529325,
              20.437259674072322
            ],
            [
              75.76355743408197,
              20.440891265869197
            ],
            [
              75.76628112792986,
              20.452239990234432
            ],
            [
              75.76975250244146,
              20.455610275268555
            ],
            [
              75.77445983886736,
              20.457611083984432
            ],
            [
              75.77887725830078,
              20.456960678100643
            ],
            [
              75.78337097167997,
              20.45730018615734
            ],
            [
              75.79691314697294,
              20.455490112304744
            ],
            [
              75.79965209960955,
              20.454521179199276
            ],
            [
              75.79895019531256,
              20.46263122558605
            ],
            [
              75.80026245117193,
              20.46483039855957
            ],
            [
              75.8124008178711,
              20.467769622802734
            ],
            [
              75.81611633300787,
              20.46722984313965
            ],
            [
              75.81848144531244,
              20.472530364990234
            ],
            [
              75.82038116455107,
              20.475019454956055
            ],
            [
              75.82618713378912,
              20.475828170776367
            ],
            [
              75.83155059814459,
              20.474260330200252
            ],
            [
              75.83921813964855,
              20.46642112731928
            ],
            [
              75.84101104736328,
              20.463100433349723
            ],
            [
              75.84438323974638,
              20.461580276489258
            ],
            [
              75.84973907470732,
              20.461469650268555
            ],
            [
              75.85370635986334,
              20.461391448974723
            ],
            [
              75.85803985595709,
              20.464410781860295
            ],
            [
              75.85993957519531,
              20.46346092224144
            ],
            [
              75.8694915771485,
              20.449710845947322
            ],
            [
              75.86975860595732,
              20.447700500488338
            ],
            [
              75.8655471801759,
              20.444499969482422
            ],
            [
              75.86573791503918,
              20.442720413208008
            ],
            [
              75.8687591552735,
              20.442108154296875
            ],
            [
              75.87062072753906,
              20.4417400360108
            ],
            [
              75.87467956542974,
              20.441829681396484
            ],
            [
              75.87882232666016,
              20.440429687500227
            ],
            [
              75.88239288330078,
              20.44132041931158
            ],
            [
              75.8845825195313,
              20.445310592651367
            ],
            [
              75.88466644287104,
              20.447088241577205
            ],
            [
              75.88919830322277,
              20.44775009155279
            ],
            [
              75.89478302001947,
              20.448570251464844
            ],
            [
              75.88604736328142,
              20.45214271545416
            ],
            [
              75.87815093994169,
              20.455369949340877
            ],
            [
              75.87697601318365,
              20.456729888916072
            ],
            [
              75.87667846679688,
              20.457080841064453
            ],
            [
              75.87539672851568,
              20.462789535522404
            ],
            [
              75.87319183349638,
              20.465370178222656
            ],
            [
              75.87033843994169,
              20.465391159057674
            ],
            [
              75.86837768554693,
              20.46693038940424
            ],
            [
              75.86721038818365,
              20.469039916992415
            ],
            [
              75.86485290527344,
              20.47824859619152
            ],
            [
              75.86328125000028,
              20.4814395904541
            ],
            [
              75.86237335205078,
              20.483289718627987
            ],
            [
              75.86004638671903,
              20.48348808288597
            ],
            [
              75.85672760009771,
              20.48259925842285
            ],
            [
              75.85220336914091,
              20.49180984497076
            ],
            [
              75.85370635986334,
              20.49812126159668
            ],
            [
              75.85405731201178,
              20.50910949707037
            ],
            [
              75.85721588134766,
              20.509250640869254
            ],
            [
              75.8574295043947,
              20.511249542236328
            ],
            [
              75.86089324951172,
              20.511779785156307
            ],
            [
              75.86207580566412,
              20.512821197509993
            ],
            [
              75.86310577392607,
              20.51943969726574
            ],
            [
              75.8651580810548,
              20.52482986450218
            ],
            [
              75.86357879638678,
              20.525461196899414
            ],
            [
              75.86408233642578,
              20.529241561889705
            ],
            [
              75.868392944336,
              20.528900146484375
            ],
            [
              75.87403869628923,
              20.53141975402832
            ],
            [
              75.87660217285168,
              20.53153038024908
            ],
            [
              75.87973785400408,
              20.52906990051264
            ],
            [
              75.88757324218767,
              20.527601242065543
            ],
            [
              75.88684082031256,
              20.532712936401424
            ],
            [
              75.87977600097656,
              20.54096984863287
            ],
            [
              75.8723373413086,
              20.55314064025879
            ],
            [
              75.8675613403322,
              20.557800292968864
            ],
            [
              75.86544036865251,
              20.56337165832531
            ],
            [
              75.8706665039063,
              20.56147003173828
            ],
            [
              75.87621307373053,
              20.560752868652344
            ],
            [
              75.88873291015642,
              20.563030242920036
            ],
            [
              75.88993835449224,
              20.564979553222884
            ],
            [
              75.9149017333985,
              20.559860229492244
            ],
            [
              75.92154693603516,
              20.557479858398438
            ],
            [
              75.92308807373053,
              20.553951263427734
            ],
            [
              75.92996978759771,
              20.551469802856502
            ],
            [
              75.93197631835932,
              20.552490234374943
            ],
            [
              75.93399047851568,
              20.556440353393498
            ],
            [
              75.93488311767595,
              20.579719543457145
            ],
            [
              75.93580627441406,
              20.583230972289982
            ],
            [
              75.93554687500011,
              20.595348358154297
            ],
            [
              75.93406677246088,
              20.597349166870174
            ],
            [
              75.93395233154303,
              20.599109649658146
            ],
            [
              75.9337997436524,
              20.6013507843017
            ],
            [
              75.94856262207026,
              20.603559494018498
            ],
            [
              75.95165252685564,
              20.605102539062614
            ],
            [
              75.9551391601563,
              20.608118057251033
            ],
            [
              75.95684051513678,
              20.617599487304744
            ],
            [
              75.95735168457031,
              20.626651763916016
            ],
            [
              75.96173858642578,
              20.625528335571403
            ],
            [
              75.97309875488287,
              20.62584114074707
            ],
            [
              75.98803710937528,
              20.62452125549322
            ],
            [
              75.98960876464861,
              20.624670028686637
            ],
            [
              75.99118804931646,
              20.62482070922863
            ],
            [
              75.99330902099615,
              20.628440856933594
            ],
            [
              75.99855041503906,
              20.63109970092779
            ],
            [
              76.00012207031267,
              20.63429069519043
            ],
            [
              76.00173950195341,
              20.635761260986328
            ],
            [
              76.0086669921875,
              20.63756942749029
            ],
            [
              76.01066589355474,
              20.640949249267578
            ],
            [
              76.01113128662104,
              20.644710540771428
            ],
            [
              76.01241302490246,
              20.644670486450195
            ],
            [
              76.0137405395509,
              20.644622802734375
            ],
            [
              76.01803588867205,
              20.647260665893555
            ],
            [
              76.02260589599626,
              20.646810531616325
            ],
            [
              76.02626800537115,
              20.64548110961914
            ]
          ]
        ]
      }
    },
    {
      "type": "Feature",
      "properties": {
        "ID_0": 105,
        "ISO": "IND",
        "NAME_0": "India",
        "ID_1": 21,
        "NAME_1": "Maharashtra",
        "ID_2": 322,
        "NAME_2": "Latur",
        "NL_NAME_2": null,
        "VARNAME_2": "Kulaba, Kolaba, Kolabad",
        "TYPE_2": "District",
        "ENGTYPE_2": "District",
        "district_name": "LATUR",
        "shapeName": "LATUR"
      },
      "geometry": {
        "type": "Polygon",
        "coordinates": [
          [
            [
              76.99916839599626,
              18.809129714966048
            ],
            [
              77.00298309326189,
              18.78774261474615
            ],
            [
              77.00595855712919,
              18.766349792480696
            ],
            [
              77.02336120605463,
              18.766349792480696
            ],
            [
              77.04435729980469,
              18.772300720214957
            ],
            [
              77.05110168457037,
              18.77174949645996
            ],
            [
              77.05457305908209,
              18.765050888061467
            ],
            [
              77.05220031738298,
              18.74505043029791
            ],
            [
              77.0523757934572,
              18.738002777099666
            ],
            [
              77.05529022216803,
              18.72903060913086
            ],
            [
              77.05470275878906,
              18.717330932617415
            ],
            [
              77.04981994628918,
              18.715700149536246
            ],
            [
              77.04236602783209,
              18.697151184082145
            ],
            [
              77.04213714599615,
              18.693889617919922
            ],
            [
              77.04457092285173,
              18.68893051147461
            ],
            [
              77.04425811767584,
              18.682121276855582
            ],
            [
              77.05742645263678,
              18.682521820068587
            ],
            [
              77.06513977050781,
              18.6816082000733
            ],
            [
              77.0653915405274,
              18.68550109863287
            ],
            [
              77.07824707031278,
              18.689250946045036
            ],
            [
              77.09265899658203,
              18.69030952453619
            ],
            [
              77.09838867187506,
              18.69346046447754
            ],
            [
              77.11663055419916,
              18.6944198608399
            ],
            [
              77.13382720947283,
              18.69740104675293
            ],
            [
              77.13413238525419,
              18.70996284484869
            ],
            [
              77.14360046386724,
              18.711231231689396
            ],
            [
              77.14731597900419,
              18.70508956909191
            ],
            [
              77.15451812744146,
              18.70046043395996
            ],
            [
              77.16371154785185,
              18.7025203704834
            ],
            [
              77.17954254150419,
              18.70148086547863
            ],
            [
              77.19174194335966,
              18.688472747802848
            ],
            [
              77.18386840820318,
              18.684700012207088
            ],
            [
              77.17521667480486,
              18.67869949340826
            ],
            [
              77.15682983398466,
              18.679401397705078
            ],
            [
              77.15521240234392,
              18.67083930969261
            ],
            [
              77.15495300292997,
              18.656299591064396
            ],
            [
              77.15331268310547,
              18.64533042907715
            ],
            [
              77.1754226684572,
              18.64768028259283
            ],
            [
              77.19713592529297,
              18.64619064331049
            ],
            [
              77.19869995117205,
              18.642400741577262
            ],
            [
              77.2028121948245,
              18.637559890747013
            ],
            [
              77.20617675781256,
              18.637161254882812
            ],
            [
              77.20964050292974,
              18.634069442749023
            ],
            [
              77.21038055419928,
              18.629949569702205
            ],
            [
              77.2115097045899,
              18.623729705810547
            ],
            [
              77.2486801147461,
              18.616729736328125
            ],
            [
              77.26313781738298,
              18.6115016937257
            ],
            [
              77.26782226562511,
              18.609809875488395
            ],
            [
              77.2650985717774,
              18.589900970459098
            ],
            [
              77.2677612304688,
              18.583040237426758
            ],
            [
              77.26455688476568,
              18.57962989807129
            ],
            [
              77.26383972167997,
              18.564252853393555
            ],
            [
              77.27246093749994,
              18.561002731323242
            ],
            [
              77.27591705322283,
              18.559101104736385
            ],
            [
              77.27790832519537,
              18.55800819396967
            ],
            [
              77.28517913818371,
              18.55150985717779
            ],
            [
              77.29358673095732,
              18.546070098876953
            ],
            [
              77.2872161865235,
              18.54109954834007
            ],
            [
              77.28594970703136,
              18.53824806213379
            ],
            [
              77.28511047363281,
              18.53635025024414
            ],
            [
              77.28466033935541,
              18.530160903930607
            ],
            [
              77.27448272705084,
              18.518939971923942
            ],
            [
              77.26840209960949,
              18.520511627197266
            ],
            [
              77.24452209472662,
              18.497850418091048
            ],
            [
              77.24572753906278,
              18.489820480346623
            ],
            [
              77.24915313720732,
              18.480970382690657
            ],
            [
              77.26146697998053,
              18.47965812683111
            ],
            [
              77.26293182373047,
              18.475360870361385
            ],
            [
              77.27204132080107,
              18.47351837158203
            ],
            [
              77.27826690673834,
              18.47296905517578
            ],
            [
              77.28322601318365,
              18.472520828247184
            ],
            [
              77.28884887695341,
              18.474821090698242
            ],
            [
              77.29802703857422,
              18.4753799438476
            ],
            [
              77.29786682128923,
              18.465560913086165
            ],
            [
              77.29103851318365,
              18.45686912536621
            ],
            [
              77.28359985351568,
              18.452301025390568
            ],
            [
              77.27223968505888,
              18.448520660400447
            ],
            [
              77.2654876708985,
              18.45161056518566
            ],
            [
              77.25367736816412,
              18.45228004455572
            ],
            [
              77.25318145751982,
              18.446449279785156
            ],
            [
              77.26127624511724,
              18.440139770507812
            ],
            [
              77.26471710205084,
              18.429920196533203
            ],
            [
              77.26455688476568,
              18.418380737304688
            ],
            [
              77.25836181640625,
              18.410419464111442
            ],
            [
              77.24912261962896,
              18.40825271606468
            ],
            [
              77.24022674560541,
              18.40864753723156
            ],
            [
              77.23639678955107,
              18.39981079101574
            ],
            [
              77.2328720092774,
              18.386127471924055
            ],
            [
              77.24503326416033,
              18.37058830261242
            ],
            [
              77.24163055419928,
              18.366382598876896
            ],
            [
              77.23081207275396,
              18.36557960510254
            ],
            [
              77.22136688232439,
              18.34720993042015
            ],
            [
              77.2272720336914,
              18.344900131225586
            ],
            [
              77.22297668457037,
              18.337800979614315
            ],
            [
              77.21691131591825,
              18.324890136718693
            ],
            [
              77.20997619628912,
              18.313741683960075
            ],
            [
              77.2001495361331,
              18.31916999816906
            ],
            [
              77.1954116821289,
              18.312709808349666
            ],
            [
              77.19764709472685,
              18.29552078247093
            ],
            [
              77.20446014404303,
              18.290479660034293
            ],
            [
              77.20617675781256,
              18.2779598236084
            ],
            [
              77.19882965087885,
              18.27923011779785
            ],
            [
              77.191650390625,
              18.27429008483881
            ],
            [
              77.17784118652372,
              18.281850814819393
            ],
            [
              77.17053222656256,
              18.280870437622013
            ],
            [
              77.1673812866211,
              18.273450851440657
            ],
            [
              77.1656799316408,
              18.255920410156307
            ],
            [
              77.15719604492199,
              18.25309181213379
            ],
            [
              77.15141296386724,
              18.23793983459484
            ],
            [
              77.14776611328142,
              18.23764991760254
            ],
            [
              77.14768981933622,
              18.221401214599723
            ],
            [
              77.14879608154303,
              18.221452713012752
            ],
            [
              77.15064239501953,
              18.221530914306697
            ],
            [
              77.14998626709013,
              18.216560363769474
            ],
            [
              77.1422195434572,
              18.216049194335938
            ],
            [
              77.13949584960966,
              18.207241058349666
            ],
            [
              77.13114929199236,
              18.206180572509766
            ],
            [
              77.12098693847685,
              18.20670127868658
            ],
            [
              77.11662292480463,
              18.202409744262752
            ],
            [
              77.10659027099615,
              18.201810836791935
            ],
            [
              77.0955429077149,
              18.195100784301758
            ],
            [
              77.09886169433622,
              18.191141128540266
            ],
            [
              77.10292816162126,
              18.186309814453182
            ],
            [
              77.11633300781256,
              18.167608261108455
            ],
            [
              77.10888671875006,
              18.15269088745123
            ],
            [
              77.09661865234375,
              18.158130645751953
            ],
            [
              77.09268188476568,
              18.156978607177734
            ],
            [
              77.08925628662115,
              18.155960083007812
            ],
            [
              77.08618164062506,
              18.150270462036133
            ],
            [
              77.06910705566435,
              18.149440765380916
            ],
            [
              77.057670593262,
              18.15236282348627
            ],
            [
              77.057670593262,
              18.155929565429688
            ],
            [
              77.0503158569336,
              18.16127967834467
            ],
            [
              77.04944610595732,
              18.17320823669428
            ],
            [
              77.03810119628923,
              18.18131065368658
            ],
            [
              77.03283691406261,
              18.183780670166072
            ],
            [
              77.03238677978516,
              18.18300056457531
            ],
            [
              77.03032684326178,
              18.179340362548885
            ],
            [
              77.021713256836,
              18.178220748901367
            ],
            [
              77.02274322509794,
              18.171249389648494
            ],
            [
              77.02398681640642,
              18.162679672241325
            ],
            [
              76.9977569580081,
              18.16684913635254
            ],
            [
              76.9952926635745,
              18.173330307006893
            ],
            [
              76.99547576904325,
              18.1783905029298
            ],
            [
              76.99295043945318,
              18.182050704956055
            ],
            [
              76.99146270751982,
              18.186651229858455
            ],
            [
              76.9878921508789,
              18.18847846984886
            ],
            [
              76.9805526733399,
              18.189399719238338
            ],
            [
              76.97985076904325,
              18.187400817871094
            ],
            [
              76.97090148925776,
              18.186861038208008
            ],
            [
              76.95881652832037,
              18.18614006042492
            ],
            [
              76.95410919189482,
              18.184890747070256
            ],
            [
              76.95095825195318,
              18.17247962951666
            ],
            [
              76.94375610351568,
              18.154739379882926
            ],
            [
              76.9333572387697,
              18.15790939331049
            ],
            [
              76.92536926269548,
              18.144819259643555
            ],
            [
              76.92765808105486,
              18.139860153198242
            ],
            [
              76.93176269531278,
              18.136579513549748
            ],
            [
              76.9299926757813,
              18.13225173950218
            ],
            [
              76.92417907714838,
              18.124460220337028
            ],
            [
              76.92228698730469,
              18.120189666748047
            ],
            [
              76.92256164550787,
              18.116109848022518
            ],
            [
              76.93215179443388,
              18.110982894897575
            ],
            [
              76.94252777099626,
              18.111410140991154
            ],
            [
              76.95339202880876,
              18.110111236572322
            ],
            [
              76.95857238769531,
              18.106430053710994
            ],
            [
              76.96827697753923,
              18.097110748291016
            ],
            [
              76.96734619140625,
              18.092639923095817
            ],
            [
              76.9643173217774,
              18.088211059570312
            ],
            [
              76.95482635498058,
              18.08535957336437
            ],
            [
              76.94973754882807,
              18.082330703735295
            ],
            [
              76.94702911376982,
              18.073760986328125
            ],
            [
              76.94948577880871,
              18.068269729614258
            ],
            [
              76.95266723632818,
              18.063409805297965
            ],
            [
              76.95060729980474,
              18.05826950073248
            ],
            [
              76.94844818115251,
              18.048660278320426
            ],
            [
              76.94863128662126,
              18.045721054077205
            ],
            [
              76.95430755615229,
              18.042730331421012
            ],
            [
              76.95464324951183,
              18.039680480957088
            ],
            [
              76.9520568847658,
              18.037710189819393
            ],
            [
              76.93863677978544,
              18.037229537963867
            ],
            [
              76.91771697998064,
              18.03322982788086
            ],
            [
              76.91940307617182,
              18.0220108032226
            ],
            [
              76.9202499389649,
              18.01375961303711
            ],
            [
              76.91767120361357,
              18.01234054565441
            ],
            [
              76.91816711425787,
              18.00187110900879
            ],
            [
              76.9184875488283,
              17.998689651489485
            ],
            [
              76.91763305664074,
              17.996259689331055
            ],
            [
              76.91967010498053,
              17.99064064025879
            ],
            [
              76.91958618164091,
              17.985380172729492
            ],
            [
              76.91823577880888,
              17.97285079956066
            ],
            [
              76.91726684570341,
              17.960479736328182
            ],
            [
              76.91322326660162,
              17.937208175659237
            ],
            [
              76.91918945312528,
              17.93666076660179
            ],
            [
              76.91834259033209,
              17.923109054565543
            ],
            [
              76.9164428710938,
              17.9150905609132
            ],
            [
              76.91320037841803,
              17.913799285888672
            ],
            [
              76.90020751953125,
              17.914688110351562
            ],
            [
              76.89659881591803,
              17.908020019531307
            ],
            [
              76.89366912841797,
              17.907371520996037
            ],
            [
              76.89240264892584,
              17.902851104736442
            ],
            [
              76.88938140869146,
              17.897180557250977
            ],
            [
              76.8832092285158,
              17.89707946777338
            ],
            [
              76.88117980957037,
              17.89305114746105
            ],
            [
              76.87526702880865,
              17.892730712890625
            ],
            [
              76.87185668945324,
              17.89474105834961
            ],
            [
              76.85383605957048,
              17.897838592529524
            ],
            [
              76.84691619873075,
              17.896400451660213
            ],
            [
              76.83175659179693,
              17.89067268371582
            ],
            [
              76.83307647705084,
              17.882749557495117
            ],
            [
              76.82036590576183,
              17.884452819824332
            ],
            [
              76.81713104248075,
              17.88309097290039
            ],
            [
              76.81108093261719,
              17.88408851623541
            ],
            [
              76.8082275390625,
              17.88309097290039
            ],
            [
              76.80535125732416,
              17.874208450317496
            ],
            [
              76.80625152587902,
              17.87049293518072
            ],
            [
              76.80280303955084,
              17.868320465088004
            ],
            [
              76.7974472045899,
              17.869340896606445
            ],
            [
              76.77456665039068,
              17.87696075439476
            ],
            [
              76.77326202392607,
              17.87866020202648
            ],
            [
              76.77379608154303,
              17.882240295410156
            ],
            [
              76.7731094360351,
              17.88515090942377
            ],
            [
              76.77014160156256,
              17.892360687255973
            ],
            [
              76.7659530639649,
              17.89842987060547
            ],
            [
              76.74297332763666,
              17.899021148681754
            ],
            [
              76.7406768798831,
              17.898010253906364
            ],
            [
              76.73760986328153,
              17.902219772338867
            ],
            [
              76.73412322998053,
              17.909530639648438
            ],
            [
              76.72528839111345,
              17.912160873413086
            ],
            [
              76.72267913818365,
              17.916271209716797
            ],
            [
              76.7172164916995,
              17.915399551391715
            ],
            [
              76.6829605102539,
              17.91723060607916
            ],
            [
              76.674057006836,
              17.920459747314453
            ],
            [
              76.67453765869158,
              17.924451828003043
            ],
            [
              76.68032073974615,
              17.94479942321783
            ],
            [
              76.67575073242193,
              17.948049545288313
            ],
            [
              76.67436981201189,
              17.95144081115734
            ],
            [
              76.67247772216803,
              17.965459823608512
            ],
            [
              76.67843627929693,
              17.968570709228516
            ],
            [
              76.687973022461,
              17.968950271606502
            ],
            [
              76.6879272460938,
              17.975149154663143
            ],
            [
              76.68379211425793,
              17.986059188842887
            ],
            [
              76.6800613403322,
              17.991228103637752
            ],
            [
              76.67867279052763,
              17.992450714111555
            ],
            [
              76.67529296875017,
              17.995399475097884
            ],
            [
              76.6691970825197,
              17.997190475463867
            ],
            [
              76.66091918945341,
              17.99801063537592
            ],
            [
              76.62412261962919,
              17.998479843139762
            ],
            [
              76.62256622314464,
              17.999370574951286
            ],
            [
              76.60605621337908,
              18.009090423584098
            ],
            [
              76.60874938964861,
              18.01836013793951
            ],
            [
              76.61107635498053,
              18.036569595336914
            ],
            [
              76.60489654541016,
              18.034509658813477
            ],
            [
              76.60131072998064,
              18.031520843505916
            ],
            [
              76.59541320800781,
              18.031480789184627
            ],
            [
              76.58783721923834,
              18.03683853149414
            ],
            [
              76.58078765869146,
              18.03883934021019
            ],
            [
              76.57655334472662,
              18.03544044494629
            ],
            [
              76.5669326782226,
              18.037679672241268
            ],
            [
              76.55587005615229,
              18.028469085693416
            ],
            [
              76.54643249511724,
              18.022899627685547
            ],
            [
              76.53900909423834,
              18.02183914184576
            ],
            [
              76.53156280517584,
              18.019729614257812
            ],
            [
              76.52839660644526,
              18.02144050598156
            ],
            [
              76.52394866943365,
              18.01995086669922
            ],
            [
              76.52140045166033,
              18.02302169799816
            ],
            [
              76.5166091918947,
              18.0219783782959
            ],
            [
              76.51168823242193,
              18.023130416870117
            ],
            [
              76.5018920898437,
              18.02145957946783
            ],
            [
              76.49326324462919,
              18.022132873535213
            ],
            [
              76.48587036132807,
              18.02520942688011
            ],
            [
              76.48136901855474,
              18.02560043334961
            ],
            [
              76.47743988037138,
              18.024839401245117
            ],
            [
              76.47219085693376,
              18.024959564208928
            ],
            [
              76.4408569335937,
              18.03179931640625
            ],
            [
              76.42758178710943,
              18.02919006347662
            ],
            [
              76.42388916015625,
              18.032609939575195
            ],
            [
              76.4180526733399,
              18.040540695190487
            ],
            [
              76.40782928466825,
              18.044040679931584
            ],
            [
              76.40442657470697,
              18.045972824096793
            ],
            [
              76.40209197998075,
              18.049720764160156
            ],
            [
              76.3985671997072,
              18.051887512207088
            ],
            [
              76.3988571166995,
              18.061410903930664
            ],
            [
              76.39776611328125,
              18.065498352050724
            ],
            [
              76.38622283935553,
              18.079389572143555
            ],
            [
              76.38109588623058,
              18.08822059631359
            ],
            [
              76.36974334716814,
              18.086910247802848
            ],
            [
              76.35797882080084,
              18.082851409912337
            ],
            [
              76.34723663330095,
              18.077899932861555
            ],
            [
              76.34211730957031,
              18.07751083374046
            ],
            [
              76.33075714111357,
              18.07314109802246
            ],
            [
              76.32335662841791,
              18.07379913330101
            ],
            [
              76.32083129882824,
              18.075490951538143
            ],
            [
              76.31456756591825,
              18.083179473876953
            ],
            [
              76.31167602539074,
              18.08510971069336
            ],
            [
              76.30790710449213,
              18.089971542358455
            ],
            [
              76.30529785156267,
              18.095079421997184
            ],
            [
              76.30599212646513,
              18.102779388427678
            ],
            [
              76.3052368164062,
              18.107549667358512
            ],
            [
              76.3025894165039,
              18.11308097839367
            ],
            [
              76.30101013183622,
              18.11545944213873
            ],
            [
              76.29544830322271,
              18.120740890503043
            ],
            [
              76.28277587890642,
              18.128099441528263
            ],
            [
              76.27665710449236,
              18.13849067687994
            ],
            [
              76.27716064453153,
              18.1422119140625
            ],
            [
              76.27929687499994,
              18.14490127563488
            ],
            [
              76.27883148193365,
              18.14943122863781
            ],
            [
              76.28121948242188,
              18.153310775756893
            ],
            [
              76.28163909912126,
              18.160820007324332
            ],
            [
              76.28073883056646,
              18.17109107971197
            ],
            [
              76.28176116943388,
              18.181129455566406
            ],
            [
              76.29476165771484,
              18.198150634765852
            ],
            [
              76.29574584960955,
              18.205829620361328
            ],
            [
              76.29775238037121,
              18.212930679321403
            ],
            [
              76.30201721191406,
              18.212472915649414
            ],
            [
              76.3017196655274,
              18.228830337524414
            ],
            [
              76.29728698730486,
              18.23105049133312
            ],
            [
              76.29181671142584,
              18.23081970214855
            ],
            [
              76.28642272949219,
              18.231742858886776
            ],
            [
              76.2829666137697,
              18.247560501098633
            ],
            [
              76.28663635253912,
              18.247570037841797
            ],
            [
              76.28885650634766,
              18.251859664916992
            ],
            [
              76.29360961914057,
              18.257429122925032
            ],
            [
              76.30687713623053,
              18.2645206451416
            ],
            [
              76.31083679199219,
              18.268791198730582
            ],
            [
              76.30771636962885,
              18.271169662475643
            ],
            [
              76.31104278564459,
              18.2763614654541
            ],
            [
              76.31584167480474,
              18.280879974365348
            ],
            [
              76.31806182861345,
              18.292350769043026
            ],
            [
              76.31906890869146,
              18.31060028076172
            ],
            [
              76.31820678710932,
              18.328199386596737
            ],
            [
              76.28486633300798,
              18.339960098266715
            ],
            [
              76.2871322631836,
              18.355140686035213
            ],
            [
              76.28925323486345,
              18.378410339355526
            ],
            [
              76.28794097900408,
              18.385129928588867
            ],
            [
              76.28185272216803,
              18.384170532226676
            ],
            [
              76.27503967285162,
              18.37948036193842
            ],
            [
              76.27011108398466,
              18.375061035156193
            ],
            [
              76.2636260986331,
              18.367660522460938
            ],
            [
              76.2589416503908,
              18.363861083984375
            ],
            [
              76.25498199462896,
              18.365909576416243
            ],
            [
              76.24875640869169,
              18.374410629272575
            ],
            [
              76.2430572509765,
              18.37653160095209
            ],
            [
              76.23686218261724,
              18.376581192016715
            ],
            [
              76.2304916381836,
              18.377620697021428
            ],
            [
              76.21668243408214,
              18.3817195892334
            ],
            [
              76.20752716064464,
              18.38714027404785
            ],
            [
              76.20128631591791,
              18.394599914550838
            ],
            [
              76.20024871826178,
              18.39806938171398
            ],
            [
              76.21163940429705,
              18.399549484252987
            ],
            [
              76.21940612792963,
              18.41427993774414
            ],
            [
              76.22203063964855,
              18.421899795532227
            ],
            [
              76.22577667236334,
              18.428281784057617
            ],
            [
              76.23288726806646,
              18.432680130004996
            ],
            [
              76.23912048339844,
              18.433780670166072
            ],
            [
              76.25675201416044,
              18.426370620727653
            ],
            [
              76.26661682128912,
              18.420881271362532
            ],
            [
              76.27136230468756,
              18.419401168823356
            ],
            [
              76.26729583740234,
              18.43647956848156
            ],
            [
              76.26319885253912,
              18.4632511138916
            ],
            [
              76.26803588867216,
              18.463951110839844
            ],
            [
              76.27213287353521,
              18.46367073059082
            ],
            [
              76.27162933349638,
              18.46730041503912
            ],
            [
              76.26957702636713,
              18.472600936889705
            ],
            [
              76.25654602050793,
              18.48184967041027
            ],
            [
              76.25502777099621,
              18.4854793548584
            ],
            [
              76.25776672363281,
              18.48912048339838
            ],
            [
              76.25866699218778,
              18.493070602416935
            ],
            [
              76.255859375,
              18.494710922241268
            ],
            [
              76.25621795654291,
              18.505149841308594
            ],
            [
              76.25505065917997,
              18.51829910278343
            ],
            [
              76.25773620605497,
              18.525501251220703
            ],
            [
              76.2679290771485,
              18.531650543213118
            ],
            [
              76.27452087402372,
              18.53790092468256
            ],
            [
              76.27604675292997,
              18.544309616088924
            ],
            [
              76.27661132812528,
              18.556470870971737
            ],
            [
              76.27675628662115,
              18.56347084045416
            ],
            [
              76.27773284912138,
              18.568742752075195
            ],
            [
              76.27966308593778,
              18.573820114135742
            ],
            [
              76.28202056884783,
              18.574319839477596
            ],
            [
              76.28887939453142,
              18.573551177978516
            ],
            [
              76.29203796386747,
              18.574779510498104
            ],
            [
              76.29508972167997,
              18.573488235473633
            ],
            [
              76.29920959472662,
              18.56988906860346
            ],
            [
              76.30673217773466,
              18.56711959838873
            ],
            [
              76.31111907959013,
              18.566381454467773
            ],
            [
              76.32147216796875,
              18.5693302154541
            ],
            [
              76.32556152343756,
              18.56866073608421
            ],
            [
              76.33513641357433,
              18.562580108642635
            ],
            [
              76.34249114990251,
              18.56273269653326
            ],
            [
              76.34678649902372,
              18.565040588378906
            ],
            [
              76.35161590576189,
              18.563901901245117
            ],
            [
              76.36155700683611,
              18.55805969238287
            ],
            [
              76.36434173584013,
              18.553670883178825
            ],
            [
              76.36772918701178,
              18.544849395752067
            ],
            [
              76.3731765747072,
              18.542671203613395
            ],
            [
              76.37692260742216,
              18.542001724243107
            ],
            [
              76.38078308105469,
              18.542930603027344
            ],
            [
              76.38414764404308,
              18.54237937927269
            ],
            [
              76.38710784912126,
              18.540910720825195
            ],
            [
              76.40509796142584,
              18.5477294921875
            ],
            [
              76.40579986572283,
              18.547962188720646
            ],
            [
              76.40985870361334,
              18.555393218994084
            ],
            [
              76.40985870361334,
              18.57197570800787
            ],
            [
              76.40985870361334,
              18.58510398864769
            ],
            [
              76.40985870361334,
              18.5989227294923
            ],
            [
              76.41192626953125,
              18.611362457275447
            ],
            [
              76.4174575805664,
              18.62448883056652
            ],
            [
              76.42920684814482,
              18.636236190795955
            ],
            [
              76.44164276123064,
              18.643144607543945
            ],
            [
              76.45269775390625,
              18.64521789550787
            ],
            [
              76.47135162353544,
              18.643836975097656
            ],
            [
              76.486557006836,
              18.633470535278377
            ],
            [
              76.50244903564482,
              18.620344161987305
            ],
            [
              76.5155715942384,
              18.606523513793945
            ],
            [
              76.5280075073245,
              18.59823036193859
            ],
            [
              76.5376815795899,
              18.59823036193859
            ],
            [
              76.54389953613298,
              18.607215881347656
            ],
            [
              76.54528808593756,
              18.61895942688011
            ],
            [
              76.54597473144548,
              18.632089614868164
            ],
            [
              76.54666900634794,
              18.647983551025447
            ],
            [
              76.5521926879884,
              18.659036636352596
            ],
            [
              76.56256103515625,
              18.67354774475109
            ],
            [
              76.57015991210966,
              18.679075241088867
            ],
            [
              76.58329010009794,
              18.674928665161076
            ],
            [
              76.59572601318354,
              18.664562225341797
            ],
            [
              76.60470581054688,
              18.660419464111385
            ],
            [
              76.61369323730486,
              18.668710708618164
            ],
            [
              76.62751007080084,
              18.677003860473746
            ],
            [
              76.6516952514649,
              18.677694320678654
            ],
            [
              76.66481781005876,
              18.67423820495617
            ],
            [
              76.67245483398455,
              18.669498443603516
            ],
            [
              76.67531585693376,
              18.674270629882926
            ],
            [
              76.67983245849638,
              18.68367958068859
            ],
            [
              76.68438720703153,
              18.691259384155273
            ],
            [
              76.68634033203125,
              18.691749572753963
            ],
            [
              76.69742584228533,
              18.690690994262752
            ],
            [
              76.70107269287126,
              18.69127845764166
            ],
            [
              76.71115875244158,
              18.696769714355582
            ],
            [
              76.71875,
              18.698398590088004
            ],
            [
              76.7292022705081,
              18.69499015808111
            ],
            [
              76.73095703124994,
              18.695730209350813
            ],
            [
              76.73480224609392,
              18.699171066284407
            ],
            [
              76.73587036132824,
              18.701629638671875
            ],
            [
              76.73412322998053,
              18.713119506835994
            ],
            [
              76.73396301269543,
              18.719369888305607
            ],
            [
              76.73184204101568,
              18.723649978637752
            ],
            [
              76.73000335693354,
              18.725059509277287
            ],
            [
              76.72885131835966,
              18.729080200195312
            ],
            [
              76.72869873046892,
              18.734710693359432
            ],
            [
              76.72576904296903,
              18.737899780273438
            ],
            [
              76.72561645507807,
              18.74869918823248
            ],
            [
              76.72917938232428,
              18.749361038208008
            ],
            [
              76.73451232910162,
              18.753990173339957
            ],
            [
              76.73797607421903,
              18.759401321411246
            ],
            [
              76.7440032958985,
              18.77359962463379
            ],
            [
              76.75158691406267,
              18.771739959716797
            ],
            [
              76.76040649414068,
              18.772481918335075
            ],
            [
              76.76555633544928,
              18.77378273010254
            ],
            [
              76.77258300781267,
              18.77392959594738
            ],
            [
              76.78015899658232,
              18.776010513305778
            ],
            [
              76.78190612792969,
              18.77955055236822
            ],
            [
              76.78248596191423,
              18.792911529541016
            ],
            [
              76.78935241699236,
              18.796039581298885
            ],
            [
              76.79947662353533,
              18.79883003234886
            ],
            [
              76.81476593017584,
              18.79886054992687
            ],
            [
              76.81704711914062,
              18.802040100097713
            ],
            [
              76.82419586181669,
              18.807800292968864
            ],
            [
              76.83027648925793,
              18.810882568359318
            ],
            [
              76.83737945556669,
              18.81314086914074
            ],
            [
              76.84291076660185,
              18.811519622802848
            ],
            [
              76.8523559570313,
              18.806110382080135
            ],
            [
              76.85468292236334,
              18.812850952148438
            ],
            [
              76.85816192626982,
              18.819112777710018
            ],
            [
              76.86425781250028,
              18.8192596435548
            ],
            [
              76.87077331542963,
              18.827720642089844
            ],
            [
              76.8797683715822,
              18.82806015014671
            ],
            [
              76.88255310058622,
              18.82974243164074
            ],
            [
              76.88327789306646,
              18.834209442138786
            ],
            [
              76.90522003173834,
              18.835350036621094
            ],
            [
              76.93942260742216,
              18.832059860229492
            ],
            [
              76.95340728759783,
              18.831979751586914
            ],
            [
              76.9614868164063,
              18.82969093322754
            ],
            [
              76.99323272705078,
              18.82670974731451
            ],
            [
              76.99790191650396,
              18.818479537963867
            ],
            [
              76.99887847900396,
              18.81741905212425
            ],
            [
              76.99916839599626,
              18.809129714966048
            ]
          ]
        ]
      }
    },
    {
      "type": "Feature",
      "properties": {
        "ID_0": 105,
        "ISO": "IND",
        "NAME_0": "India",
        "ID_1": 21,
        "NAME_1": "Maharashtra",
        "ID_2": 324,
        "NAME_2": "Nanded",
        "NL_NAME_2": null,
        "VARNAME_2": "Nander",
        "TYPE_2": "District",
        "ENGTYPE_2": "District",
        "district_name": "NANDED",
        "shapeName": "NANDED"
      },
      "geometry": {
        "type": "Polygon",
        "coordinates": [
          [
            [
              78.0547180175783,
              19.917949676513786
            ],
            [
              78.05906677246094,
              19.912439346313477
            ],
            [
              78.0658721923831,
              19.906419754028548
            ],
            [
              78.07419586181646,
              19.90041923522972
            ],
            [
              78.08970642089855,
              19.897438049316463
            ],
            [
              78.09879302978521,
              19.896480560302734
            ],
            [
              78.10727691650419,
              19.89722061157221
            ],
            [
              78.121391296387,
              19.899850845336914
            ],
            [
              78.12684631347662,
              19.901790618896428
            ],
            [
              78.13065338134771,
              19.906288146972656
            ],
            [
              78.13334655761724,
              19.911149978637695
            ],
            [
              78.1378402709961,
              19.915090560913143
            ],
            [
              78.14514923095709,
              19.915740966796932
            ],
            [
              78.15190124511747,
              19.91362190246582
            ],
            [
              78.17350006103516,
              19.91006088256836
            ],
            [
              78.18486022949224,
              19.903030395507756
            ],
            [
              78.19081115722685,
              19.902111053466854
            ],
            [
              78.19612884521496,
              19.902370452880803
            ],
            [
              78.20539093017595,
              19.90661811828636
            ],
            [
              78.21739196777361,
              19.915212631225586
            ],
            [
              78.22587585449224,
              19.916160583496207
            ],
            [
              78.23197174072271,
              19.91851043701172
            ],
            [
              78.23529815673828,
              19.9236812591555
            ],
            [
              78.24269866943388,
              19.92788124084467
            ],
            [
              78.24832153320312,
              19.92905998229992
            ],
            [
              78.25318145751982,
              19.925479888916016
            ],
            [
              78.25578308105474,
              19.91856956481945
            ],
            [
              78.25517272949236,
              19.911380767822266
            ],
            [
              78.25078582763689,
              19.903631210327205
            ],
            [
              78.24389648437517,
              19.89776992797863
            ],
            [
              78.2390899658206,
              19.89200019836437
            ],
            [
              78.23786163330084,
              19.88717269897461
            ],
            [
              78.2468719482423,
              19.87348175048828
            ],
            [
              78.25022125244158,
              19.872631072998047
            ],
            [
              78.2627563476562,
              19.875310897827262
            ],
            [
              78.2709274291995,
              19.879222869873104
            ],
            [
              78.27626800537138,
              19.884822845458928
            ],
            [
              78.27781677246088,
              19.89108848571783
            ],
            [
              78.27967834472668,
              19.907209396362305
            ],
            [
              78.28241729736328,
              19.91035079956066
            ],
            [
              78.2901458740235,
              19.914228439330998
            ],
            [
              78.29792022705084,
              19.916799545288143
            ],
            [
              78.31019592285168,
              19.91274070739746
            ],
            [
              78.30761718750017,
              19.90849113464367
            ],
            [
              78.29769134521501,
              19.873292922973746
            ],
            [
              78.29421234130888,
              19.85555076599121
            ],
            [
              78.2941284179688,
              19.849550247192383
            ],
            [
              78.30316925048857,
              19.8458309173584
            ],
            [
              78.33899688720714,
              19.83917999267578
            ],
            [
              78.34136962890642,
              19.83294105529785
            ],
            [
              78.33598327636747,
              19.818660736083984
            ],
            [
              78.33921051025419,
              19.81351089477539
            ],
            [
              78.351615905762,
              19.810350418090934
            ],
            [
              78.36048889160162,
              19.805740356445426
            ],
            [
              78.36699676513678,
              19.794540405273438
            ],
            [
              78.3677368164063,
              19.781080245971793
            ],
            [
              78.36479187011713,
              19.767339706421012
            ],
            [
              78.36080169677734,
              19.753980636596793
            ],
            [
              78.35320281982439,
              19.73775100708002
            ],
            [
              78.34541320800787,
              19.734422683715934
            ],
            [
              78.3442993164063,
              19.724332809448242
            ],
            [
              78.3452758789063,
              19.713569641113338
            ],
            [
              78.33251953125028,
              19.708509445190487
            ],
            [
              78.32269287109392,
              19.703649520874137
            ],
            [
              78.32010650634777,
              19.696710586547795
            ],
            [
              78.31606292724615,
              19.690551757812443
            ],
            [
              78.30494689941423,
              19.688430786132926
            ],
            [
              78.28581237792997,
              19.689670562744254
            ],
            [
              78.2733917236331,
              19.67015075683588
            ],
            [
              78.26972198486334,
              19.66312980651861
            ],
            [
              78.2726593017581,
              19.660169601440373
            ],
            [
              78.28755950927734,
              19.654460906982422
            ],
            [
              78.29242706298834,
              19.644161224365234
            ],
            [
              78.29550170898449,
              19.631830215454215
            ],
            [
              78.29897308349638,
              19.623411178588867
            ],
            [
              78.308891296387,
              19.611400604248274
            ],
            [
              78.3109893798831,
              19.60417938232422
            ],
            [
              78.31004333496122,
              19.586711883544922
            ],
            [
              78.31204223632818,
              19.57856178283697
            ],
            [
              78.31114959716808,
              19.57176971435547
            ],
            [
              78.30612182617193,
              19.56744194030773
            ],
            [
              78.29991149902372,
              19.56678009033203
            ],
            [
              78.29928588867193,
              19.561292648315657
            ],
            [
              78.29650878906244,
              19.558380126953068
            ],
            [
              78.28534698486334,
              19.560340881347656
            ],
            [
              78.27910614013683,
              19.558200836181697
            ],
            [
              78.2846069335938,
              19.55039024353033
            ],
            [
              78.29145050048834,
              19.54311180114746
            ],
            [
              78.29502868652361,
              19.537281036377067
            ],
            [
              78.29548645019537,
              19.530839920044002
            ],
            [
              78.29870605468756,
              19.513561248779524
            ],
            [
              78.29943084716814,
              19.50412940979004
            ],
            [
              78.30361175537126,
              19.493761062622013
            ],
            [
              78.3100128173831,
              19.486431121826172
            ],
            [
              78.31204986572271,
              19.47925949096691
            ],
            [
              78.31195831298822,
              19.465900421142635
            ],
            [
              78.308891296387,
              19.456409454345817
            ],
            [
              78.29733276367205,
              19.448829650878963
            ],
            [
              78.29115295410185,
              19.44879913330101
            ],
            [
              78.28199005126982,
              19.45298957824707
            ],
            [
              78.27321624755888,
              19.453840255737305
            ],
            [
              78.26692962646513,
              19.447929382324162
            ],
            [
              78.26183319091814,
              19.440099716186523
            ],
            [
              78.25199890136724,
              19.430049896240348
            ],
            [
              78.24581146240251,
              19.42898941040039
            ],
            [
              78.23361968994158,
              19.432889938354492
            ],
            [
              78.22426605224626,
              19.434032440185604
            ],
            [
              78.21508026123047,
              19.427051544189396
            ],
            [
              78.20548248291027,
              19.414350509643555
            ],
            [
              78.19811248779297,
              19.407449722290096
            ],
            [
              78.18216705322271,
              19.411769866943473
            ],
            [
              78.18756866455107,
              19.39562034606928
            ],
            [
              78.18698883056669,
              19.38454818725586
            ],
            [
              78.18482208251959,
              19.376291275024414
            ],
            [
              78.18445587158209,
              19.368219375610465
            ],
            [
              78.18136596679705,
              19.360750198364315
            ],
            [
              78.17959594726557,
              19.353010177612532
            ],
            [
              78.18225097656278,
              19.345447540283203
            ],
            [
              78.1871185302735,
              19.338609695434798
            ],
            [
              78.19715118408203,
              19.331729888916016
            ],
            [
              78.19506072998047,
              19.324960708618107
            ],
            [
              78.19551086425787,
              19.314380645751953
            ],
            [
              78.19317626953142,
              19.302940368652457
            ],
            [
              78.18315124511724,
              19.278961181640625
            ],
            [
              78.1832580566408,
              19.261169433593864
            ],
            [
              78.18640899658214,
              19.24934959411621
            ],
            [
              78.18331909179693,
              19.241540908813533
            ],
            [
              78.1700592041015,
              19.236330032348633
            ],
            [
              78.1497421264649,
              19.23005104064947
            ],
            [
              78.1392669677735,
              19.239440917968864
            ],
            [
              78.12670898437511,
              19.24640274047863
            ],
            [
              78.09938812255865,
              19.245479583740178
            ],
            [
              78.0951232910158,
              19.249851226806584
            ],
            [
              78.08225250244146,
              19.254770278930607
            ],
            [
              78.07514190673834,
              19.2465496063233
            ],
            [
              78.05755615234392,
              19.23974990844721
            ],
            [
              78.0511322021485,
              19.241760253906193
            ],
            [
              78.04804992675781,
              19.247512817382812
            ],
            [
              78.04762268066406,
              19.255630493164176
            ],
            [
              78.04944610595709,
              19.262729644775447
            ],
            [
              78.04574584960955,
              19.27086067199707
            ],
            [
              78.03288269042997,
              19.27411079406744
            ],
            [
              78.0272827148438,
              19.2786808013916
            ],
            [
              78.01824951171875,
              19.296327590942496
            ],
            [
              78.01161193847673,
              19.30111122131342
            ],
            [
              77.99588775634794,
              19.30571746826172
            ],
            [
              77.98549652099615,
              19.308990478515852
            ],
            [
              77.9769058227539,
              19.32105064392084
            ],
            [
              77.96665191650396,
              19.327320098876953
            ],
            [
              77.96270751953153,
              19.331769943237305
            ],
            [
              77.94892120361334,
              19.341279983520735
            ],
            [
              77.94062805175798,
              19.34250068664545
            ],
            [
              77.9372329711914,
              19.335750579833984
            ],
            [
              77.92632293701189,
              19.331909179687557
            ],
            [
              77.9220428466798,
              19.325912475585938
            ],
            [
              77.91227722167974,
              19.31795120239252
            ],
            [
              77.90577697753912,
              19.315780639648438
            ],
            [
              77.89952850341803,
              19.317790985107422
            ],
            [
              77.89325714111357,
              19.3211612701416
            ],
            [
              77.8880462646485,
              19.312410354614258
            ],
            [
              77.87522888183611,
              19.308900833129996
            ],
            [
              77.87111663818371,
              19.305730819702205
            ],
            [
              77.8608779907226,
              19.302129745483512
            ],
            [
              77.86264038085955,
              19.29537010192871
            ],
            [
              77.86084747314482,
              19.287639617919922
            ],
            [
              77.8619232177735,
              19.28409957885765
            ],
            [
              77.8753890991211,
              19.2797794342041
            ],
            [
              77.89305877685558,
              19.278392791748104
            ],
            [
              77.90067291259771,
              19.277128219604606
            ],
            [
              77.90570831298828,
              19.26721954345726
            ],
            [
              77.90039062500017,
              19.256120681762695
            ],
            [
              77.89187622070318,
              19.25709915161127
            ],
            [
              77.8846282958985,
              19.26023101806652
            ],
            [
              77.86738586425798,
              19.255260467529297
            ],
            [
              77.86808013916044,
              19.246110916137752
            ],
            [
              77.8654022216798,
              19.237930297851506
            ],
            [
              77.862289428711,
              19.233961105346737
            ],
            [
              77.86152648925787,
              19.226291656494197
            ],
            [
              77.85845184326189,
              19.218469619751033
            ],
            [
              77.85233306884783,
              19.209711074829215
            ],
            [
              77.8526763916015,
              19.204591751098746
            ],
            [
              77.84654998779325,
              19.196979522705192
            ],
            [
              77.84453582763672,
              19.188190460205135
            ],
            [
              77.85839080810541,
              19.180772781372013
            ],
            [
              77.85301971435575,
              19.176820755004883
            ],
            [
              77.85423278808611,
              19.172290802001953
            ],
            [
              77.85385894775408,
              19.169431686401367
            ],
            [
              77.85035705566435,
              19.16765022277832
            ],
            [
              77.85016632080107,
              19.16231155395502
            ],
            [
              77.84874725341803,
              19.159429550170955
            ],
            [
              77.84924316406244,
              19.155281066894588
            ],
            [
              77.83767700195318,
              19.138309478759766
            ],
            [
              77.83109283447294,
              19.135652542114315
            ],
            [
              77.8339309692384,
              19.13273811340332
            ],
            [
              77.83863830566412,
              19.11885070800787
            ],
            [
              77.84519195556669,
              19.114210128784407
            ],
            [
              77.8441467285158,
              19.096071243286076
            ],
            [
              77.84818267822271,
              19.092599868774528
            ],
            [
              77.84813690185564,
              19.090080261230582
            ],
            [
              77.84658813476562,
              19.088518142700195
            ],
            [
              77.84218597412104,
              19.08677101135254
            ],
            [
              77.83380889892578,
              19.086532592773438
            ],
            [
              77.82861328125028,
              19.084941864013672
            ],
            [
              77.82547760009771,
              19.09169960021967
            ],
            [
              77.82237243652361,
              19.096399307251033
            ],
            [
              77.815170288086,
              19.10366249084484
            ],
            [
              77.8057632446289,
              19.10334014892578
            ],
            [
              77.80265045166027,
              19.10196113586437
            ],
            [
              77.80024719238298,
              19.09887123107916
            ],
            [
              77.7997665405274,
              19.09457969665533
            ],
            [
              77.80130767822277,
              19.084409713745117
            ],
            [
              77.79728698730474,
              19.074590682983512
            ],
            [
              77.79445648193388,
              19.073369979858455
            ],
            [
              77.7935333251956,
              19.071210861206055
            ],
            [
              77.79715728759794,
              19.064880371093807
            ],
            [
              77.79566955566423,
              19.061019897460994
            ],
            [
              77.79718017578125,
              19.05130958557129
            ],
            [
              77.79454040527361,
              19.050191879272575
            ],
            [
              77.79113769531256,
              19.0506591796875
            ],
            [
              77.78309631347673,
              19.05483055114746
            ],
            [
              77.77794647216814,
              19.054370880126953
            ],
            [
              77.77098846435558,
              19.056159973144474
            ],
            [
              77.76168823242182,
              19.062040328979435
            ],
            [
              77.75955963134794,
              19.05930137634283
            ],
            [
              77.76093292236322,
              19.051210403442496
            ],
            [
              77.75739288330084,
              19.028551101684513
            ],
            [
              77.760238647461,
              19.022640228271598
            ],
            [
              77.76216125488287,
              19.020509719848746
            ],
            [
              77.7642669677735,
              19.0196208953858
            ],
            [
              77.76532745361328,
              19.015390396118107
            ],
            [
              77.76574707031267,
              19.007379531860295
            ],
            [
              77.7684326171875,
              18.999380111694563
            ],
            [
              77.76735687255871,
              18.981420516967773
            ],
            [
              77.78150939941435,
              18.976320266723633
            ],
            [
              77.78713226318365,
              18.984281539916992
            ],
            [
              77.81713867187511,
              18.982370376587028
            ],
            [
              77.81286621093767,
              18.960060119628906
            ],
            [
              77.81520080566412,
              18.959239959716797
            ],
            [
              77.81269073486334,
              18.949459075927678
            ],
            [
              77.82739257812506,
              18.94572067260748
            ],
            [
              77.83049774169933,
              18.950201034545955
            ],
            [
              77.85372924804693,
              18.95227813720703
            ],
            [
              77.84870147705095,
              18.93138122558605
            ],
            [
              77.84430694580095,
              18.930320739746094
            ],
            [
              77.84113311767584,
              18.921461105346623
            ],
            [
              77.84049987792986,
              18.911300659179744
            ],
            [
              77.85663604736357,
              18.906070709228743
            ],
            [
              77.86926269531244,
              18.910320281982536
            ],
            [
              77.881576538086,
              18.908531188964787
            ],
            [
              77.88260650634794,
              18.89637947082514
            ],
            [
              77.88767242431646,
              18.885120391845817
            ],
            [
              77.8986587524414,
              18.883739471435604
            ],
            [
              77.89920043945341,
              18.86792755126953
            ],
            [
              77.90606689453153,
              18.86731910705572
            ],
            [
              77.92533874511713,
              18.859210968017692
            ],
            [
              77.92459869384766,
              18.854141235351676
            ],
            [
              77.93235778808622,
              18.850931167602653
            ],
            [
              77.9296493530274,
              18.84649085998541
            ],
            [
              77.94413757324224,
              18.842290878296012
            ],
            [
              77.94522857666033,
              18.83210945129389
            ],
            [
              77.94255065917986,
              18.822290420532454
            ],
            [
              77.92874908447294,
              18.821720123291016
            ],
            [
              77.90759277343778,
              18.82951927185053
            ],
            [
              77.85922241210938,
              18.81406021118164
            ],
            [
              77.83746337890642,
              18.807460784912337
            ],
            [
              77.82755279541033,
              18.786012649536133
            ],
            [
              77.8231811523438,
              18.768501281738395
            ],
            [
              77.81038665771501,
              18.74024963378912
            ],
            [
              77.80271911621094,
              18.729249954223746
            ],
            [
              77.80222320556646,
              18.716119766235465
            ],
            [
              77.78650665283203,
              18.69432067871105
            ],
            [
              77.78643798828136,
              18.684120178222713
            ],
            [
              77.76940155029303,
              18.690589904785156
            ],
            [
              77.76879882812517,
              18.701620101928768
            ],
            [
              77.7643814086914,
              18.70793914794922
            ],
            [
              77.75762939453136,
              18.707090377807617
            ],
            [
              77.7499084472658,
              18.697830200195312
            ],
            [
              77.74949645996094,
              18.689781188964844
            ],
            [
              77.74466705322277,
              18.683889389038143
            ],
            [
              77.73285675048857,
              18.676000595092773
            ],
            [
              77.72811126709013,
              18.66420936584484
            ],
            [
              77.73324584960966,
              18.662128448486385
            ],
            [
              77.73317718505865,
              18.655700683593807
            ],
            [
              77.73092651367199,
              18.65532112121582
            ],
            [
              77.73011016845709,
              18.6481227874757
            ],
            [
              77.72975921630865,
              18.645589828491268
            ],
            [
              77.729721069336,
              18.642732620239258
            ],
            [
              77.7360229492188,
              18.630897521972656
            ],
            [
              77.74298858642607,
              18.621400833129883
            ],
            [
              77.7480926513673,
              18.60531044006342
            ],
            [
              77.74716186523466,
              18.589080810546875
            ],
            [
              77.73538208007812,
              18.563180923461914
            ],
            [
              77.7365112304687,
              18.554809570312557
            ],
            [
              77.72793579101557,
              18.551540374755973
            ],
            [
              77.71235656738281,
              18.554439544677678
            ],
            [
              77.68274688720703,
              18.5408096313476
            ],
            [
              77.67590332031267,
              18.541339874267578
            ],
            [
              77.66207885742199,
              18.53325080871582
            ],
            [
              77.6575698852539,
              18.527200698852596
            ],
            [
              77.64528656005871,
              18.536300659179744
            ],
            [
              77.64946746826178,
              18.54133033752464
            ],
            [
              77.65219879150419,
              18.549631118774357
            ],
            [
              77.64955139160156,
              18.54966163635254
            ],
            [
              77.6488113403322,
              18.552619934081974
            ],
            [
              77.64048004150396,
              18.553930282592773
            ],
            [
              77.63440704345709,
              18.545181274414006
            ],
            [
              77.62906646728521,
              18.550640106201172
            ],
            [
              77.61633300781278,
              18.54866981506342
            ],
            [
              77.61582183837908,
              18.54294013977045
            ],
            [
              77.613296508789,
              18.542390823364258
            ],
            [
              77.6108703613283,
              18.54776954650879
            ],
            [
              77.59726715087919,
              18.54754066467285
            ],
            [
              77.59819030761747,
              18.53503990173334
            ],
            [
              77.59329223632812,
              18.52802085876465
            ],
            [
              77.59329223632812,
              18.523141860961914
            ],
            [
              77.6004028320313,
              18.524971008300724
            ],
            [
              77.60144805908232,
              18.521949768066406
            ],
            [
              77.59646606445324,
              18.51499938964855
            ],
            [
              77.58706665039068,
              18.509849548339957
            ],
            [
              77.58627319335955,
              18.502920150756893
            ],
            [
              77.59388732910173,
              18.493869781494197
            ],
            [
              77.60283660888689,
              18.491380691528377
            ],
            [
              77.60375213623075,
              18.485258102416935
            ],
            [
              77.60106658935575,
              18.474210739135742
            ],
            [
              77.59311676025408,
              18.4735107421875
            ],
            [
              77.59075927734403,
              18.481109619140568
            ],
            [
              77.57652282714861,
              18.483779907226506
            ],
            [
              77.57063293457048,
              18.466859817504883
            ],
            [
              77.56040191650396,
              18.4674911499024
            ],
            [
              77.558090209961,
              18.465270996093693
            ],
            [
              77.54651641845732,
              18.465719223022518
            ],
            [
              77.54619598388689,
              18.463382720947322
            ],
            [
              77.54888153076189,
              18.4608097076416
            ],
            [
              77.54979705810547,
              18.457969665527457
            ],
            [
              77.55908966064482,
              18.458000183105582
            ],
            [
              77.58364868164068,
              18.45355033874523
            ],
            [
              77.58328247070318,
              18.447191238403263
            ],
            [
              77.58521270751964,
              18.445449829101562
            ],
            [
              77.58264160156267,
              18.44306945800787
            ],
            [
              77.57411956787115,
              18.439342498779524
            ],
            [
              77.56693267822294,
              18.43861007690441
            ],
            [
              77.56017303466803,
              18.43504905700695
            ],
            [
              77.5464477539063,
              18.440559387207088
            ],
            [
              77.53450775146513,
              18.44239997863781
            ],
            [
              77.52848052978533,
              18.440481185913086
            ],
            [
              77.5259399414062,
              18.42735099792486
            ],
            [
              77.53598022460943,
              18.423450469970703
            ],
            [
              77.53515625000017,
              18.42118072509777
            ],
            [
              77.54413604736334,
              18.420410156250114
            ],
            [
              77.55520629882818,
              18.417852401733455
            ],
            [
              77.549301147461,
              18.38771820068365
            ],
            [
              77.541557312012,
              18.385219573974723
            ],
            [
              77.53050231933622,
              18.37577056884777
            ],
            [
              77.52140045166033,
              18.364650726318303
            ],
            [
              77.51950073242205,
              18.34925270080572
            ],
            [
              77.52732849121111,
              18.339401245117188
            ],
            [
              77.54219055175798,
              18.333900451660156
            ],
            [
              77.55335998535168,
              18.331222534179688
            ],
            [
              77.56691741943388,
              18.317949295043945
            ],
            [
              77.57022857666033,
              18.308179855346737
            ],
            [
              77.55503082275396,
              18.298311233520565
            ],
            [
              77.54995727539091,
              18.2913494110108
            ],
            [
              77.53958129882818,
              18.29383087158203
            ],
            [
              77.52388763427751,
              18.303031921386776
            ],
            [
              77.51978302001964,
              18.30736923217779
            ],
            [
              77.50950622558622,
              18.306730270385685
            ],
            [
              77.5084304809572,
              18.3021697998048
            ],
            [
              77.51264190673845,
              18.281980514526367
            ],
            [
              77.51020812988287,
              18.27844047546398
            ],
            [
              77.49774169921892,
              18.27334976196289
            ],
            [
              77.49223327636736,
              18.265880584716797
            ],
            [
              77.48034667968778,
              18.26865959167486
            ],
            [
              77.4748077392581,
              18.262290954589957
            ],
            [
              77.46923065185553,
              18.263160705566406
            ],
            [
              77.4653930664063,
              18.259960174560547
            ],
            [
              77.45079040527338,
              18.265960693359318
            ],
            [
              77.44522094726591,
              18.270120620727596
            ],
            [
              77.44489288330078,
              18.277240753173885
            ],
            [
              77.43692779541033,
              18.282039642334098
            ],
            [
              77.43461608886736,
              18.292980194091797
            ],
            [
              77.43637084960943,
              18.306491851806584
            ],
            [
              77.42780303955084,
              18.309179306030387
            ],
            [
              77.4250030517581,
              18.304670333862305
            ],
            [
              77.40780639648443,
              18.299560546875
            ],
            [
              77.39628601074236,
              18.302980422973746
            ],
            [
              77.39257049560558,
              18.300930023193473
            ],
            [
              77.3812866210938,
              18.305950164794922
            ],
            [
              77.36252593994158,
              18.308290481567496
            ],
            [
              77.3588104248048,
              18.310649871826286
            ],
            [
              77.35542297363276,
              18.318519592285213
            ],
            [
              77.3670196533206,
              18.322322845458928
            ],
            [
              77.37394714355469,
              18.329509735107536
            ],
            [
              77.37800598144537,
              18.328689575195426
            ],
            [
              77.38089752197271,
              18.33193016052246
            ],
            [
              77.3793029785158,
              18.33910179138195
            ],
            [
              77.38617706298845,
              18.33819007873541
            ],
            [
              77.38922882080095,
              18.340789794921875
            ],
            [
              77.39282989501953,
              18.340549468994197
            ],
            [
              77.3927764892581,
              18.345670700073242
            ],
            [
              77.39594268798834,
              18.344640731811637
            ],
            [
              77.39833068847685,
              18.347499847412053
            ],
            [
              77.39824676513678,
              18.353530883789062
            ],
            [
              77.39182281494169,
              18.36593055725109
            ],
            [
              77.40067291259783,
              18.370170593261776
            ],
            [
              77.40788269042963,
              18.378490447998274
            ],
            [
              77.41011047363293,
              18.388530731201172
            ],
            [
              77.40049743652361,
              18.397800445556754
            ],
            [
              77.39263916015625,
              18.397029876709098
            ],
            [
              77.3697509765625,
              18.400709152221793
            ],
            [
              77.36441040039062,
              18.429849624633732
            ],
            [
              77.3653564453125,
              18.43808937072754
            ],
            [
              77.36962890625006,
              18.447650909423828
            ],
            [
              77.35407257080107,
              18.44874191284191
            ],
            [
              77.3452911376956,
              18.43437194824213
            ],
            [
              77.3420791625976,
              18.430290222168026
            ],
            [
              77.33731079101557,
              18.43544006347662
            ],
            [
              77.33338165283209,
              18.441890716552848
            ],
            [
              77.33271026611357,
              18.44845962524414
            ],
            [
              77.32601928710966,
              18.448850631713867
            ],
            [
              77.32557678222662,
              18.455120086669922
            ],
            [
              77.31741333007824,
              18.45379066467308
            ],
            [
              77.3132705688476,
              18.439380645752067
            ],
            [
              77.30226135253923,
              18.4384708404541
            ],
            [
              77.29476928710932,
              18.432680130004996
            ],
            [
              77.26455688476568,
              18.418380737304688
            ],
            [
              77.26471710205084,
              18.429920196533203
            ],
            [
              77.26127624511724,
              18.440139770507812
            ],
            [
              77.25318145751982,
              18.446449279785156
            ],
            [
              77.25367736816412,
              18.45228004455572
            ],
            [
              77.2654876708985,
              18.45161056518566
            ],
            [
              77.27223968505888,
              18.448520660400447
            ],
            [
              77.28359985351568,
              18.452301025390568
            ],
            [
              77.29103851318365,
              18.45686912536621
            ],
            [
              77.29786682128923,
              18.465560913086165
            ],
            [
              77.29802703857422,
              18.4753799438476
            ],
            [
              77.28884887695341,
              18.474821090698242
            ],
            [
              77.28322601318365,
              18.472520828247184
            ],
            [
              77.27826690673834,
              18.47296905517578
            ],
            [
              77.27204132080107,
              18.47351837158203
            ],
            [
              77.26293182373047,
              18.475360870361385
            ],
            [
              77.26146697998053,
              18.47965812683111
            ],
            [
              77.24915313720732,
              18.480970382690657
            ],
            [
              77.24572753906278,
              18.489820480346623
            ],
            [
              77.24452209472662,
              18.497850418091048
            ],
            [
              77.26840209960949,
              18.520511627197266
            ],
            [
              77.27448272705084,
              18.518939971923942
            ],
            [
              77.28466033935541,
              18.530160903930607
            ],
            [
              77.28511047363281,
              18.53635025024414
            ],
            [
              77.28594970703136,
              18.53824806213379
            ],
            [
              77.2872161865235,
              18.54109954834007
            ],
            [
              77.29358673095732,
              18.546070098876953
            ],
            [
              77.28517913818371,
              18.55150985717779
            ],
            [
              77.27790832519537,
              18.55800819396967
            ],
            [
              77.27591705322283,
              18.559101104736385
            ],
            [
              77.27246093749994,
              18.561002731323242
            ],
            [
              77.26383972167997,
              18.564252853393555
            ],
            [
              77.26455688476568,
              18.57962989807129
            ],
            [
              77.2677612304688,
              18.583040237426758
            ],
            [
              77.2650985717774,
              18.589900970459098
            ],
            [
              77.26782226562511,
              18.609809875488395
            ],
            [
              77.26313781738298,
              18.6115016937257
            ],
            [
              77.2486801147461,
              18.616729736328125
            ],
            [
              77.2115097045899,
              18.623729705810547
            ],
            [
              77.21038055419928,
              18.629949569702205
            ],
            [
              77.20964050292974,
              18.634069442749023
            ],
            [
              77.20617675781256,
              18.637161254882812
            ],
            [
              77.2028121948245,
              18.637559890747013
            ],
            [
              77.19869995117205,
              18.642400741577262
            ],
            [
              77.19713592529297,
              18.64619064331049
            ],
            [
              77.1754226684572,
              18.64768028259283
            ],
            [
              77.15331268310547,
              18.64533042907715
            ],
            [
              77.15495300292997,
              18.656299591064396
            ],
            [
              77.15521240234392,
              18.67083930969261
            ],
            [
              77.15682983398466,
              18.679401397705078
            ],
            [
              77.17521667480486,
              18.67869949340826
            ],
            [
              77.18386840820318,
              18.684700012207088
            ],
            [
              77.19174194335966,
              18.688472747802848
            ],
            [
              77.17954254150419,
              18.70148086547863
            ],
            [
              77.16371154785185,
              18.7025203704834
            ],
            [
              77.15451812744146,
              18.70046043395996
            ],
            [
              77.14731597900419,
              18.70508956909191
            ],
            [
              77.14360046386724,
              18.711231231689396
            ],
            [
              77.13413238525419,
              18.70996284484869
            ],
            [
              77.13382720947283,
              18.69740104675293
            ],
            [
              77.11663055419916,
              18.6944198608399
            ],
            [
              77.09838867187506,
              18.69346046447754
            ],
            [
              77.09265899658203,
              18.69030952453619
            ],
            [
              77.07824707031278,
              18.689250946045036
            ],
            [
              77.0653915405274,
              18.68550109863287
            ],
            [
              77.06513977050781,
              18.6816082000733
            ],
            [
              77.05742645263678,
              18.682521820068587
            ],
            [
              77.04425811767584,
              18.682121276855582
            ],
            [
              77.04457092285173,
              18.68893051147461
            ],
            [
              77.04213714599615,
              18.693889617919922
            ],
            [
              77.04236602783209,
              18.697151184082145
            ],
            [
              77.04981994628918,
              18.715700149536246
            ],
            [
              77.05470275878906,
              18.717330932617415
            ],
            [
              77.05529022216803,
              18.72903060913086
            ],
            [
              77.0523757934572,
              18.738002777099666
            ],
            [
              77.05220031738298,
              18.74505043029791
            ],
            [
              77.05457305908209,
              18.765050888061467
            ],
            [
              77.05110168457037,
              18.77174949645996
            ],
            [
              77.04435729980469,
              18.772300720214957
            ],
            [
              77.02336120605463,
              18.766349792480696
            ],
            [
              77.00595855712919,
              18.766349792480696
            ],
            [
              77.00298309326189,
              18.78774261474615
            ],
            [
              76.99916839599626,
              18.809129714966048
            ],
            [
              76.99887847900396,
              18.81741905212425
            ],
            [
              76.99790191650396,
              18.818479537963867
            ],
            [
              76.99323272705078,
              18.82670974731451
            ],
            [
              76.99581909179693,
              18.830129623413086
            ],
            [
              76.9979095458985,
              18.83170127868658
            ],
            [
              77.00765991210949,
              18.839321136474666
            ],
            [
              77.01685333251982,
              18.84231185913086
            ],
            [
              77.01452636718761,
              18.861360549926815
            ],
            [
              77.01065063476568,
              18.87729072570812
            ],
            [
              77.00106811523455,
              18.877910614013786
            ],
            [
              76.99791717529303,
              18.879901885986328
            ],
            [
              76.99236297607428,
              18.878719329833984
            ],
            [
              76.97670745849615,
              18.877559661865234
            ],
            [
              76.9551086425783,
              18.873790740966797
            ],
            [
              76.95424652099615,
              18.880109786987305
            ],
            [
              76.95603179931635,
              18.889102935791072
            ],
            [
              76.95112609863298,
              18.89105987548828
            ],
            [
              76.93360900878912,
              18.895778656005916
            ],
            [
              76.93202972412126,
              18.89976119995123
            ],
            [
              76.93792724609375,
              18.902889251709098
            ],
            [
              76.94902801513689,
              18.9061794281007
            ],
            [
              76.94890594482428,
              18.913299560546818
            ],
            [
              76.9503479003908,
              18.921550750732536
            ],
            [
              76.95400238037115,
              18.92661285400402
            ],
            [
              76.9598617553711,
              18.931739807128963
            ],
            [
              76.96257019042986,
              18.931470870971737
            ],
            [
              76.97106933593778,
              18.926881790161246
            ],
            [
              76.97381591796892,
              18.92237091064476
            ],
            [
              76.97515106201189,
              18.914480209350643
            ],
            [
              76.98243713378912,
              18.913469314575252
            ],
            [
              76.98462677001982,
              18.914871215820312
            ],
            [
              76.9861831665039,
              18.921730041503906
            ],
            [
              76.99135589599626,
              18.9357204437257
            ],
            [
              76.99791717529303,
              18.931039810180778
            ],
            [
              77.00221252441423,
              18.92895126342796
            ],
            [
              77.00805664062528,
              18.93136978149414
            ],
            [
              77.01843261718767,
              18.933639526367244
            ],
            [
              77.02078247070318,
              18.938810348510685
            ],
            [
              77.02407073974621,
              18.938949584960994
            ],
            [
              77.02717590332026,
              18.951789855957145
            ],
            [
              77.02999877929716,
              18.95162963867199
            ],
            [
              77.03280639648443,
              18.96393966674799
            ],
            [
              77.0369033813476,
              18.971021652221793
            ],
            [
              77.05253601074213,
              18.987649917602766
            ],
            [
              77.05316925048845,
              18.994880676269588
            ],
            [
              77.0490112304688,
              18.999370574951286
            ],
            [
              77.04064178466803,
              19.0026798248291
            ],
            [
              77.04090118408197,
              19.0106201171875
            ],
            [
              77.04010772705107,
              19.015951156616268
            ],
            [
              77.04242706298822,
              19.029609680175895
            ],
            [
              77.0633392333985,
              19.028530120849666
            ],
            [
              77.06503295898443,
              19.041469573974666
            ],
            [
              77.0642700195313,
              19.047359466552734
            ],
            [
              77.06001281738298,
              19.05836105346674
            ],
            [
              77.06047058105474,
              19.06697082519537
            ],
            [
              77.06564331054699,
              19.07563972473156
            ],
            [
              77.06893157959013,
              19.079500198364258
            ],
            [
              77.0745468139649,
              19.08373069763195
            ],
            [
              77.07655334472685,
              19.0922794342041
            ],
            [
              77.08123016357428,
              19.099941253662053
            ],
            [
              77.08262634277355,
              19.10724067688011
            ],
            [
              77.09892272949236,
              19.106729507446403
            ],
            [
              77.09976959228521,
              19.106700897216854
            ],
            [
              77.10204315185553,
              19.102779388427848
            ],
            [
              77.10323333740263,
              19.09838104248047
            ],
            [
              77.10238647460938,
              19.09507751464838
            ],
            [
              77.09973907470709,
              19.092979431152287
            ],
            [
              77.08957672119158,
              19.089799880981445
            ],
            [
              77.08708953857439,
              19.087350845336914
            ],
            [
              77.0852127075197,
              19.083629608154354
            ],
            [
              77.08474731445341,
              19.075220108032283
            ],
            [
              77.08569335937528,
              19.071060180664062
            ],
            [
              77.08850860595709,
              19.06822013854986
            ],
            [
              77.09568786621111,
              19.065879821777457
            ],
            [
              77.1148071289063,
              19.075681686401595
            ],
            [
              77.12275695800798,
              19.077850341796932
            ],
            [
              77.12621307373064,
              19.076791763305778
            ],
            [
              77.13497161865251,
              19.07014083862316
            ],
            [
              77.13897705078142,
              19.06962013244629
            ],
            [
              77.14192199707037,
              19.071262359619197
            ],
            [
              77.14523315429682,
              19.074880599975586
            ],
            [
              77.15055084228544,
              19.077150344848746
            ],
            [
              77.15622711181646,
              19.08295059204113
            ],
            [
              77.16190338134771,
              19.092901229858512
            ],
            [
              77.16423797607428,
              19.10484123229986
            ],
            [
              77.16339874267595,
              19.11032104492199
            ],
            [
              77.16382598876959,
              19.115720748901424
            ],
            [
              77.16613006591803,
              19.119327545166072
            ],
            [
              77.16992950439459,
              19.121620178222656
            ],
            [
              77.17520904541033,
              19.118989944458008
            ],
            [
              77.17962646484392,
              19.12363052368164
            ],
            [
              77.1798706054688,
              19.12989044189476
            ],
            [
              77.18640899658232,
              19.128999710083065
            ],
            [
              77.18900299072271,
              19.12994956970215
            ],
            [
              77.19229125976574,
              19.143310546875114
            ],
            [
              77.19152069091803,
              19.15594100952154
            ],
            [
              77.19242858886724,
              19.164882659912166
            ],
            [
              77.18631744384771,
              19.16419982910162
            ],
            [
              77.1798706054688,
              19.16451072692871
            ],
            [
              77.17636108398455,
              19.16934013366705
            ],
            [
              77.17867279052751,
              19.175252914428768
            ],
            [
              77.17681121826178,
              19.18047904968256
            ],
            [
              77.17971038818371,
              19.186548233032227
            ],
            [
              77.18077087402361,
              19.19272994995123
            ],
            [
              77.17984008789068,
              19.20247077941906
            ],
            [
              77.1771316528322,
              19.206409454345703
            ],
            [
              77.17576599121094,
              19.210479736328068
            ],
            [
              77.17664337158209,
              19.2167205810548
            ],
            [
              77.17872619628912,
              19.223150253296012
            ],
            [
              77.18171691894548,
              19.229740142822493
            ],
            [
              77.18518066406256,
              19.23284912109375
            ],
            [
              77.19264984130865,
              19.23578071594244
            ],
            [
              77.19300079345709,
              19.24254989624029
            ],
            [
              77.20304870605469,
              19.241889953613395
            ],
            [
              77.20324707031267,
              19.251670837402287
            ],
            [
              77.20847320556646,
              19.25621986389166
            ],
            [
              77.21945953369158,
              19.26968193054205
            ],
            [
              77.22029113769537,
              19.273630142212028
            ],
            [
              77.23557281494146,
              19.273439407348746
            ],
            [
              77.23597717285168,
              19.30960083007824
            ],
            [
              77.24164581298834,
              19.3206405639649
            ],
            [
              77.25955963134771,
              19.315361022949332
            ],
            [
              77.2599182128908,
              19.31339836120617
            ],
            [
              77.27736663818371,
              19.314510345458928
            ],
            [
              77.28063201904325,
              19.324699401855582
            ],
            [
              77.2953491210937,
              19.326721191406307
            ],
            [
              77.29918670654314,
              19.331880569458008
            ],
            [
              77.30751037597685,
              19.32971954345703
            ],
            [
              77.31179046630876,
              19.33994293212902
            ],
            [
              77.31107330322271,
              19.353139877319336
            ],
            [
              77.3110427856447,
              19.35370063781744
            ],
            [
              77.33116912841825,
              19.35497093200695
            ],
            [
              77.33917236328153,
              19.35252952575678
            ],
            [
              77.34925842285162,
              19.35186004638672
            ],
            [
              77.34971618652344,
              19.34546089172369
            ],
            [
              77.36152648925776,
              19.33840942382824
            ],
            [
              77.37802886962896,
              19.337940216064567
            ],
            [
              77.38318634033209,
              19.340589523315487
            ],
            [
              77.38672637939453,
              19.35205078125
            ],
            [
              77.39881896972662,
              19.356081008911133
            ],
            [
              77.40603637695312,
              19.362699508666992
            ],
            [
              77.41252136230469,
              19.365068435668945
            ],
            [
              77.41557312011719,
              19.371250152587947
            ],
            [
              77.41670989990251,
              19.376327514648665
            ],
            [
              77.43351745605474,
              19.37710952758789
            ],
            [
              77.43961334228521,
              19.37881088256836
            ],
            [
              77.44296264648466,
              19.38146018981945
            ],
            [
              77.44667053222662,
              19.38243293762207
            ],
            [
              77.4485931396485,
              19.38870048522955
            ],
            [
              77.44094848632818,
              19.399650573730582
            ],
            [
              77.43427276611334,
              19.406761169433594
            ],
            [
              77.44624328613298,
              19.423349380493278
            ],
            [
              77.4494171142581,
              19.43940925598139
            ],
            [
              77.46923065185553,
              19.43651962280279
            ],
            [
              77.47447204589861,
              19.45504188537592
            ],
            [
              77.4872207641601,
              19.456760406494254
            ],
            [
              77.49048614501953,
              19.466068267822493
            ],
            [
              77.48484039306646,
              19.47483062744135
            ],
            [
              77.48784637451189,
              19.47985076904297
            ],
            [
              77.48658752441412,
              19.495019912719783
            ],
            [
              77.47968292236334,
              19.49059104919445
            ],
            [
              77.47305297851574,
              19.48804092407238
            ],
            [
              77.47099304199247,
              19.489091873169173
            ],
            [
              77.47052764892584,
              19.496458053588924
            ],
            [
              77.46716308593778,
              19.498409271240234
            ],
            [
              77.47058868408232,
              19.527301788330135
            ],
            [
              77.46755218505888,
              19.53004074096674
            ],
            [
              77.46533203125017,
              19.542591094970817
            ],
            [
              77.46618652343761,
              19.55624008178711
            ],
            [
              77.46576690673834,
              19.56321144104004
            ],
            [
              77.4529876708985,
              19.56191253662132
            ],
            [
              77.45404815673828,
              19.566640853881893
            ],
            [
              77.45088195800787,
              19.56727027893072
            ],
            [
              77.46060943603521,
              19.58294105529808
            ],
            [
              77.47801208496105,
              19.59986114501976
            ],
            [
              77.46817779541033,
              19.60839080810547
            ],
            [
              77.46357727050776,
              19.60848999023449
            ],
            [
              77.45664978027355,
              19.612279891967887
            ],
            [
              77.46367645263678,
              19.61458969116211
            ],
            [
              77.46759033203125,
              19.641370773315487
            ],
            [
              77.46405792236334,
              19.642169952392692
            ],
            [
              77.46434020996088,
              19.64533042907715
            ],
            [
              77.46169281005876,
              19.64552116394043
            ],
            [
              77.46618652343761,
              19.656259536743107
            ],
            [
              77.46697998046903,
              19.66468811035162
            ],
            [
              77.46105194091825,
              19.66517066955572
            ],
            [
              77.45970916748058,
              19.671070098876953
            ],
            [
              77.45404815673828,
              19.67136955261236
            ],
            [
              77.45334625244146,
              19.67427062988287
            ],
            [
              77.45049285888678,
              19.67383956909191
            ],
            [
              77.45031738281256,
              19.676900863647518
            ],
            [
              77.45651245117182,
              19.681989669799805
            ],
            [
              77.45973205566435,
              19.679761886596737
            ],
            [
              77.46428680419933,
              19.679330825805778
            ],
            [
              77.47355651855469,
              19.682821273803825
            ],
            [
              77.47593688964872,
              19.68239021301264
            ],
            [
              77.47953033447271,
              19.67634963989252
            ],
            [
              77.48172760009783,
              19.67531013488781
            ],
            [
              77.48837280273432,
              19.678308486938704
            ],
            [
              77.49191284179693,
              19.67910957336437
            ],
            [
              77.49897003173834,
              19.677621841430607
            ],
            [
              77.502182006836,
              19.676071166992188
            ],
            [
              77.51004028320318,
              19.674430847168026
            ],
            [
              77.51345825195318,
              19.672298431396598
            ],
            [
              77.52002716064447,
              19.669961929321403
            ],
            [
              77.52632141113276,
              19.6697998046875
            ],
            [
              77.53172302246111,
              19.6685409545899
            ],
            [
              77.5363159179688,
              19.668661117553768
            ],
            [
              77.5358428955081,
              19.663909912109375
            ],
            [
              77.53929901123041,
              19.662410736083928
            ],
            [
              77.54332733154314,
              19.661869049072266
            ],
            [
              77.55178070068365,
              19.663669586181868
            ],
            [
              77.55088043212902,
              19.660240173339844
            ],
            [
              77.55195617675787,
              19.6523895263673
            ],
            [
              77.5650711059572,
              19.65027046203636
            ],
            [
              77.57073974609403,
              19.651519775390625
            ],
            [
              77.5769882202149,
              19.65758132934576
            ],
            [
              77.57926177978521,
              19.656642913818473
            ],
            [
              77.58087921142572,
              19.652961730957145
            ],
            [
              77.58318328857422,
              19.65126991271984
            ],
            [
              77.59365844726557,
              19.650569915771598
            ],
            [
              77.5963363647461,
              19.647670745849666
            ],
            [
              77.59771728515642,
              19.64429092407221
            ],
            [
              77.60410308837919,
              19.64682006835949
            ],
            [
              77.60563659667997,
              19.64417839050293
            ],
            [
              77.6048431396485,
              19.640640258789062
            ],
            [
              77.60762023925798,
              19.638942718505973
            ],
            [
              77.61173248291044,
              19.63915061950695
            ],
            [
              77.61342620849615,
              19.63764953613287
            ],
            [
              77.61075592041021,
              19.632049560546875
            ],
            [
              77.61264038085943,
              19.629159927368278
            ],
            [
              77.62375640869169,
              19.627109527588004
            ],
            [
              77.62580108642584,
              19.624229431152344
            ],
            [
              77.62679290771496,
              19.621089935302734
            ],
            [
              77.62503051757818,
              19.614240646362305
            ],
            [
              77.62606811523466,
              19.6078205108642
            ],
            [
              77.63009643554688,
              19.60815048217779
            ],
            [
              77.63488006591814,
              19.609699249267635
            ],
            [
              77.63915252685553,
              19.60951042175293
            ],
            [
              77.64132690429716,
              19.60758972167963
            ],
            [
              77.64138031005876,
              19.605060577392578
            ],
            [
              77.63981628417963,
              19.599710464477596
            ],
            [
              77.63716125488281,
              19.59623908996582
            ],
            [
              77.6371459960937,
              19.58725929260254
            ],
            [
              77.6448059082033,
              19.563711166381836
            ],
            [
              77.64586639404308,
              19.55528259277355
            ],
            [
              77.63887023925781,
              19.55541038513195
            ],
            [
              77.63279724121111,
              19.557750701904297
            ],
            [
              77.63072967529303,
              19.555450439453182
            ],
            [
              77.63646697998053,
              19.550889968872298
            ],
            [
              77.6428604125976,
              19.547269821166935
            ],
            [
              77.65583801269526,
              19.546480178833065
            ],
            [
              77.66239929199224,
              19.545110702514762
            ],
            [
              77.67011260986357,
              19.540468215942496
            ],
            [
              77.68556976318388,
              19.539529800414982
            ],
            [
              77.69684600830072,
              19.537532806396484
            ],
            [
              77.70226287841803,
              19.53335952758789
            ],
            [
              77.71035766601591,
              19.525260925293026
            ],
            [
              77.71913146972685,
              19.527301788330135
            ],
            [
              77.72560882568388,
              19.531101226806868
            ],
            [
              77.73008728027361,
              19.53169059753418
            ],
            [
              77.74601745605497,
              19.521400451660156
            ],
            [
              77.75048828125017,
              19.514860153198242
            ],
            [
              77.7491226196289,
              19.50922012329113
            ],
            [
              77.73554229736357,
              19.50126075744629
            ],
            [
              77.73282623291021,
              19.494520187377987
            ],
            [
              77.73223114013678,
              19.49131965637207
            ],
            [
              77.73610687255888,
              19.485719680786246
            ],
            [
              77.73665618896496,
              19.48265075683588
            ],
            [
              77.73374176025396,
              19.480060577392692
            ],
            [
              77.72508239746094,
              19.478290557861385
            ],
            [
              77.72174835205084,
              19.474279403686523
            ],
            [
              77.71866607666021,
              19.47442817687994
            ],
            [
              77.71396636962919,
              19.476438522338924
            ],
            [
              77.71039581298828,
              19.47606086730957
            ],
            [
              77.70709991455107,
              19.466800689697322
            ],
            [
              77.70185089111345,
              19.463830947875977
            ],
            [
              77.69753265380865,
              19.461389541625977
            ],
            [
              77.69552612304688,
              19.459329605102596
            ],
            [
              77.69490814209013,
              19.456939697265625
            ],
            [
              77.69454956054682,
              19.44890975952154
            ],
            [
              77.69241333007841,
              19.44053268432623
            ],
            [
              77.69535064697283,
              19.438190460205135
            ],
            [
              77.70091247558594,
              19.43816947937006
            ],
            [
              77.7040557861331,
              19.436679840087947
            ],
            [
              77.70960235595732,
              19.4368896484375
            ],
            [
              77.71875000000028,
              19.434270858764705
            ],
            [
              77.72901153564459,
              19.433219909668082
            ],
            [
              77.73845672607439,
              19.43696975708002
            ],
            [
              77.74534606933611,
              19.430522918701172
            ],
            [
              77.7525177001956,
              19.4317626953125
            ],
            [
              77.77128601074236,
              19.438150405883846
            ],
            [
              77.77826690673857,
              19.44428062438965
            ],
            [
              77.78578186035173,
              19.448318481445256
            ],
            [
              77.79435729980486,
              19.449951171875227
            ],
            [
              77.79759216308611,
              19.458850860595817
            ],
            [
              77.8011093139649,
              19.463779449463118
            ],
            [
              77.8061828613283,
              19.4624404907226
            ],
            [
              77.81234741210943,
              19.45304107666027
            ],
            [
              77.81590270996111,
              19.444740295410156
            ],
            [
              77.82187652587896,
              19.440269470214957
            ],
            [
              77.8265686035158,
              19.438091278076286
            ],
            [
              77.8308868408206,
              19.438739776611328
            ],
            [
              77.83383178710955,
              19.44822120666504
            ],
            [
              77.84320831298834,
              19.45171165466303
            ],
            [
              77.84371185302729,
              19.455249786377067
            ],
            [
              77.83413696289091,
              19.4624404907226
            ],
            [
              77.82836151123053,
              19.468111038208235
            ],
            [
              77.82373046875017,
              19.474880218505973
            ],
            [
              77.82470703125006,
              19.479789733886662
            ],
            [
              77.8396759033206,
              19.483190536499023
            ],
            [
              77.84313201904291,
              19.486209869384766
            ],
            [
              77.83991241455078,
              19.493810653686637
            ],
            [
              77.83905792236334,
              19.509349822998104
            ],
            [
              77.84395599365251,
              19.51443862915039
            ],
            [
              77.8496932983399,
              19.517282485961914
            ],
            [
              77.85771942138678,
              19.5190811157226
            ],
            [
              77.86589813232422,
              19.51325988769537
            ],
            [
              77.87349700927751,
              19.511640548706055
            ],
            [
              77.87480163574213,
              19.50867080688488
            ],
            [
              77.87544250488287,
              19.504222869873104
            ],
            [
              77.87858581542997,
              19.499679565429688
            ],
            [
              77.88156890869146,
              19.4998016357423
            ],
            [
              77.88664245605469,
              19.50455093383789
            ],
            [
              77.88445281982428,
              19.511970520019645
            ],
            [
              77.8860473632812,
              19.51886177062994
            ],
            [
              77.89482116699213,
              19.522600173950195
            ],
            [
              77.89781951904308,
              19.526460647583065
            ],
            [
              77.9002532958985,
              19.531879425048885
            ],
            [
              77.90365600585955,
              19.532720565796012
            ],
            [
              77.90883636474615,
              19.530412673950195
            ],
            [
              77.90895080566406,
              19.527301788330135
            ],
            [
              77.91263580322271,
              19.51466178894043
            ],
            [
              77.92843627929705,
              19.508010864257756
            ],
            [
              77.93206787109392,
              19.503620147705135
            ],
            [
              77.93414306640642,
              19.4998016357423
            ],
            [
              77.93946075439447,
              19.497699737548885
            ],
            [
              77.94346618652338,
              19.500440597534407
            ],
            [
              77.94911956787115,
              19.50885009765625
            ],
            [
              77.9547958374024,
              19.510360717773438
            ],
            [
              77.96832275390625,
              19.507869720459098
            ],
            [
              77.97167205810575,
              19.505479812622127
            ],
            [
              77.96943664550798,
              19.496341705322266
            ],
            [
              77.97010803222668,
              19.49324035644554
            ],
            [
              77.97616577148443,
              19.488449096679744
            ],
            [
              77.9831085205081,
              19.47791290283203
            ],
            [
              77.98232269287121,
              19.464719772338867
            ],
            [
              77.98295593261719,
              19.459270477295036
            ],
            [
              77.98692321777372,
              19.454860687255973
            ],
            [
              77.98734283447266,
              19.454509735107365
            ],
            [
              77.995903015137,
              19.461919784546126
            ],
            [
              78.00528717041033,
              19.46071052551281
            ],
            [
              78.00904083251982,
              19.464740753173885
            ],
            [
              78.01071166992193,
              19.48291015625
            ],
            [
              78.0122833251956,
              19.490070343017635
            ],
            [
              78.01537322998041,
              19.495460510253906
            ],
            [
              78.021728515625,
              19.496740341186523
            ],
            [
              78.02654266357428,
              19.494020462036133
            ],
            [
              78.03996276855497,
              19.482219696044922
            ],
            [
              78.04975128173845,
              19.475860595703182
            ],
            [
              78.05898284912115,
              19.466161727905387
            ],
            [
              78.06363677978516,
              19.466249465942496
            ],
            [
              78.06996154785173,
              19.470279693603572
            ],
            [
              78.07878875732428,
              19.47791290283203
            ],
            [
              78.09118652343756,
              19.48658752441412
            ],
            [
              78.09768676757818,
              19.48619270324707
            ],
            [
              78.11007690429693,
              19.490619659423828
            ],
            [
              78.1167602539063,
              19.5006103515625
            ],
            [
              78.11737823486357,
              19.507461547851562
            ],
            [
              78.11902618408209,
              19.513860702514762
            ],
            [
              78.12087249755876,
              19.516708374023665
            ],
            [
              78.13078308105469,
              19.52510070800804
            ],
            [
              78.13192749023438,
              19.53045845031744
            ],
            [
              78.13069152832037,
              19.534412384033317
            ],
            [
              78.12590789794928,
              19.5400009155274
            ],
            [
              78.11911773681669,
              19.54578971862793
            ],
            [
              78.11560058593756,
              19.55294036865257
            ],
            [
              78.1204376220706,
              19.55682945251465
            ],
            [
              78.12728881835966,
              19.55684089660656
            ],
            [
              78.13562774658209,
              19.553220748901367
            ],
            [
              78.14306640625006,
              19.55220031738287
            ],
            [
              78.154052734375,
              19.555160522460938
            ],
            [
              78.16271209716803,
              19.558420181274357
            ],
            [
              78.18019866943376,
              19.56292915344244
            ],
            [
              78.18460845947283,
              19.566640853881893
            ],
            [
              78.18544006347662,
              19.570440292358626
            ],
            [
              78.18122100830084,
              19.583389282226562
            ],
            [
              78.18789672851568,
              19.59148979187023
            ],
            [
              78.1875457763673,
              19.60411071777355
            ],
            [
              78.19106292724626,
              19.61325073242199
            ],
            [
              78.19127655029314,
              19.617620468139762
            ],
            [
              78.19029998779314,
              19.624891281127873
            ],
            [
              78.18498992919939,
              19.635299682617188
            ],
            [
              78.18266296386719,
              19.641860961914176
            ],
            [
              78.17459869384794,
              19.65444946289074
            ],
            [
              78.16999053955084,
              19.65637016296381
            ],
            [
              78.16432952880854,
              19.65742111206066
            ],
            [
              78.15869903564459,
              19.660409927368278
            ],
            [
              78.14877319335943,
              19.664131164550838
            ],
            [
              78.13597869873047,
              19.66625022888195
            ],
            [
              78.12673950195341,
              19.666589736938477
            ],
            [
              78.123031616211,
              19.663602828979435
            ],
            [
              78.12159729003935,
              19.659151077270508
            ],
            [
              78.11808013916021,
              19.657480239868164
            ],
            [
              78.10280609130865,
              19.6594295501709
            ],
            [
              78.09789276123053,
              19.656408309936523
            ],
            [
              78.09364318847662,
              19.651109695434513
            ],
            [
              78.09111022949219,
              19.644910812377873
            ],
            [
              78.0856018066408,
              19.644689559936637
            ],
            [
              78.07800292968756,
              19.64793968200695
            ],
            [
              78.07253265380871,
              19.65507125854498
            ],
            [
              78.06768035888689,
              19.663251876831055
            ],
            [
              78.06276702880865,
              19.667690277099666
            ],
            [
              78.05249786376959,
              19.670530319213867
            ],
            [
              78.05130004882818,
              19.684749603271484
            ],
            [
              78.04869842529308,
              19.691129684448242
            ],
            [
              78.04293823242193,
              19.698471069336165
            ],
            [
              78.03614044189482,
              19.699899673462028
            ],
            [
              78.02770996093761,
              19.698810577392692
            ],
            [
              78.01513671875028,
              19.69370841979992
            ],
            [
              77.99594116210955,
              19.681081771850643
            ],
            [
              77.99295043945318,
              19.680339813232365
            ],
            [
              77.98439788818365,
              19.680402755737248
            ],
            [
              77.98050689697283,
              19.68620109558111
            ],
            [
              77.98134613037115,
              19.699052810668945
            ],
            [
              77.97805786132818,
              19.70125007629406
            ],
            [
              77.96652984619169,
              19.70218086242687
            ],
            [
              77.96087646484392,
              19.706081390380973
            ],
            [
              77.95700836181635,
              19.71705055236822
            ],
            [
              77.94918060302729,
              19.72906112670904
            ],
            [
              77.93289184570318,
              19.736589431762695
            ],
            [
              77.92958831787126,
              19.739059448242188
            ],
            [
              77.91913604736334,
              19.734701156616325
            ],
            [
              77.91581726074219,
              19.731428146362532
            ],
            [
              77.91046905517572,
              19.72952079772972
            ],
            [
              77.90233612060553,
              19.7315998077392
            ],
            [
              77.89839172363293,
              19.734630584716854
            ],
            [
              77.895561218262,
              19.734630584716854
            ],
            [
              77.89364624023466,
              19.732072830200252
            ],
            [
              77.89346313476591,
              19.728559494018782
            ],
            [
              77.89205932617193,
              19.725330352783317
            ],
            [
              77.88770294189459,
              19.726951599121207
            ],
            [
              77.874496459961,
              19.73765945434576
            ],
            [
              77.87357330322271,
              19.743570327758903
            ],
            [
              77.87287139892607,
              19.7442302703858
            ],
            [
              77.86836242675798,
              19.743021011352653
            ],
            [
              77.865951538086,
              19.741500854492188
            ],
            [
              77.86283111572283,
              19.741039276123047
            ],
            [
              77.8594360351563,
              19.741798400878963
            ],
            [
              77.856689453125,
              19.743461608886776
            ],
            [
              77.85520172119158,
              19.752960205078125
            ],
            [
              77.86241149902344,
              19.766332626343
            ],
            [
              77.86168670654314,
              19.771261215210018
            ],
            [
              77.85822296142578,
              19.778530120849723
            ],
            [
              77.84941101074247,
              19.788650512695312
            ],
            [
              77.8468627929688,
              19.79300117492687
            ],
            [
              77.84527587890642,
              19.8006591796875
            ],
            [
              77.85254669189453,
              19.810749053955135
            ],
            [
              77.8597717285158,
              19.816169738769588
            ],
            [
              77.86647796630865,
              19.823799133300838
            ],
            [
              77.86730194091808,
              19.82761955261242
            ],
            [
              77.86723327636719,
              19.832620620727596
            ],
            [
              77.86901855468761,
              19.836759567260856
            ],
            [
              77.87236022949236,
              19.84947967529297
            ],
            [
              77.88231658935553,
              19.85684967041027
            ],
            [
              77.88392639160185,
              19.862270355224723
            ],
            [
              77.88797760009766,
              19.867090225219727
            ],
            [
              77.88802337646484,
              19.870960235595703
            ],
            [
              77.89421081542997,
              19.877950668335075
            ],
            [
              77.89885711669939,
              19.880290985107422
            ],
            [
              77.9160995483399,
              19.8846111297608
            ],
            [
              77.9200515747072,
              19.891210556030273
            ],
            [
              77.9303817749024,
              19.89073753356945
            ],
            [
              77.93656921386747,
              19.892799377441406
            ],
            [
              77.93981170654325,
              19.900640487671012
            ],
            [
              77.94386291503906,
              19.907062530517635
            ],
            [
              77.94993591308622,
              19.911170959472713
            ],
            [
              77.9562377929687,
              19.910978317260856
            ],
            [
              77.96102142333984,
              19.909851074218864
            ],
            [
              77.96746826171903,
              19.910329818725813
            ],
            [
              77.97445678710943,
              19.912847518921012
            ],
            [
              77.97856140136713,
              19.915468215942326
            ],
            [
              77.98413085937517,
              19.916641235351562
            ],
            [
              77.98826599121122,
              19.916349411010742
            ],
            [
              77.99595642089861,
              19.917688369751033
            ],
            [
              78.00782775878912,
              19.914089202880916
            ],
            [
              78.01457214355497,
              19.91553115844721
            ],
            [
              78.02375793457026,
              19.925460815429744
            ],
            [
              78.02935028076189,
              19.928359985351676
            ],
            [
              78.04397583007807,
              19.93103981018072
            ],
            [
              78.04911804199247,
              19.930610656738338
            ],
            [
              78.05094909667974,
              19.928800582885742
            ],
            [
              78.05317687988298,
              19.923810958862305
            ],
            [
              78.0547180175783,
              19.917949676513786
            ]
          ]
        ]
      }
    },
    {
      "type": "Feature",
      "properties": {
        "ID_0": 105,
        "ISO": "IND",
        "NAME_0": "India",
        "ID_1": 21,
        "NAME_1": "Maharashtra",
        "ID_2": 327,
        "NAME_2": "Osmanabad",
        "NL_NAME_2": null,
        "VARNAME_2": null,
        "TYPE_2": "District",
        "ENGTYPE_2": "District",
        "district_name": "OSMANABAD",
        "shapeName": "OSMANABAD"
      },
      "geometry": {
        "type": "Polygon",
        "coordinates": [
          [
            [
              75.64892578124994,
              18.648220062255916
            ],
            [
              75.6551132202149,
              18.646829605102596
            ],
            [
              75.66337585449247,
              18.64726066589361
            ],
            [
              75.66696166992193,
              18.64813041687006
            ],
            [
              75.66794586181652,
              18.649852752685547
            ],
            [
              75.66887664794928,
              18.66250038146984
            ],
            [
              75.66754913330084,
              18.66632080078125
            ],
            [
              75.66850280761724,
              18.672300338745174
            ],
            [
              75.67047882080072,
              18.676349639892578
            ],
            [
              75.67205047607439,
              18.683790206909293
            ],
            [
              75.67204284667986,
              18.68740081787115
            ],
            [
              75.6743469238283,
              18.69030952453619
            ],
            [
              75.69161224365263,
              18.6905326843264
            ],
            [
              75.69902038574224,
              18.68860054016119
            ],
            [
              75.70736694335943,
              18.68632125854498
            ],
            [
              75.70973205566435,
              18.682670593261832
            ],
            [
              75.7143859863283,
              18.680778503418082
            ],
            [
              75.71951293945312,
              18.679450988769645
            ],
            [
              75.72648620605474,
              18.67644119262701
            ],
            [
              75.73217010498053,
              18.675220489501953
            ],
            [
              75.73597717285162,
              18.67798995971691
            ],
            [
              75.73937225341814,
              18.67669105529785
            ],
            [
              75.74434661865251,
              18.677101135253963
            ],
            [
              75.75060272216797,
              18.67859268188488
            ],
            [
              75.75396728515636,
              18.680219650268555
            ],
            [
              75.7645263671875,
              18.676059722900447
            ],
            [
              75.76904296875028,
              18.672790527343693
            ],
            [
              75.76877593994146,
              18.670488357544002
            ],
            [
              75.77511596679693,
              18.669612884521598
            ],
            [
              75.7775497436524,
              18.672700881958008
            ],
            [
              75.7828369140625,
              18.668540954589957
            ],
            [
              75.78399658203142,
              18.661840438842887
            ],
            [
              75.79442596435575,
              18.656490325927678
            ],
            [
              75.79749298095732,
              18.655641555786246
            ],
            [
              75.79870605468767,
              18.657630920410384
            ],
            [
              75.80000305175781,
              18.665880203247298
            ],
            [
              75.80249023437517,
              18.673179626464787
            ],
            [
              75.81210327148443,
              18.673509597778548
            ],
            [
              75.81476593017584,
              18.67107009887701
            ],
            [
              75.82640838623053,
              18.670379638671875
            ],
            [
              75.82865905761719,
              18.664339065551815
            ],
            [
              75.83283233642595,
              18.66599845886236
            ],
            [
              75.83660125732416,
              18.66542816162115
            ],
            [
              75.83859252929693,
              18.663099288940487
            ],
            [
              75.84736633300787,
              18.658969879150334
            ],
            [
              75.85385131835943,
              18.658830642700423
            ],
            [
              75.85974121093767,
              18.661390304565487
            ],
            [
              75.86110687255865,
              18.6593017578125
            ],
            [
              75.85981750488293,
              18.65162849426281
            ],
            [
              75.86148071289068,
              18.650171279907227
            ],
            [
              75.86369323730463,
              18.649681091308707
            ],
            [
              75.87223815917997,
              18.65226173400879
            ],
            [
              75.87577819824224,
              18.65221023559576
            ],
            [
              75.87992858886736,
              18.648820877075195
            ],
            [
              75.8839416503908,
              18.649061203003043
            ],
            [
              75.88639831542969,
              18.64826965332037
            ],
            [
              75.89521026611345,
              18.64797973632824
            ],
            [
              75.90458679199224,
              18.649969100952205
            ],
            [
              75.91689300537138,
              18.65007972717291
            ],
            [
              75.9192123413086,
              18.649240493774414
            ],
            [
              75.92147064209013,
              18.647319793701115
            ],
            [
              75.92983245849638,
              18.644960403442496
            ],
            [
              75.93930816650396,
              18.64574050903326
            ],
            [
              75.94198608398443,
              18.644960403442496
            ],
            [
              75.94603729248058,
              18.642089843749943
            ],
            [
              75.95008087158232,
              18.636650085449446
            ],
            [
              75.95043182373075,
              18.634180068969727
            ],
            [
              75.94956207275408,
              18.62891960144043
            ],
            [
              75.94663238525419,
              18.625230789184627
            ],
            [
              75.94554901123064,
              18.619579315185774
            ],
            [
              75.94632720947283,
              18.615781784057617
            ],
            [
              75.95044708251982,
              18.608167648315487
            ],
            [
              75.95347595214855,
              18.606809616088867
            ],
            [
              75.95861053466803,
              18.606872558593807
            ],
            [
              75.96209716796903,
              18.608089447021484
            ],
            [
              75.97228240966797,
              18.61409950256342
            ],
            [
              75.99442291259771,
              18.619760513305778
            ],
            [
              75.99726104736345,
              18.618419647216854
            ],
            [
              75.99931335449219,
              18.613559722900334
            ],
            [
              75.99880218505865,
              18.610340118408203
            ],
            [
              75.99711608886724,
              18.606790542602653
            ],
            [
              75.9894027709961,
              18.60114288330078
            ],
            [
              75.98700714111334,
              18.59535026550293
            ],
            [
              75.99118041992193,
              18.590061187744254
            ],
            [
              75.9974975585938,
              18.587301254272404
            ],
            [
              76.00051879882818,
              18.584970474243164
            ],
            [
              76.00657653808611,
              18.588069915771484
            ],
            [
              76.00714111328125,
              18.592969894409293
            ],
            [
              76.0052261352539,
              18.60270118713379
            ],
            [
              76.00699615478516,
              18.60515022277832
            ],
            [
              76.01074218749994,
              18.60626983642578
            ],
            [
              76.02108001709001,
              18.604112625122127
            ],
            [
              76.02865600585966,
              18.601491928100643
            ],
            [
              76.03343200683622,
              18.596849441528377
            ],
            [
              76.03540039062517,
              18.593122482300032
            ],
            [
              76.0435867309572,
              18.587690353393555
            ],
            [
              76.04637908935575,
              18.581550598144588
            ],
            [
              76.05017089843761,
              18.575750350952205
            ],
            [
              76.05207061767584,
              18.574359893798885
            ],
            [
              76.058403015137,
              18.57304000854515
            ],
            [
              76.07006835937494,
              18.575830459594783
            ],
            [
              76.07662963867193,
              18.57556915283203
            ],
            [
              76.09895324707037,
              18.58740997314453
            ],
            [
              76.10341644287138,
              18.5873699188233
            ],
            [
              76.11635589599621,
              18.584730148315657
            ],
            [
              76.12892150878912,
              18.586128234863338
            ],
            [
              76.14408111572266,
              18.583009719848576
            ],
            [
              76.15143585205084,
              18.582719802856673
            ],
            [
              76.15312957763678,
              18.58184051513672
            ],
            [
              76.15618133544928,
              18.574960708618278
            ],
            [
              76.15641021728527,
              18.568220138549748
            ],
            [
              76.15901184082031,
              18.557649612426758
            ],
            [
              76.16319274902361,
              18.55882072448742
            ],
            [
              76.16615295410185,
              18.56052970886236
            ],
            [
              76.16774749755876,
              18.563060760498047
            ],
            [
              76.16780090332037,
              18.56777191162115
            ],
            [
              76.16584014892595,
              18.576320648193473
            ],
            [
              76.166488647461,
              18.580181121826115
            ],
            [
              76.17089843750006,
              18.58463287353527
            ],
            [
              76.17685699462919,
              18.585109710693473
            ],
            [
              76.18711853027355,
              18.584671020507756
            ],
            [
              76.19895172119152,
              18.582380294799805
            ],
            [
              76.19924163818376,
              18.57973289489746
            ],
            [
              76.2025909423831,
              18.577400207519645
            ],
            [
              76.21212768554716,
              18.577791213989315
            ],
            [
              76.21637725830078,
              18.575490951538086
            ],
            [
              76.22107696533214,
              18.575120925903377
            ],
            [
              76.23454284667969,
              18.576200485229606
            ],
            [
              76.238822937012,
              18.574850082397575
            ],
            [
              76.25406646728527,
              18.576379776000977
            ],
            [
              76.25437164306658,
              18.56574058532709
            ],
            [
              76.25911712646501,
              18.56327056884777
            ],
            [
              76.26856231689464,
              18.561128616333008
            ],
            [
              76.27661132812528,
              18.556470870971737
            ],
            [
              76.27604675292997,
              18.544309616088924
            ],
            [
              76.27452087402372,
              18.53790092468256
            ],
            [
              76.2679290771485,
              18.531650543213118
            ],
            [
              76.25773620605497,
              18.525501251220703
            ],
            [
              76.25505065917997,
              18.51829910278343
            ],
            [
              76.25621795654291,
              18.505149841308594
            ],
            [
              76.255859375,
              18.494710922241268
            ],
            [
              76.25866699218778,
              18.493070602416935
            ],
            [
              76.25776672363281,
              18.48912048339838
            ],
            [
              76.25502777099621,
              18.4854793548584
            ],
            [
              76.25654602050793,
              18.48184967041027
            ],
            [
              76.26957702636713,
              18.472600936889705
            ],
            [
              76.27162933349638,
              18.46730041503912
            ],
            [
              76.27213287353521,
              18.46367073059082
            ],
            [
              76.26803588867216,
              18.463951110839844
            ],
            [
              76.26319885253912,
              18.4632511138916
            ],
            [
              76.26729583740234,
              18.43647956848156
            ],
            [
              76.27136230468756,
              18.419401168823356
            ],
            [
              76.26661682128912,
              18.420881271362532
            ],
            [
              76.25675201416044,
              18.426370620727653
            ],
            [
              76.23912048339844,
              18.433780670166072
            ],
            [
              76.23288726806646,
              18.432680130004996
            ],
            [
              76.22577667236334,
              18.428281784057617
            ],
            [
              76.22203063964855,
              18.421899795532227
            ],
            [
              76.21940612792963,
              18.41427993774414
            ],
            [
              76.21163940429705,
              18.399549484252987
            ],
            [
              76.20024871826178,
              18.39806938171398
            ],
            [
              76.20128631591791,
              18.394599914550838
            ],
            [
              76.20752716064464,
              18.38714027404785
            ],
            [
              76.21668243408214,
              18.3817195892334
            ],
            [
              76.2304916381836,
              18.377620697021428
            ],
            [
              76.23686218261724,
              18.376581192016715
            ],
            [
              76.2430572509765,
              18.37653160095209
            ],
            [
              76.24875640869169,
              18.374410629272575
            ],
            [
              76.25498199462896,
              18.365909576416243
            ],
            [
              76.2589416503908,
              18.363861083984375
            ],
            [
              76.2636260986331,
              18.367660522460938
            ],
            [
              76.27011108398466,
              18.375061035156193
            ],
            [
              76.27503967285162,
              18.37948036193842
            ],
            [
              76.28185272216803,
              18.384170532226676
            ],
            [
              76.28794097900408,
              18.385129928588867
            ],
            [
              76.28925323486345,
              18.378410339355526
            ],
            [
              76.2871322631836,
              18.355140686035213
            ],
            [
              76.28486633300798,
              18.339960098266715
            ],
            [
              76.31820678710932,
              18.328199386596737
            ],
            [
              76.31906890869146,
              18.31060028076172
            ],
            [
              76.31806182861345,
              18.292350769043026
            ],
            [
              76.31584167480474,
              18.280879974365348
            ],
            [
              76.31104278564459,
              18.2763614654541
            ],
            [
              76.30771636962885,
              18.271169662475643
            ],
            [
              76.31083679199219,
              18.268791198730582
            ],
            [
              76.30687713623053,
              18.2645206451416
            ],
            [
              76.29360961914057,
              18.257429122925032
            ],
            [
              76.28885650634766,
              18.251859664916992
            ],
            [
              76.28663635253912,
              18.247570037841797
            ],
            [
              76.2829666137697,
              18.247560501098633
            ],
            [
              76.28642272949219,
              18.231742858886776
            ],
            [
              76.29181671142584,
              18.23081970214855
            ],
            [
              76.29728698730486,
              18.23105049133312
            ],
            [
              76.3017196655274,
              18.228830337524414
            ],
            [
              76.30201721191406,
              18.212472915649414
            ],
            [
              76.29775238037121,
              18.212930679321403
            ],
            [
              76.29574584960955,
              18.205829620361328
            ],
            [
              76.29476165771484,
              18.198150634765852
            ],
            [
              76.28176116943388,
              18.181129455566406
            ],
            [
              76.28073883056646,
              18.17109107971197
            ],
            [
              76.28163909912126,
              18.160820007324332
            ],
            [
              76.28121948242188,
              18.153310775756893
            ],
            [
              76.27883148193365,
              18.14943122863781
            ],
            [
              76.27929687499994,
              18.14490127563488
            ],
            [
              76.27716064453153,
              18.1422119140625
            ],
            [
              76.27665710449236,
              18.13849067687994
            ],
            [
              76.28277587890642,
              18.128099441528263
            ],
            [
              76.29544830322271,
              18.120740890503043
            ],
            [
              76.30101013183622,
              18.11545944213873
            ],
            [
              76.3025894165039,
              18.11308097839367
            ],
            [
              76.3052368164062,
              18.107549667358512
            ],
            [
              76.30599212646513,
              18.102779388427678
            ],
            [
              76.30529785156267,
              18.095079421997184
            ],
            [
              76.30790710449213,
              18.089971542358455
            ],
            [
              76.31167602539074,
              18.08510971069336
            ],
            [
              76.31456756591825,
              18.083179473876953
            ],
            [
              76.32083129882824,
              18.075490951538143
            ],
            [
              76.32335662841791,
              18.07379913330101
            ],
            [
              76.33075714111357,
              18.07314109802246
            ],
            [
              76.34211730957031,
              18.07751083374046
            ],
            [
              76.34723663330095,
              18.077899932861555
            ],
            [
              76.35797882080084,
              18.082851409912337
            ],
            [
              76.36974334716814,
              18.086910247802848
            ],
            [
              76.38109588623058,
              18.08822059631359
            ],
            [
              76.38622283935553,
              18.079389572143555
            ],
            [
              76.39776611328125,
              18.065498352050724
            ],
            [
              76.3988571166995,
              18.061410903930664
            ],
            [
              76.3985671997072,
              18.051887512207088
            ],
            [
              76.40209197998075,
              18.049720764160156
            ],
            [
              76.40442657470697,
              18.045972824096793
            ],
            [
              76.40782928466825,
              18.044040679931584
            ],
            [
              76.4180526733399,
              18.040540695190487
            ],
            [
              76.42388916015625,
              18.032609939575195
            ],
            [
              76.42758178710943,
              18.02919006347662
            ],
            [
              76.4408569335937,
              18.03179931640625
            ],
            [
              76.47219085693376,
              18.024959564208928
            ],
            [
              76.47743988037138,
              18.024839401245117
            ],
            [
              76.48136901855474,
              18.02560043334961
            ],
            [
              76.48587036132807,
              18.02520942688011
            ],
            [
              76.49326324462919,
              18.022132873535213
            ],
            [
              76.5018920898437,
              18.02145957946783
            ],
            [
              76.51168823242193,
              18.023130416870117
            ],
            [
              76.5166091918947,
              18.0219783782959
            ],
            [
              76.52140045166033,
              18.02302169799816
            ],
            [
              76.52394866943365,
              18.01995086669922
            ],
            [
              76.52839660644526,
              18.02144050598156
            ],
            [
              76.53156280517584,
              18.019729614257812
            ],
            [
              76.53900909423834,
              18.02183914184576
            ],
            [
              76.54643249511724,
              18.022899627685547
            ],
            [
              76.55587005615229,
              18.028469085693416
            ],
            [
              76.5669326782226,
              18.037679672241268
            ],
            [
              76.57655334472662,
              18.03544044494629
            ],
            [
              76.58078765869146,
              18.03883934021019
            ],
            [
              76.58783721923834,
              18.03683853149414
            ],
            [
              76.59541320800781,
              18.031480789184627
            ],
            [
              76.60131072998064,
              18.031520843505916
            ],
            [
              76.60489654541016,
              18.034509658813477
            ],
            [
              76.61107635498053,
              18.036569595336914
            ],
            [
              76.60874938964861,
              18.01836013793951
            ],
            [
              76.60605621337908,
              18.009090423584098
            ],
            [
              76.62256622314464,
              17.999370574951286
            ],
            [
              76.62412261962919,
              17.998479843139762
            ],
            [
              76.66091918945341,
              17.99801063537592
            ],
            [
              76.6691970825197,
              17.997190475463867
            ],
            [
              76.67529296875017,
              17.995399475097884
            ],
            [
              76.67867279052763,
              17.992450714111555
            ],
            [
              76.6800613403322,
              17.991228103637752
            ],
            [
              76.68379211425793,
              17.986059188842887
            ],
            [
              76.6879272460938,
              17.975149154663143
            ],
            [
              76.687973022461,
              17.968950271606502
            ],
            [
              76.67843627929693,
              17.968570709228516
            ],
            [
              76.67247772216803,
              17.965459823608512
            ],
            [
              76.67436981201189,
              17.95144081115734
            ],
            [
              76.67575073242193,
              17.948049545288313
            ],
            [
              76.68032073974615,
              17.94479942321783
            ],
            [
              76.67453765869158,
              17.924451828003043
            ],
            [
              76.674057006836,
              17.920459747314453
            ],
            [
              76.6829605102539,
              17.91723060607916
            ],
            [
              76.7172164916995,
              17.915399551391715
            ],
            [
              76.72267913818365,
              17.916271209716797
            ],
            [
              76.72528839111345,
              17.912160873413086
            ],
            [
              76.73412322998053,
              17.909530639648438
            ],
            [
              76.73760986328153,
              17.902219772338867
            ],
            [
              76.7406768798831,
              17.898010253906364
            ],
            [
              76.73958587646501,
              17.892049789428825
            ],
            [
              76.73964691162115,
              17.88362121582037
            ],
            [
              76.73745727539062,
              17.85705947875988
            ],
            [
              76.74578857421886,
              17.85831069946289
            ],
            [
              76.7545623779298,
              17.856588363647404
            ],
            [
              76.75972747802763,
              17.852060317993278
            ],
            [
              76.7643432617187,
              17.849500656128043
            ],
            [
              76.76573944091797,
              17.850799560546932
            ],
            [
              76.77974700927763,
              17.836330413818303
            ],
            [
              76.78546905517607,
              17.83146286010765
            ],
            [
              76.78816986084013,
              17.82647132873541
            ],
            [
              76.7848129272461,
              17.819639205932617
            ],
            [
              76.78141784667974,
              17.815120697021598
            ],
            [
              76.7794799804688,
              17.810289382934684
            ],
            [
              76.77979278564447,
              17.805919647216854
            ],
            [
              76.77628326416021,
              17.799381256103516
            ],
            [
              76.77002716064482,
              17.79701995849615
            ],
            [
              76.76632690429693,
              17.79664993286127
            ],
            [
              76.76275634765636,
              17.787109375000057
            ],
            [
              76.74887847900419,
              17.786350250244084
            ],
            [
              76.74777221679705,
              17.783609390258903
            ],
            [
              76.74401092529303,
              17.783460617065487
            ],
            [
              76.74355316162104,
              17.78079032897955
            ],
            [
              76.73943328857428,
              17.779130935669002
            ],
            [
              76.72463226318388,
              17.785078048706055
            ],
            [
              76.71938323974626,
              17.78529930114746
            ],
            [
              76.71570587158197,
              17.781919479370345
            ],
            [
              76.71244812011747,
              17.775091171264762
            ],
            [
              76.71280670166044,
              17.771360397338867
            ],
            [
              76.71720123291044,
              17.76984977722168
            ],
            [
              76.72096252441412,
              17.767589569091854
            ],
            [
              76.71909332275419,
              17.76133155822754
            ],
            [
              76.7179718017581,
              17.74786949157709
            ],
            [
              76.72193145751959,
              17.74802970886242
            ],
            [
              76.7265014648438,
              17.740369796752987
            ],
            [
              76.72760772705084,
              17.736999511718864
            ],
            [
              76.70347595214872,
              17.7291202545166
            ],
            [
              76.69815063476557,
              17.726039886474723
            ],
            [
              76.70210266113293,
              17.72371101379406
            ],
            [
              76.70345306396513,
              17.718620300293026
            ],
            [
              76.70079803466825,
              17.70726966857916
            ],
            [
              76.69235992431646,
              17.70526123046875
            ],
            [
              76.6908721923831,
              17.701940536499023
            ],
            [
              76.6912231445313,
              17.69814109802246
            ],
            [
              76.69313049316412,
              17.693761825561523
            ],
            [
              76.69055175781267,
              17.679952621460075
            ],
            [
              76.6882629394533,
              17.678510665893555
            ],
            [
              76.67814636230469,
              17.687341690063477
            ],
            [
              76.671646118164,
              17.689140319824332
            ],
            [
              76.66313934326178,
              17.687860488891715
            ],
            [
              76.65983581542969,
              17.699190139770508
            ],
            [
              76.65812683105486,
              17.708530426025334
            ],
            [
              76.65521240234403,
              17.71640014648449
            ],
            [
              76.6508331298831,
              17.7208309173584
            ],
            [
              76.637435913086,
              17.72410964965826
            ],
            [
              76.63065338134766,
              17.729000091552734
            ],
            [
              76.62979888916021,
              17.741870880127067
            ],
            [
              76.62695312500011,
              17.755960464477653
            ],
            [
              76.6233673095706,
              17.75789070129389
            ],
            [
              76.61444854736345,
              17.76831245422369
            ],
            [
              76.60951232910173,
              17.765979766845703
            ],
            [
              76.60690307617193,
              17.759580612182674
            ],
            [
              76.60405731201178,
              17.755830764770508
            ],
            [
              76.59880065917969,
              17.72797012329113
            ],
            [
              76.59324645996088,
              17.71755981445324
            ],
            [
              76.58702850341803,
              17.707889556884822
            ],
            [
              76.57720947265653,
              17.703140258789062
            ],
            [
              76.57322692871088,
              17.702169418335018
            ],
            [
              76.56942749023438,
              17.703741073608455
            ],
            [
              76.56810760498064,
              17.739799499511776
            ],
            [
              76.56459045410168,
              17.753660202026367
            ],
            [
              76.56936645507841,
              17.756380081176758
            ],
            [
              76.5733032226563,
              17.760000228881893
            ],
            [
              76.56754302978533,
              17.76288986206049
            ],
            [
              76.5597763061524,
              17.763139724731673
            ],
            [
              76.53820800781256,
              17.758939743041935
            ],
            [
              76.53159332275402,
              17.758529663085994
            ],
            [
              76.52632141113281,
              17.759361267089787
            ],
            [
              76.52369689941406,
              17.75889015197754
            ],
            [
              76.52503967285162,
              17.734672546386946
            ],
            [
              76.52482604980486,
              17.72290992736822
            ],
            [
              76.52363586425776,
              17.715230941772575
            ],
            [
              76.51095581054693,
              17.715919494628906
            ],
            [
              76.49225616455084,
              17.714941024780273
            ],
            [
              76.48636627197271,
              17.713520050048828
            ],
            [
              76.48562622070324,
              17.69269943237299
            ],
            [
              76.48442840576178,
              17.68442916870123
            ],
            [
              76.48464965820318,
              17.669630050659293
            ],
            [
              76.4892959594726,
              17.660669326782227
            ],
            [
              76.45230102539057,
              17.65554809570324
            ],
            [
              76.45153808593744,
              17.651510238647575
            ],
            [
              76.44084930419916,
              17.649370193481445
            ],
            [
              76.44275665283197,
              17.64187049865734
            ],
            [
              76.43477630615251,
              17.644531249999943
            ],
            [
              76.42872619628912,
              17.644411087036133
            ],
            [
              76.42186737060553,
              17.64417266845703
            ],
            [
              76.41131591796892,
              17.646932601928825
            ],
            [
              76.40394592285162,
              17.65565109252941
            ],
            [
              76.38051605224615,
              17.65802955627447
            ],
            [
              76.37853240966814,
              17.666629791259766
            ],
            [
              76.37906646728516,
              17.677951812744197
            ],
            [
              76.37851715087908,
              17.6840496063233
            ],
            [
              76.36882781982428,
              17.682630538940373
            ],
            [
              76.36087036132818,
              17.6851806640625
            ],
            [
              76.3554077148437,
              17.694681167602596
            ],
            [
              76.339096069336,
              17.692501068115178
            ],
            [
              76.3228530883789,
              17.694490432739315
            ],
            [
              76.31864166259783,
              17.69559097290039
            ],
            [
              76.31562805175787,
              17.714090347290096
            ],
            [
              76.31153106689447,
              17.71530914306635
            ],
            [
              76.30625915527344,
              17.718179702758903
            ],
            [
              76.29866027832037,
              17.727621078491325
            ],
            [
              76.28939056396513,
              17.726581573486385
            ],
            [
              76.28189086914068,
              17.727552413940487
            ],
            [
              76.2709732055664,
              17.726110458374137
            ],
            [
              76.26329040527344,
              17.719301223754996
            ],
            [
              76.25637817382841,
              17.71537971496582
            ],
            [
              76.25092315673845,
              17.706350326538086
            ],
            [
              76.24709320068376,
              17.70482254028343
            ],
            [
              76.24044036865251,
              17.70375061035162
            ],
            [
              76.23924255371088,
              17.6965007781983
            ],
            [
              76.23114776611334,
              17.69602966308588
            ],
            [
              76.22563171386724,
              17.696601867675724
            ],
            [
              76.22203063964855,
              17.69495010375988
            ],
            [
              76.21975708007841,
              17.689140319824332
            ],
            [
              76.21713256835938,
              17.68803024292015
            ],
            [
              76.21192169189464,
              17.688489913940487
            ],
            [
              76.20004272460943,
              17.687059402465877
            ],
            [
              76.18965148925776,
              17.68099021911621
            ],
            [
              76.1763076782226,
              17.686140060424805
            ],
            [
              76.16629028320318,
              17.69148063659668
            ],
            [
              76.16616821289091,
              17.698640823364315
            ],
            [
              76.14955902099638,
              17.697652816772575
            ],
            [
              76.1472625732423,
              17.703821182251204
            ],
            [
              76.14494323730474,
              17.707321166992188
            ],
            [
              76.14981842041033,
              17.71685028076172
            ],
            [
              76.15998840332037,
              17.713340759277457
            ],
            [
              76.1663284301759,
              17.712650299072322
            ],
            [
              76.17344665527338,
              17.721429824829215
            ],
            [
              76.17546844482428,
              17.725290298461914
            ],
            [
              76.17611694335932,
              17.72973823547369
            ],
            [
              76.16190338134771,
              17.731420516967887
            ],
            [
              76.14994049072294,
              17.7314910888673
            ],
            [
              76.148178100586,
              17.7314910888673
            ],
            [
              76.14523315429688,
              17.742919921875114
            ],
            [
              76.14544677734392,
              17.752990722656307
            ],
            [
              76.13918304443365,
              17.75465011596691
            ],
            [
              76.13484191894537,
              17.757850646972656
            ],
            [
              76.13125610351591,
              17.762870788574276
            ],
            [
              76.12238311767595,
              17.767780303955135
            ],
            [
              76.12078857421903,
              17.76394081115734
            ],
            [
              76.11875152587908,
              17.761970520019588
            ],
            [
              76.1165161132813,
              17.76455116271967
            ],
            [
              76.11618041992216,
              17.767770767212028
            ],
            [
              76.11264801025408,
              17.765859603881836
            ],
            [
              76.10817718505888,
              17.762050628662166
            ],
            [
              76.10295104980474,
              17.75992965698248
            ],
            [
              76.10012054443365,
              17.76002120971674
            ],
            [
              76.10350799560547,
              17.766349792480526
            ],
            [
              76.10318756103521,
              17.771289825439396
            ],
            [
              76.09651947021496,
              17.777418136596793
            ],
            [
              76.08393859863293,
              17.774860382080192
            ],
            [
              76.06964111328153,
              17.768659591674748
            ],
            [
              76.056396484375,
              17.764110565185604
            ],
            [
              76.02789306640653,
              17.764711380004996
            ],
            [
              76.02179718017607,
              17.761520385742188
            ],
            [
              76.01573944091814,
              17.756940841675032
            ],
            [
              76.00940704345697,
              17.749349594116325
            ],
            [
              76.00662994384771,
              17.748920440673942
            ],
            [
              76.003471374512,
              17.752410888672102
            ],
            [
              76.00492095947271,
              17.768110275268555
            ],
            [
              76.00756072998064,
              17.78372955322277
            ],
            [
              76.01261901855497,
              17.786071777343693
            ],
            [
              76.00984191894548,
              17.801612854004134
            ],
            [
              76.01114654541016,
              17.805049896240178
            ],
            [
              76.01728057861345,
              17.813230514526424
            ],
            [
              76.0168762207033,
              17.82192039489746
            ],
            [
              76.0188064575197,
              17.82792091369629
            ],
            [
              76.01125335693365,
              17.829599380493107
            ],
            [
              76.00052642822271,
              17.835479736328125
            ],
            [
              75.9840469360351,
              17.840908050537053
            ],
            [
              75.97852325439453,
              17.841220855712947
            ],
            [
              75.97543334960966,
              17.837062835693473
            ],
            [
              75.97528839111328,
              17.831010818481502
            ],
            [
              75.9777603149414,
              17.82382965087885
            ],
            [
              75.97702026367205,
              17.818798065185547
            ],
            [
              75.96890258789068,
              17.817640304565543
            ],
            [
              75.96055603027372,
              17.829771041870174
            ],
            [
              75.95285797119146,
              17.836429595947493
            ],
            [
              75.94687652587908,
              17.843830108642578
            ],
            [
              75.9434814453125,
              17.84458160400402
            ],
            [
              75.94033813476591,
              17.850650787353516
            ],
            [
              75.93300628662115,
              17.849540710449332
            ],
            [
              75.93100738525419,
              17.84629058837902
            ],
            [
              75.92629241943376,
              17.83233070373535
            ],
            [
              75.920166015625,
              17.831241607666016
            ],
            [
              75.91129302978521,
              17.83376121520996
            ],
            [
              75.90077209472662,
              17.83784103393549
            ],
            [
              75.89013671875006,
              17.843709945678768
            ],
            [
              75.88153839111334,
              17.845859527587834
            ],
            [
              75.87709808349626,
              17.845001220703068
            ],
            [
              75.86583709716814,
              17.85466957092291
            ],
            [
              75.85893249511719,
              17.862859725952262
            ],
            [
              75.856986999512,
              17.87356948852539
            ],
            [
              75.84626770019537,
              17.890960693359318
            ],
            [
              75.84541320800798,
              17.900369644164982
            ],
            [
              75.8510131835938,
              17.912321090698242
            ],
            [
              75.85238647460949,
              17.918968200683707
            ],
            [
              75.85125732421903,
              17.922821044921818
            ],
            [
              75.84825134277344,
              17.9278507232666
            ],
            [
              75.84398651123058,
              17.92909049987793
            ],
            [
              75.83975219726568,
              17.9284610748291
            ],
            [
              75.83912658691423,
              17.938020706176815
            ],
            [
              75.84117126464872,
              17.95709037780773
            ],
            [
              75.84749603271484,
              17.977371215820256
            ],
            [
              75.84040069580107,
              17.97760009765625
            ],
            [
              75.84937286376982,
              17.99950027465843
            ],
            [
              75.85302734375,
              18.005580902099666
            ],
            [
              75.85836791992188,
              18.008880615234375
            ],
            [
              75.86532592773443,
              18.01136016845703
            ],
            [
              75.87056732177734,
              18.012359619140682
            ],
            [
              75.87758636474638,
              18.012279510498274
            ],
            [
              75.88401031494146,
              18.01024055480957
            ],
            [
              75.88719940185564,
              18.00744056701666
            ],
            [
              75.89177703857439,
              18.005729675293026
            ],
            [
              75.89708709716797,
              18.00638008117687
            ],
            [
              75.90074157714861,
              18.005741119384766
            ],
            [
              75.9079895019533,
              18.003160476684513
            ],
            [
              75.90889739990229,
              17.999349594116268
            ],
            [
              75.9114608764649,
              17.99748039245611
            ],
            [
              75.91082763671892,
              17.991411209106445
            ],
            [
              75.91174316406278,
              17.984170913696346
            ],
            [
              75.91359710693365,
              17.977411270141545
            ],
            [
              75.91905212402361,
              17.973199844360465
            ],
            [
              75.92787170410162,
              17.97195053100586
            ],
            [
              75.94129180908232,
              17.973949432373274
            ],
            [
              75.9533462524414,
              17.978120803833065
            ],
            [
              75.96164703369146,
              17.978710174560774
            ],
            [
              75.96701812744152,
              17.976011276245117
            ],
            [
              75.97206115722673,
              17.973659515380803
            ],
            [
              75.97632598876959,
              17.969650268554915
            ],
            [
              75.98432922363287,
              17.974029541015682
            ],
            [
              75.98612976074247,
              17.98405075073265
            ],
            [
              75.98619079589861,
              17.989101409912053
            ],
            [
              75.99167633056635,
              17.99067115783697
            ],
            [
              75.99703216552734,
              17.991569519043026
            ],
            [
              75.99887084960949,
              17.993499755859602
            ],
            [
              76.00045776367188,
              17.999071121216048
            ],
            [
              76.00226593017584,
              18.00250053405756
            ],
            [
              76.0039672851563,
              18.016040802001953
            ],
            [
              76.00769805908197,
              18.02373123168968
            ],
            [
              76.01422882080095,
              18.03298187255882
            ],
            [
              76.01661682128935,
              18.03862762451172
            ],
            [
              76.01241302490246,
              18.049198150634766
            ],
            [
              76.00405883789091,
              18.048139572143555
            ],
            [
              76.00186920166021,
              18.054210662841797
            ],
            [
              76.00048065185564,
              18.05430030822754
            ],
            [
              75.9985580444336,
              18.054529190063477
            ],
            [
              75.99651336669928,
              18.05596923828125
            ],
            [
              75.99488067626982,
              18.056921005249023
            ],
            [
              75.9923706054688,
              18.060840606689453
            ],
            [
              75.99182128906278,
              18.066780090332145
            ],
            [
              75.99337005615263,
              18.069789886474553
            ],
            [
              76.00048065185564,
              18.071521759033203
            ],
            [
              75.99989318847656,
              18.073238372802734
            ],
            [
              75.99906921386747,
              18.075229644775618
            ],
            [
              75.99759674072266,
              18.077341079712028
            ],
            [
              75.99697875976591,
              18.07965087890625
            ],
            [
              75.99643707275385,
              18.081979751586914
            ],
            [
              75.99598693847662,
              18.084270477294865
            ],
            [
              75.9955062866211,
              18.086490631103572
            ],
            [
              75.99500274658209,
              18.088649749755973
            ],
            [
              75.99437713623064,
              18.09070968627941
            ],
            [
              75.99337768554716,
              18.09284973144537
            ],
            [
              75.99180603027355,
              18.093769073486442
            ],
            [
              75.98983001708984,
              18.093170166015625
            ],
            [
              75.98771667480486,
              18.092369079589957
            ],
            [
              75.98561096191423,
              18.092060089111442
            ],
            [
              75.98351287841814,
              18.09175109863287
            ],
            [
              75.98134613037138,
              18.091440200805778
            ],
            [
              75.9791870117188,
              18.091110229492188
            ],
            [
              75.97702789306658,
              18.090780258178825
            ],
            [
              75.97486877441435,
              18.090440750122298
            ],
            [
              75.97270965576178,
              18.090099334717024
            ],
            [
              75.97056579589844,
              18.089761734008732
            ],
            [
              75.96843719482439,
              18.08945083618164
            ],
            [
              75.96633148193376,
              18.08916091918951
            ],
            [
              75.96425628662126,
              18.088911056518498
            ],
            [
              75.96224975585949,
              18.088880538940543
            ],
            [
              75.96096801757807,
              18.090560913085994
            ],
            [
              75.96084594726568,
              18.092420578002987
            ],
            [
              75.96063995361345,
              18.094301223754996
            ],
            [
              75.96009063720709,
              18.096149444580078
            ],
            [
              75.95938873291027,
              18.098011016845646
            ],
            [
              75.9585266113283,
              18.09972953796398
            ],
            [
              75.957328796387,
              18.10123252868658
            ],
            [
              75.95569610595709,
              18.102439880371207
            ],
            [
              75.95385742187511,
              18.10353088378912
            ],
            [
              75.95210266113287,
              18.10466957092285
            ],
            [
              75.95067596435547,
              18.106082916259766
            ],
            [
              75.94960784912115,
              18.107732772827262
            ],
            [
              75.9486160278322,
              18.109449386596793
            ],
            [
              75.94770812988287,
              18.111238479614315
            ],
            [
              75.94686126708984,
              18.11308097839367
            ],
            [
              75.94605255126982,
              18.11495018005394
            ],
            [
              75.94528961181669,
              18.116851806640625
            ],
            [
              75.94452667236357,
              18.118740081787166
            ],
            [
              75.9437789916995,
              18.120628356933594
            ],
            [
              75.94297027587896,
              18.122568130493107
            ],
            [
              75.94248962402361,
              18.12461090087885
            ],
            [
              75.94294738769537,
              18.126449584960994
            ],
            [
              75.94391632080084,
              18.12820053100586
            ],
            [
              75.94516754150408,
              18.129901885986328
            ],
            [
              75.94651031494158,
              18.131572723388615
            ],
            [
              75.94782257080078,
              18.133190155029354
            ],
            [
              75.94925689697271,
              18.134691238403548
            ],
            [
              75.95066833496088,
              18.136201858520565
            ],
            [
              75.95176696777372,
              18.13792991638178
            ],
            [
              75.95265197753912,
              18.139802932739258
            ],
            [
              75.953598022461,
              18.141611099243278
            ],
            [
              75.9549407958985,
              18.14319992065441
            ],
            [
              75.95643615722673,
              18.14468955993658
            ],
            [
              75.95736694335955,
              18.146440505981445
            ],
            [
              75.95759582519531,
              18.148492813110465
            ],
            [
              75.95803070068365,
              18.15051078796381
            ],
            [
              75.95877838134771,
              18.152421951294173
            ],
            [
              75.95957183837902,
              18.154340744018555
            ],
            [
              75.96034240722668,
              18.15625953674322
            ],
            [
              75.96099853515642,
              18.15818023681635
            ],
            [
              75.96106719970709,
              18.160190582275334
            ],
            [
              75.96042633056658,
              18.162170410156364
            ],
            [
              75.95973205566412,
              18.16414070129389
            ],
            [
              75.95902252197294,
              18.166101455688477
            ],
            [
              75.95819854736334,
              18.168010711669865
            ],
            [
              75.9572372436524,
              18.16982078552246
            ],
            [
              75.95588684082037,
              18.171300888061467
            ],
            [
              75.95401000976568,
              18.172430038452262
            ],
            [
              75.95262145996111,
              18.173931121826115
            ],
            [
              75.95153808593756,
              18.175680160522404
            ],
            [
              75.95059967041021,
              18.177551269531477
            ],
            [
              75.94975280761736,
              18.179460525512695
            ],
            [
              75.94896697998047,
              18.181381225585994
            ],
            [
              75.948539733887,
              18.18341064453125
            ],
            [
              75.94850158691412,
              18.18543815612793
            ],
            [
              75.94876861572266,
              18.187480926513672
            ],
            [
              75.94912719726591,
              18.189529418945312
            ],
            [
              75.9493408203125,
              18.19157028198265
            ],
            [
              75.94930267334013,
              18.193639755249023
            ],
            [
              75.94908142089855,
              18.19576072692871
            ],
            [
              75.94856262207026,
              18.19770050048828
            ],
            [
              75.947036743164,
              18.199029922485465
            ],
            [
              75.94534301757812,
              18.200300216674748
            ],
            [
              75.944076538086,
              18.20195960998535
            ],
            [
              75.9428787231447,
              18.20372009277355
            ],
            [
              75.94178771972662,
              18.205499649047965
            ],
            [
              75.94090270996122,
              18.207361221313704
            ],
            [
              75.9402694702149,
              18.20930290222168
            ],
            [
              75.93975830078153,
              18.211389541626033
            ],
            [
              75.93950653076178,
              18.213510513305778
            ],
            [
              75.93963623046892,
              18.21554946899414
            ],
            [
              75.94023132324236,
              18.21743011474615
            ],
            [
              75.94113159179682,
              18.219209671020565
            ],
            [
              75.94226074218778,
              18.220939636230412
            ],
            [
              75.94352722167974,
              18.222650527954215
            ],
            [
              75.94481658935547,
              18.224351882934627
            ],
            [
              75.94605255126982,
              18.226060867309627
            ],
            [
              75.94718170166027,
              18.227819442749023
            ],
            [
              75.94808959960943,
              18.229690551757926
            ],
            [
              75.94872283935575,
              18.231679916382063
            ],
            [
              75.94901275634766,
              18.233690261840877
            ],
            [
              75.9490585327149,
              18.235790252685547
            ],
            [
              75.94870758056652,
              18.237779617309513
            ],
            [
              75.94795989990263,
              18.23969268798828
            ],
            [
              75.94706726074236,
              18.241559982299805
            ],
            [
              75.94602966308605,
              18.2433700561524
            ],
            [
              75.94487762451178,
              18.24511909484886
            ],
            [
              75.94361877441406,
              18.24674034118675
            ],
            [
              75.9420776367187,
              18.248149871826172
            ],
            [
              75.94039154052751,
              18.249420166015625
            ],
            [
              75.93863677978544,
              18.250579833984432
            ],
            [
              75.93678283691423,
              18.251609802246207
            ],
            [
              75.93495178222662,
              18.252660751343
            ],
            [
              75.93327331542997,
              18.25387954711914
            ],
            [
              75.93167877197271,
              18.255268096923885
            ],
            [
              75.93017578125006,
              18.2567596435548
            ],
            [
              75.92885589599615,
              18.25834274291998
            ],
            [
              75.92798614501953,
              18.26011085510254
            ],
            [
              75.9281616210937,
              18.26219940185547
            ],
            [
              75.92867279052746,
              18.264181137084904
            ],
            [
              75.92933654785173,
              18.266141891479492
            ],
            [
              75.92996978759771,
              18.268100738525504
            ],
            [
              75.93038940429699,
              18.270050048828182
            ],
            [
              75.93047332763689,
              18.272012710571516
            ],
            [
              75.93020629882824,
              18.273960113525447
            ],
            [
              75.92974090576189,
              18.275920867920036
            ],
            [
              75.92916107177751,
              18.277868270874137
            ],
            [
              75.92855072021484,
              18.27981948852539
            ],
            [
              75.92798614501953,
              18.281770706176815
            ],
            [
              75.92755126953153,
              18.283729553222656
            ],
            [
              75.92768096923834,
              18.285730361938533
            ],
            [
              75.9280395507813,
              18.2877197265625
            ],
            [
              75.9271774291995,
              18.289470672607536
            ],
            [
              75.92626190185547,
              18.29129028320324
            ],
            [
              75.92566680908232,
              18.293251037597656
            ],
            [
              75.92527008056669,
              18.295232772827262
            ],
            [
              75.92511749267578,
              18.297241210937443
            ],
            [
              75.92508697509794,
              18.299280166626033
            ],
            [
              75.92508697509794,
              18.30169105529785
            ],
            [
              75.92095947265642,
              18.305099487304688
            ],
            [
              75.91815948486334,
              18.31002998352062
            ],
            [
              75.91234588623047,
              18.314649581909407
            ],
            [
              75.90896606445318,
              18.318460464477482
            ],
            [
              75.9053573608399,
              18.324390411377067
            ],
            [
              75.903060913086,
              18.33542060852045
            ],
            [
              75.89705657959013,
              18.3471298217774
            ],
            [
              75.88981628417963,
              18.35814094543457
            ],
            [
              75.88791656494135,
              18.363082885742188
            ],
            [
              75.8844985961914,
              18.365549087524528
            ],
            [
              75.87686157226562,
              18.36705017089838
            ],
            [
              75.87272644042974,
              18.36712074279785
            ],
            [
              75.86759948730474,
              18.36471939086914
            ],
            [
              75.85720825195307,
              18.363960266113395
            ],
            [
              75.85251617431646,
              18.364088058471793
            ],
            [
              75.8438796997072,
              18.366621017455998
            ],
            [
              75.83486938476591,
              18.373470306396484
            ],
            [
              75.83156585693365,
              18.376850128173942
            ],
            [
              75.8256225585938,
              18.380140304565543
            ],
            [
              75.81756591796892,
              18.382150650024357
            ],
            [
              75.80795288085966,
              18.383148193359432
            ],
            [
              75.80339050292997,
              18.382530212402344
            ],
            [
              75.79994201660185,
              18.383661270141715
            ],
            [
              75.7964172363283,
              18.391281127929688
            ],
            [
              75.78672027587896,
              18.394800186157227
            ],
            [
              75.7836532592774,
              18.404079437255916
            ],
            [
              75.77525329589844,
              18.41142082214367
            ],
            [
              75.77289581298822,
              18.415821075439453
            ],
            [
              75.77059173584013,
              18.42353057861328
            ],
            [
              75.77070617675787,
              18.43161964416504
            ],
            [
              75.7672958374024,
              18.437931060791016
            ],
            [
              75.7649765014649,
              18.43962287902832
            ],
            [
              75.75295257568365,
              18.435720443725586
            ],
            [
              75.74701690673845,
              18.434589385986385
            ],
            [
              75.74308013916021,
              18.435329437256087
            ],
            [
              75.72981262207031,
              18.433671951293945
            ],
            [
              75.72708129882841,
              18.429399490356502
            ],
            [
              75.7225494384765,
              18.415309906006087
            ],
            [
              75.72010803222673,
              18.41110992431635
            ],
            [
              75.71893310546875,
              18.406530380249023
            ],
            [
              75.71586608886713,
              18.402561187744254
            ],
            [
              75.71465301513678,
              18.398960113525504
            ],
            [
              75.71009826660168,
              18.395620346069336
            ],
            [
              75.71272277832037,
              18.392559051513672
            ],
            [
              75.71964263916044,
              18.390712738037166
            ],
            [
              75.72408294677734,
              18.390361785888786
            ],
            [
              75.72869873046892,
              18.388631820678768
            ],
            [
              75.72933959960943,
              18.38574981689453
            ],
            [
              75.73062896728521,
              18.378629684448185
            ],
            [
              75.73050689697277,
              18.367860794067326
            ],
            [
              75.73324584960938,
              18.360080718994084
            ],
            [
              75.73158264160162,
              18.35626029968273
            ],
            [
              75.72370910644531,
              18.348222732543945
            ],
            [
              75.72161102294922,
              18.342748641967887
            ],
            [
              75.72228240966803,
              18.34028053283697
            ],
            [
              75.72154998779325,
              18.337232589721623
            ],
            [
              75.71837615966814,
              18.338319778442383
            ],
            [
              75.70929718017584,
              18.339300155639762
            ],
            [
              75.70522308349626,
              18.338211059570426
            ],
            [
              75.70265960693371,
              18.335380554199162
            ],
            [
              75.70021820068388,
              18.329559326171932
            ],
            [
              75.69802856445318,
              18.326732635498047
            ],
            [
              75.69117736816412,
              18.32378005981451
            ],
            [
              75.6882400512697,
              18.32357978820812
            ],
            [
              75.68508148193365,
              18.324661254882926
            ],
            [
              75.67753601074213,
              18.3286590576173
            ],
            [
              75.66616821289068,
              18.329940795898494
            ],
            [
              75.65703582763678,
              18.332471847534123
            ],
            [
              75.65329742431669,
              18.330062866210938
            ],
            [
              75.65074920654303,
              18.325099945068416
            ],
            [
              75.64521789550787,
              18.31761169433605
            ],
            [
              75.6439590454101,
              18.31332969665533
            ],
            [
              75.63549804687506,
              18.304550170898438
            ],
            [
              75.63542175292986,
              18.301910400390852
            ],
            [
              75.63162994384766,
              18.294790267944393
            ],
            [
              75.6286010742188,
              18.28692054748541
            ],
            [
              75.62343597412115,
              18.281080245971907
            ],
            [
              75.62062835693365,
              18.27383995056158
            ],
            [
              75.62532043457048,
              18.269998550414982
            ],
            [
              75.62970733642595,
              18.268100738525504
            ],
            [
              75.6351928710937,
              18.263910293579045
            ],
            [
              75.63577270507812,
              18.25672912597662
            ],
            [
              75.634506225586,
              18.247352600097713
            ],
            [
              75.6317520141601,
              18.244689941406477
            ],
            [
              75.6268386840822,
              18.244010925292912
            ],
            [
              75.62032318115234,
              18.24511909484886
            ],
            [
              75.60708618164068,
              18.24346923828125
            ],
            [
              75.5986328125,
              18.24505043029785
            ],
            [
              75.58843994140653,
              18.245180130004996
            ],
            [
              75.57997894287115,
              18.242530822753906
            ],
            [
              75.5766677856447,
              18.239599227905273
            ],
            [
              75.57083892822271,
              18.22631072998047
            ],
            [
              75.56426239013689,
              18.207530975341797
            ],
            [
              75.56170654296886,
              18.204349517822493
            ],
            [
              75.55764770507818,
              18.2028484344483
            ],
            [
              75.55647277832048,
              18.20058250427269
            ],
            [
              75.55558776855474,
              18.196460723876953
            ],
            [
              75.55548095703125,
              18.186660766601562
            ],
            [
              75.55404663085943,
              18.176130294799805
            ],
            [
              75.5489120483399,
              18.16307258605957
            ],
            [
              75.55287933349615,
              18.149539947509766
            ],
            [
              75.55278015136747,
              18.144329071045036
            ],
            [
              75.54812622070318,
              18.140029907226676
            ],
            [
              75.54322052001982,
              18.138839721679915
            ],
            [
              75.5353393554688,
              18.133829116821232
            ],
            [
              75.52670288085955,
              18.137599945068587
            ],
            [
              75.52291870117193,
              18.141138076782227
            ],
            [
              75.51776885986334,
              18.1505508422851
            ],
            [
              75.51693725585932,
              18.15349006652832
            ],
            [
              75.51364135742199,
              18.15702056884777
            ],
            [
              75.51020812988293,
              18.158950805664006
            ],
            [
              75.50698089599638,
              18.160140991210938
            ],
            [
              75.50302124023438,
              18.15892028808605
            ],
            [
              75.4950790405274,
              18.15415191650402
            ],
            [
              75.49318695068365,
              18.155830383300838
            ],
            [
              75.49317932128912,
              18.173488616943473
            ],
            [
              75.48676300048857,
              18.17556953430187
            ],
            [
              75.48333740234403,
              18.174230575561523
            ],
            [
              75.47975158691406,
              18.174049377441406
            ],
            [
              75.47689056396484,
              18.175340652465877
            ],
            [
              75.47233581542986,
              18.17407989501953
            ],
            [
              75.47020721435541,
              18.172029495239258
            ],
            [
              75.46927642822283,
              18.16706085205101
            ],
            [
              75.46969604492188,
              18.161380767822266
            ],
            [
              75.46752929687494,
              18.16072273254389
            ],
            [
              75.46597290039091,
              18.16320037841797
            ],
            [
              75.45516204834001,
              18.17101287841797
            ],
            [
              75.44716644287126,
              18.174381256103572
            ],
            [
              75.43643188476591,
              18.174949645996207
            ],
            [
              75.43257141113293,
              18.177349090576115
            ],
            [
              75.43103027343756,
              18.18017959594738
            ],
            [
              75.43154907226562,
              18.18413162231468
            ],
            [
              75.4368896484375,
              18.19919013977062
            ],
            [
              75.43887329101574,
              18.20105934143089
            ],
            [
              75.44097900390653,
              18.207639694214095
            ],
            [
              75.43280029296903,
              18.21437072753929
            ],
            [
              75.43003082275396,
              18.219060897827205
            ],
            [
              75.43109893798822,
              18.224140167236328
            ],
            [
              75.43091583251947,
              18.229251861572266
            ],
            [
              75.43012237548857,
              18.233329772949162
            ],
            [
              75.42735290527344,
              18.237262725830078
            ],
            [
              75.42665100097662,
              18.240690231323356
            ],
            [
              75.43105316162121,
              18.24448966979992
            ],
            [
              75.43485260009771,
              18.253160476684627
            ],
            [
              75.43450927734403,
              18.26119041442871
            ],
            [
              75.43128204345732,
              18.263570785522575
            ],
            [
              75.3993759155274,
              18.264738082885856
            ],
            [
              75.40029907226568,
              18.279342651367188
            ],
            [
              75.4012222290039,
              18.283010482788143
            ],
            [
              75.40013885498053,
              18.28829002380371
            ],
            [
              75.40268707275385,
              18.29342079162609
            ],
            [
              75.40357208251959,
              18.297079086303768
            ],
            [
              75.40283203125028,
              18.30058097839367
            ],
            [
              75.39866638183622,
              18.304531097412223
            ],
            [
              75.39662170410173,
              18.307592391968
            ],
            [
              75.39868164062494,
              18.31147193908697
            ],
            [
              75.4067993164063,
              18.31675910949707
            ],
            [
              75.41002655029303,
              18.3236598968507
            ],
            [
              75.40876007080107,
              18.326368331909123
            ],
            [
              75.40405273437517,
              18.328781127929744
            ],
            [
              75.40130615234403,
              18.329380035400334
            ],
            [
              75.39208984375006,
              18.32850837707531
            ],
            [
              75.3897094726562,
              18.331050872802848
            ],
            [
              75.38790893554693,
              18.3365802764892
            ],
            [
              75.38269042968767,
              18.345462799072266
            ],
            [
              75.37858581542974,
              18.349809646606502
            ],
            [
              75.37032318115234,
              18.35432052612316
            ],
            [
              75.3660964965822,
              18.359401702880916
            ],
            [
              75.3651428222658,
              18.36589050292963
            ],
            [
              75.36284637451189,
              18.36969947814947
            ],
            [
              75.35520935058594,
              18.372421264648438
            ],
            [
              75.35005187988281,
              18.377410888671875
            ],
            [
              75.34665679931658,
              18.379278182983455
            ],
            [
              75.34236907959013,
              18.38046836853033
            ],
            [
              75.34046173095732,
              18.382730484008732
            ],
            [
              75.33676910400396,
              18.390230178833008
            ],
            [
              75.33033752441418,
              18.386972427368164
            ],
            [
              75.32556152343756,
              18.395219802856502
            ],
            [
              75.32151031494146,
              18.39640808105463
            ],
            [
              75.31935119628906,
              18.396261215210018
            ],
            [
              75.31417083740263,
              18.393449783325195
            ],
            [
              75.30948638916021,
              18.39190101623535
            ],
            [
              75.30634307861357,
              18.393079757690543
            ],
            [
              75.30391693115251,
              18.396770477294922
            ],
            [
              75.30310821533232,
              18.40022087097168
            ],
            [
              75.30155181884794,
              18.402130126953068
            ],
            [
              75.2933959960937,
              18.40473937988287
            ],
            [
              75.28927612304693,
              18.4064998626709
            ],
            [
              75.28808593750017,
              18.407720565796126
            ],
            [
              75.2882461547851,
              18.411449432373047
            ],
            [
              75.3043823242188,
              18.42904090881359
            ],
            [
              75.30651092529325,
              18.434169769287166
            ],
            [
              75.30264282226568,
              18.44218063354498
            ],
            [
              75.30262756347662,
              18.44728088378912
            ],
            [
              75.30158233642607,
              18.451820373535213
            ],
            [
              75.30168914794928,
              18.455600738525504
            ],
            [
              75.30310821533232,
              18.45978164672863
            ],
            [
              75.30319213867193,
              18.46430015563965
            ],
            [
              75.30481719970732,
              18.47277069091797
            ],
            [
              75.30570983886724,
              18.484970092773438
            ],
            [
              75.30261993408209,
              18.494569778442383
            ],
            [
              75.30229187011724,
              18.49811935424816
            ],
            [
              75.30383300781261,
              18.50304031372093
            ],
            [
              75.3118362426759,
              18.50868988037115
            ],
            [
              75.31391143798834,
              18.511140823364258
            ],
            [
              75.31472015380888,
              18.515541076660384
            ],
            [
              75.31709289550798,
              18.518381118774414
            ],
            [
              75.31980133056646,
              18.520750045776367
            ],
            [
              75.33815765380871,
              18.52474975585949
            ],
            [
              75.3380966186524,
              18.538440704345703
            ],
            [
              75.34591674804693,
              18.55326271057129
            ],
            [
              75.34844207763678,
              18.561540603637752
            ],
            [
              75.3651428222658,
              18.55488014221214
            ],
            [
              75.38278961181652,
              18.55085182189947
            ],
            [
              75.39650726318365,
              18.546100616455078
            ],
            [
              75.41732025146496,
              18.535768508911133
            ],
            [
              75.4214172363283,
              18.5329208374024
            ],
            [
              75.42487335205078,
              18.535110473632812
            ],
            [
              75.42913055419928,
              18.542810440063477
            ],
            [
              75.43319702148432,
              18.54729080200218
            ],
            [
              75.44164276123064,
              18.552181243896484
            ],
            [
              75.44676208496094,
              18.568281173706055
            ],
            [
              75.45466613769537,
              18.588600158691463
            ],
            [
              75.45828247070318,
              18.594749450683707
            ],
            [
              75.46479034423834,
              18.59364128112793
            ],
            [
              75.46743774414068,
              18.59992027282715
            ],
            [
              75.46790313720732,
              18.60386085510254
            ],
            [
              75.4700088500976,
              18.606647491455192
            ],
            [
              75.47554779052729,
              18.607730865478572
            ],
            [
              75.48401641845709,
              18.612159729003906
            ],
            [
              75.48948669433594,
              18.619499206543026
            ],
            [
              75.49048614501953,
              18.624002456664982
            ],
            [
              75.4930267333985,
              18.62603950500494
            ],
            [
              75.49855041503912,
              18.625522613525447
            ],
            [
              75.50966644287138,
              18.621660232544002
            ],
            [
              75.51161193847656,
              18.62491035461437
            ],
            [
              75.51824951171903,
              18.62826919555664
            ],
            [
              75.52780914306635,
              18.63841819763178
            ],
            [
              75.53347778320324,
              18.64056968688965
            ],
            [
              75.53965759277361,
              18.641651153564453
            ],
            [
              75.54396820068371,
              18.64101982116705
            ],
            [
              75.55002593994146,
              18.64158058166504
            ],
            [
              75.5532302856447,
              18.643880844116268
            ],
            [
              75.55599975585966,
              18.65307807922369
            ],
            [
              75.55581665039091,
              18.65583992004406
            ],
            [
              75.54612731933594,
              18.658769607543945
            ],
            [
              75.5458374023438,
              18.664159774780217
            ],
            [
              75.5465927124024,
              18.669649124145508
            ],
            [
              75.54798889160185,
              18.675769805908203
            ],
            [
              75.55056762695312,
              18.682270050048828
            ],
            [
              75.55417633056658,
              18.684120178222713
            ],
            [
              75.5587997436524,
              18.684871673584098
            ],
            [
              75.57897186279314,
              18.68554115295416
            ],
            [
              75.5906066894533,
              18.68763160705589
            ],
            [
              75.58914184570318,
              18.697000503540096
            ],
            [
              75.5941772460937,
              18.695949554443473
            ],
            [
              75.60338592529314,
              18.692459106445312
            ],
            [
              75.610092163086,
              18.686130523681697
            ],
            [
              75.61313629150396,
              18.681640625000057
            ],
            [
              75.61620330810553,
              18.672340393066463
            ],
            [
              75.61664581298857,
              18.668710708618164
            ],
            [
              75.62285614013672,
              18.66115760803234
            ],
            [
              75.63965606689459,
              18.65367126464855
            ],
            [
              75.64892578124994,
              18.648220062255916
            ]
          ]
        ]
      }
    },
    {
      "type": "Feature",
      "properties": {
        "ID_0": 105,
        "ISO": "IND",
        "NAME_0": "India",
        "ID_1": 21,
        "NAME_1": "Maharashtra",
        "ID_2": 328,
        "NAME_2": "Parbhani",
        "NL_NAME_2": null,
        "VARNAME_2": null,
        "TYPE_2": "District",
        "ENGTYPE_2": "District",
        "district_name": "PARBHANI",
        "shapeName": "PARBHANI"
      },
      "geometry": {
        "type": "Polygon",
        "coordinates": [
          [
            [
              76.6444931030274,
              19.866699218750227
            ],
            [
              76.64563751220709,
              19.86634826660162
            ],
            [
              76.64673614501959,
              19.866441726684684
            ],
            [
              76.64836883544916,
              19.862680435180664
            ],
            [
              76.65318298339861,
              19.856599807739258
            ],
            [
              76.66201019287115,
              19.850500106811637
            ],
            [
              76.67724609375006,
              19.846839904785213
            ],
            [
              76.67526245117182,
              19.83896064758312
            ],
            [
              76.67916870117193,
              19.84106063842779
            ],
            [
              76.68250274658232,
              19.841230392456055
            ],
            [
              76.69476318359392,
              19.839971542358455
            ],
            [
              76.70468139648455,
              19.836540222168026
            ],
            [
              76.70043182373075,
              19.820339202880803
            ],
            [
              76.69738769531244,
              19.819660186767635
            ],
            [
              76.70089721679693,
              19.80677032470703
            ],
            [
              76.69625854492188,
              19.799350738525504
            ],
            [
              76.69204711914057,
              19.79492950439453
            ],
            [
              76.68612670898466,
              19.781730651855412
            ],
            [
              76.68813323974615,
              19.777561187744197
            ],
            [
              76.69171905517595,
              19.775230407714787
            ],
            [
              76.70140838623047,
              19.764921188354492
            ],
            [
              76.70398712158209,
              19.768600463867188
            ],
            [
              76.70717620849626,
              19.77082252502447
            ],
            [
              76.71285247802734,
              19.771270751953125
            ],
            [
              76.71575164794939,
              19.767932891845703
            ],
            [
              76.72460174560553,
              19.744150161743278
            ],
            [
              76.72702789306646,
              19.739330291748047
            ],
            [
              76.73252868652361,
              19.733869552612305
            ],
            [
              76.73754882812506,
              19.731121063232422
            ],
            [
              76.73232269287126,
              19.71705818176281
            ],
            [
              76.73387145996111,
              19.712261199951172
            ],
            [
              76.73684692382841,
              19.711570739746094
            ],
            [
              76.74121856689482,
              19.71209144592291
            ],
            [
              76.74433135986328,
              19.71046066284191
            ],
            [
              76.74756622314453,
              19.706558227539176
            ],
            [
              76.75054931640636,
              19.693981170654354
            ],
            [
              76.75370788574236,
              19.689260482788143
            ],
            [
              76.7584533691408,
              19.68495941162115
            ],
            [
              76.7628479003908,
              19.684690475464095
            ],
            [
              76.7682495117188,
              19.688360214233512
            ],
            [
              76.77112579345709,
              19.693059921264705
            ],
            [
              76.77191162109386,
              19.697578430175895
            ],
            [
              76.77037811279303,
              19.7042694091798
            ],
            [
              76.76844787597662,
              19.707529067993278
            ],
            [
              76.76640319824247,
              19.71544075012207
            ],
            [
              76.77024841308588,
              19.720052719116325
            ],
            [
              76.7739868164063,
              19.72748756408697
            ],
            [
              76.77957916259794,
              19.73093032836914
            ],
            [
              76.78383636474626,
              19.729101181030273
            ],
            [
              76.78839111328125,
              19.722761154174805
            ],
            [
              76.78898620605486,
              19.719181060791072
            ],
            [
              76.78553771972673,
              19.711692810058707
            ],
            [
              76.78295135498053,
              19.701168060302734
            ],
            [
              76.78598022460943,
              19.688360214233512
            ],
            [
              76.78486633300787,
              19.67713928222662
            ],
            [
              76.7867889404298,
              19.67128944396984
            ],
            [
              76.79277038574219,
              19.669269561767692
            ],
            [
              76.79828643798822,
              19.67189979553217
            ],
            [
              76.80771636962896,
              19.682020187378157
            ],
            [
              76.81134796142584,
              19.679761886596737
            ],
            [
              76.81611633300787,
              19.66909027099615
            ],
            [
              76.81784057617193,
              19.667499542236385
            ],
            [
              76.8244400024414,
              19.67280006408697
            ],
            [
              76.82549285888678,
              19.67685127258312
            ],
            [
              76.82546997070318,
              19.681510925293026
            ],
            [
              76.8130493164063,
              19.695789337158146
            ],
            [
              76.81429290771513,
              19.701789855957145
            ],
            [
              76.81700134277344,
              19.70471954345703
            ],
            [
              76.82888031005865,
              19.70238113403343
            ],
            [
              76.83315277099638,
              19.700849533081055
            ],
            [
              76.83937072753912,
              19.70140075683605
            ],
            [
              76.84203338623047,
              19.70322990417492
            ],
            [
              76.84918212890653,
              19.704780578613338
            ],
            [
              76.8517684936524,
              19.701570510864485
            ],
            [
              76.85578155517584,
              19.688800811767578
            ],
            [
              76.86281585693376,
              19.67456817626953
            ],
            [
              76.86239624023438,
              19.670379638671875
            ],
            [
              76.85668182373064,
              19.665929794311523
            ],
            [
              76.85338592529325,
              19.662208557128963
            ],
            [
              76.85141754150396,
              19.652669906616268
            ],
            [
              76.85220336914068,
              19.648069381714095
            ],
            [
              76.85540008544928,
              19.645460128784293
            ],
            [
              76.86038970947271,
              19.644601821899528
            ],
            [
              76.86508941650408,
              19.645179748535156
            ],
            [
              76.87390899658209,
              19.64250946044922
            ],
            [
              76.873062133789,
              19.6371307373048
            ],
            [
              76.86778259277344,
              19.62668991088873
            ],
            [
              76.86664581298834,
              19.621839523315373
            ],
            [
              76.86940765380888,
              19.618679046630916
            ],
            [
              76.87465667724615,
              19.61925125122076
            ],
            [
              76.87915039062528,
              19.621440887451172
            ],
            [
              76.88240814208979,
              19.62405967712408
            ],
            [
              76.89366149902338,
              19.636840820312557
            ],
            [
              76.89665985107433,
              19.641180038452205
            ],
            [
              76.90145111084013,
              19.644237518310604
            ],
            [
              76.90638732910168,
              19.643320083618164
            ],
            [
              76.91120910644526,
              19.640380859374943
            ],
            [
              76.91390228271501,
              19.63643074035639
            ],
            [
              76.91388702392578,
              19.630910873413313
            ],
            [
              76.91062164306669,
              19.625471115112248
            ],
            [
              76.91153717041027,
              19.62115097045904
            ],
            [
              76.91790008544922,
              19.61611938476574
            ],
            [
              76.92418670654297,
              19.616380691528434
            ],
            [
              76.93644714355469,
              19.623910903930664
            ],
            [
              76.94078063964844,
              19.622480392456055
            ],
            [
              76.94265747070341,
              19.61370849609375
            ],
            [
              76.94300842285168,
              19.597520828247013
            ],
            [
              76.95384979248053,
              19.592950820922795
            ],
            [
              76.95958709716803,
              19.583749771118278
            ],
            [
              76.9597778320313,
              19.580930709839095
            ],
            [
              76.9517211914063,
              19.57837104797369
            ],
            [
              76.94947052001959,
              19.574459075927848
            ],
            [
              76.95175170898443,
              19.57152938842779
            ],
            [
              76.96124267578125,
              19.563898086547965
            ],
            [
              76.96501922607439,
              19.557500839233455
            ],
            [
              76.96724700927763,
              19.545440673828125
            ],
            [
              76.96615600585938,
              19.537839889526424
            ],
            [
              76.96282196044928,
              19.527360916137695
            ],
            [
              76.96592712402372,
              19.523321151733455
            ],
            [
              76.95742797851562,
              19.51387023925787
            ],
            [
              76.95755004882807,
              19.511520385742188
            ],
            [
              76.97339630126953,
              19.50747108459484
            ],
            [
              76.97541046142584,
              19.505350112915153
            ],
            [
              76.97564697265653,
              19.50081825256342
            ],
            [
              76.97753906250028,
              19.493312835693416
            ],
            [
              76.9775009155274,
              19.4872207641601
            ],
            [
              76.98580169677734,
              19.490989685058707
            ],
            [
              76.98439788818371,
              19.475240707397518
            ],
            [
              76.97895050048845,
              19.476970672607536
            ],
            [
              76.97062683105474,
              19.475111007690543
            ],
            [
              76.96623229980474,
              19.475902557373047
            ],
            [
              76.962631225586,
              19.477581024170036
            ],
            [
              76.96150207519543,
              19.4805908203125
            ],
            [
              76.95964050292997,
              19.482532501220817
            ],
            [
              76.95741271972673,
              19.48355865478527
            ],
            [
              76.95358276367205,
              19.4876708984375
            ],
            [
              76.95101165771496,
              19.488880157470703
            ],
            [
              76.94696807861334,
              19.478759765625057
            ],
            [
              76.93495941162115,
              19.466859817504826
            ],
            [
              76.93289184570324,
              19.463581085205305
            ],
            [
              76.93190765380865,
              19.457639694213867
            ],
            [
              76.92816925048857,
              19.450950622558707
            ],
            [
              76.92350006103521,
              19.449909210205192
            ],
            [
              76.91931915283209,
              19.446269989013786
            ],
            [
              76.92061614990234,
              19.440740585327376
            ],
            [
              76.92471313476591,
              19.432720184326286
            ],
            [
              76.92343902587908,
              19.429580688476676
            ],
            [
              76.92088317871105,
              19.42638015747076
            ],
            [
              76.91918182373075,
              19.421190261841048
            ],
            [
              76.92030334472668,
              19.417490005493164
            ],
            [
              76.91802978515653,
              19.413301467895508
            ],
            [
              76.90908050537138,
              19.40259170532238
            ],
            [
              76.90479278564459,
              19.39495086669922
            ],
            [
              76.90215301513678,
              19.388000488281364
            ],
            [
              76.89792633056646,
              19.382869720458984
            ],
            [
              76.89534759521513,
              19.38087081909191
            ],
            [
              76.89388275146501,
              19.378370285034407
            ],
            [
              76.89289855957026,
              19.369729995727653
            ],
            [
              76.8933715820313,
              19.36655998229986
            ],
            [
              76.88986968994158,
              19.35618972778326
            ],
            [
              76.88992309570318,
              19.348550796508846
            ],
            [
              76.89171600341825,
              19.34540939331049
            ],
            [
              76.89865875244158,
              19.338130950927848
            ],
            [
              76.8997802734375,
              19.332080841064453
            ],
            [
              76.89971923828153,
              19.324100494384766
            ],
            [
              76.89853668212896,
              19.320220947265682
            ],
            [
              76.89441680908197,
              19.314519882202262
            ],
            [
              76.89108276367193,
              19.311321258544922
            ],
            [
              76.89198303222673,
              19.308450698852596
            ],
            [
              76.89499664306635,
              19.306240081787166
            ],
            [
              76.90033721923822,
              19.299802780151424
            ],
            [
              76.90088653564482,
              19.297491073608455
            ],
            [
              76.91542816162126,
              19.29755020141596
            ],
            [
              76.93023681640653,
              19.296569824218807
            ],
            [
              76.9273529052735,
              19.290849685668945
            ],
            [
              76.9303817749024,
              19.290201187133903
            ],
            [
              76.92724609375,
              19.282920837402457
            ],
            [
              76.92668914794939,
              19.276500701904354
            ],
            [
              76.92487335205084,
              19.271030426025334
            ],
            [
              76.92098999023455,
              19.2633113861084
            ],
            [
              76.91948699951178,
              19.25572013854986
            ],
            [
              76.924301147461,
              19.247400283813477
            ],
            [
              76.92755126953136,
              19.247089385986385
            ],
            [
              76.93048095703125,
              19.25086021423334
            ],
            [
              76.93100738525419,
              19.253208160400618
            ],
            [
              76.93422698974621,
              19.254230499267692
            ],
            [
              76.93766021728527,
              19.254030227661133
            ],
            [
              76.94393920898443,
              19.25130271911621
            ],
            [
              76.94827270507812,
              19.248500823974723
            ],
            [
              76.95469665527338,
              19.24806022644043
            ],
            [
              76.9533996582033,
              19.253778457641715
            ],
            [
              76.96745300292997,
              19.253559112548885
            ],
            [
              76.96967315673834,
              19.252519607543945
            ],
            [
              76.96779632568371,
              19.267730712890625
            ],
            [
              76.96820068359403,
              19.27662086486839
            ],
            [
              76.97421264648438,
              19.275619506836165
            ],
            [
              76.985336303711,
              19.276000976562727
            ],
            [
              76.98703765869146,
              19.280370712280387
            ],
            [
              76.99035644531244,
              19.284410476684627
            ],
            [
              76.99191284179705,
              19.284219741821346
            ],
            [
              76.99540710449224,
              19.281551361083984
            ],
            [
              76.99794006347668,
              19.281579971313704
            ],
            [
              77.01969909667997,
              19.282249450683594
            ],
            [
              77.0197830200197,
              19.274250030517692
            ],
            [
              77.00937652587902,
              19.273048400878906
            ],
            [
              77.00846862792997,
              19.27099990844738
            ],
            [
              77.00952148437506,
              19.258539199829215
            ],
            [
              77.01120758056658,
              19.25138282775879
            ],
            [
              77.0169525146485,
              19.25043106079096
            ],
            [
              77.0204620361331,
              19.24723052978527
            ],
            [
              77.02407836914091,
              19.245519638061467
            ],
            [
              77.03462219238281,
              19.243610382080078
            ],
            [
              77.03807830810564,
              19.243690490722656
            ],
            [
              77.04704284667986,
              19.24739074707054
            ],
            [
              77.04708862304693,
              19.236070632934513
            ],
            [
              77.0476379394533,
              19.232719421386776
            ],
            [
              77.0492401123048,
              19.230091094970703
            ],
            [
              77.04644012451166,
              19.22385978698736
            ],
            [
              77.04454803466797,
              19.22161293029785
            ],
            [
              77.03907012939459,
              19.21804809570324
            ],
            [
              77.03637695312517,
              19.209161758422965
            ],
            [
              77.03592681884794,
              19.201021194458008
            ],
            [
              77.05362701416027,
              19.19565010070795
            ],
            [
              77.06079101562517,
              19.191221237182617
            ],
            [
              77.06835174560575,
              19.1926212310791
            ],
            [
              77.07361602783209,
              19.189460754394645
            ],
            [
              77.07544708251953,
              19.18676948547369
            ],
            [
              77.07692718505888,
              19.182340621948356
            ],
            [
              77.08307647705078,
              19.18221092224121
            ],
            [
              77.08258819580084,
              19.175199508666992
            ],
            [
              77.08651733398455,
              19.175720214843864
            ],
            [
              77.08603668212896,
              19.171880722046012
            ],
            [
              77.0977859497072,
              19.17237091064453
            ],
            [
              77.09255981445341,
              19.156209945678825
            ],
            [
              77.09610748291021,
              19.15547180175787
            ],
            [
              77.11141967773449,
              19.15628814697277
            ],
            [
              77.11176300048834,
              19.15212059020996
            ],
            [
              77.11823272705084,
              19.149330139160213
            ],
            [
              77.1093215942384,
              19.146230697631893
            ],
            [
              77.09525299072294,
              19.144599914550838
            ],
            [
              77.09115600585943,
              19.13555908203125
            ],
            [
              77.09761047363298,
              19.130178451538086
            ],
            [
              77.09937286376959,
              19.127130508422965
            ],
            [
              77.10180664062517,
              19.121721267700252
            ],
            [
              77.10286712646513,
              19.116741180419922
            ],
            [
              77.10267639160185,
              19.113002777099666
            ],
            [
              77.09892272949236,
              19.106729507446403
            ],
            [
              77.08262634277355,
              19.10724067688011
            ],
            [
              77.08123016357428,
              19.099941253662053
            ],
            [
              77.07655334472685,
              19.0922794342041
            ],
            [
              77.0745468139649,
              19.08373069763195
            ],
            [
              77.06893157959013,
              19.079500198364258
            ],
            [
              77.06564331054699,
              19.07563972473156
            ],
            [
              77.06047058105474,
              19.06697082519537
            ],
            [
              77.06001281738298,
              19.05836105346674
            ],
            [
              77.0642700195313,
              19.047359466552734
            ],
            [
              77.06503295898443,
              19.041469573974666
            ],
            [
              77.0633392333985,
              19.028530120849666
            ],
            [
              77.04242706298822,
              19.029609680175895
            ],
            [
              77.04010772705107,
              19.015951156616268
            ],
            [
              77.04090118408197,
              19.0106201171875
            ],
            [
              77.04064178466803,
              19.0026798248291
            ],
            [
              77.0490112304688,
              18.999370574951286
            ],
            [
              77.05316925048845,
              18.994880676269588
            ],
            [
              77.05253601074213,
              18.987649917602766
            ],
            [
              77.0369033813476,
              18.971021652221793
            ],
            [
              77.03280639648443,
              18.96393966674799
            ],
            [
              77.02999877929716,
              18.95162963867199
            ],
            [
              77.02717590332026,
              18.951789855957145
            ],
            [
              77.02407073974621,
              18.938949584960994
            ],
            [
              77.02078247070318,
              18.938810348510685
            ],
            [
              77.01843261718767,
              18.933639526367244
            ],
            [
              77.00805664062528,
              18.93136978149414
            ],
            [
              77.00221252441423,
              18.92895126342796
            ],
            [
              76.99791717529303,
              18.931039810180778
            ],
            [
              76.99135589599626,
              18.9357204437257
            ],
            [
              76.9861831665039,
              18.921730041503906
            ],
            [
              76.98462677001982,
              18.914871215820312
            ],
            [
              76.98243713378912,
              18.913469314575252
            ],
            [
              76.97515106201189,
              18.914480209350643
            ],
            [
              76.97381591796892,
              18.92237091064476
            ],
            [
              76.97106933593778,
              18.926881790161246
            ],
            [
              76.96257019042986,
              18.931470870971737
            ],
            [
              76.9598617553711,
              18.931739807128963
            ],
            [
              76.95400238037115,
              18.92661285400402
            ],
            [
              76.9503479003908,
              18.921550750732536
            ],
            [
              76.94890594482428,
              18.913299560546818
            ],
            [
              76.94902801513689,
              18.9061794281007
            ],
            [
              76.93792724609375,
              18.902889251709098
            ],
            [
              76.93202972412126,
              18.89976119995123
            ],
            [
              76.93360900878912,
              18.895778656005916
            ],
            [
              76.95112609863298,
              18.89105987548828
            ],
            [
              76.95603179931635,
              18.889102935791072
            ],
            [
              76.95424652099615,
              18.880109786987305
            ],
            [
              76.9551086425783,
              18.873790740966797
            ],
            [
              76.97670745849615,
              18.877559661865234
            ],
            [
              76.99236297607428,
              18.878719329833984
            ],
            [
              76.99791717529303,
              18.879901885986328
            ],
            [
              77.00106811523455,
              18.877910614013786
            ],
            [
              77.01065063476568,
              18.87729072570812
            ],
            [
              77.01452636718761,
              18.861360549926815
            ],
            [
              77.01685333251982,
              18.84231185913086
            ],
            [
              77.00765991210949,
              18.839321136474666
            ],
            [
              76.9979095458985,
              18.83170127868658
            ],
            [
              76.99581909179693,
              18.830129623413086
            ],
            [
              76.99323272705078,
              18.82670974731451
            ],
            [
              76.9614868164063,
              18.82969093322754
            ],
            [
              76.95340728759783,
              18.831979751586914
            ],
            [
              76.93942260742216,
              18.832059860229492
            ],
            [
              76.90522003173834,
              18.835350036621094
            ],
            [
              76.88327789306646,
              18.834209442138786
            ],
            [
              76.88255310058622,
              18.82974243164074
            ],
            [
              76.8797683715822,
              18.82806015014671
            ],
            [
              76.87077331542963,
              18.827720642089844
            ],
            [
              76.86425781250028,
              18.8192596435548
            ],
            [
              76.85816192626982,
              18.819112777710018
            ],
            [
              76.85468292236334,
              18.812850952148438
            ],
            [
              76.8523559570313,
              18.806110382080135
            ],
            [
              76.84291076660185,
              18.811519622802848
            ],
            [
              76.83737945556669,
              18.81314086914074
            ],
            [
              76.83027648925793,
              18.810882568359318
            ],
            [
              76.82419586181669,
              18.807800292968864
            ],
            [
              76.81704711914062,
              18.802040100097713
            ],
            [
              76.81476593017584,
              18.79886054992687
            ],
            [
              76.79947662353533,
              18.79883003234886
            ],
            [
              76.78935241699236,
              18.796039581298885
            ],
            [
              76.78248596191423,
              18.792911529541016
            ],
            [
              76.78190612792969,
              18.77955055236822
            ],
            [
              76.78015899658232,
              18.776010513305778
            ],
            [
              76.77258300781267,
              18.77392959594738
            ],
            [
              76.76555633544928,
              18.77378273010254
            ],
            [
              76.76040649414068,
              18.772481918335075
            ],
            [
              76.75158691406267,
              18.771739959716797
            ],
            [
              76.7440032958985,
              18.77359962463379
            ],
            [
              76.73797607421903,
              18.759401321411246
            ],
            [
              76.73451232910162,
              18.753990173339957
            ],
            [
              76.72917938232428,
              18.749361038208008
            ],
            [
              76.72561645507807,
              18.74869918823248
            ],
            [
              76.71953582763672,
              18.748950958252067
            ],
            [
              76.70810699462908,
              18.75197029113781
            ],
            [
              76.7006912231447,
              18.756071090698356
            ],
            [
              76.69610595703142,
              18.753150939941406
            ],
            [
              76.68807983398455,
              18.752849578857422
            ],
            [
              76.68051910400396,
              18.756320953369197
            ],
            [
              76.67460632324224,
              18.760761260986442
            ],
            [
              76.67433166503906,
              18.76720046997076
            ],
            [
              76.68139648437517,
              18.779211044311523
            ],
            [
              76.67595672607428,
              18.786680221557617
            ],
            [
              76.67457580566412,
              18.794900894164982
            ],
            [
              76.66954040527338,
              18.805810928344727
            ],
            [
              76.67225646972673,
              18.809911727905273
            ],
            [
              76.66803741455078,
              18.81455039978033
            ],
            [
              76.66604614257818,
              18.81859016418457
            ],
            [
              76.65365600585949,
              18.819839477539006
            ],
            [
              76.64685821533203,
              18.82147026062023
            ],
            [
              76.6421966552735,
              18.841440200805607
            ],
            [
              76.64231872558611,
              18.846200942993278
            ],
            [
              76.63553619384777,
              18.84552955627447
            ],
            [
              76.63115692138683,
              18.84806060791027
            ],
            [
              76.62681579589838,
              18.85333061218273
            ],
            [
              76.62312316894537,
              18.86053848266613
            ],
            [
              76.62177276611334,
              18.86870193481451
            ],
            [
              76.60766601562506,
              18.867679595947266
            ],
            [
              76.59171295166044,
              18.869699478149414
            ],
            [
              76.58703613281256,
              18.873830795288086
            ],
            [
              76.58349609375028,
              18.88231086730957
            ],
            [
              76.58560943603544,
              18.88698005676281
            ],
            [
              76.58759307861328,
              18.917320251464787
            ],
            [
              76.58286285400396,
              18.944562911987305
            ],
            [
              76.57758331298857,
              18.946699142456055
            ],
            [
              76.56593322753935,
              18.947519302368164
            ],
            [
              76.55211639404297,
              18.94991111755371
            ],
            [
              76.53865814209013,
              18.94921112060547
            ],
            [
              76.53428649902372,
              18.932279586792106
            ],
            [
              76.53298187255854,
              18.923170089721623
            ],
            [
              76.53586578369158,
              18.91699981689453
            ],
            [
              76.52868652343756,
              18.91649818420416
            ],
            [
              76.52189636230497,
              18.916980743408317
            ],
            [
              76.51358795166016,
              18.921318054199162
            ],
            [
              76.50959014892584,
              18.927049636840934
            ],
            [
              76.50461578369158,
              18.94231033325218
            ],
            [
              76.50023651123047,
              18.950849533081055
            ],
            [
              76.4868392944336,
              18.95352935791027
            ],
            [
              76.47801971435575,
              18.956260681152344
            ],
            [
              76.4791870117187,
              18.974330902099666
            ],
            [
              76.4782028198245,
              18.975032806396484
            ],
            [
              76.47458648681669,
              18.974149703979492
            ],
            [
              76.47115325927763,
              18.976249694824162
            ],
            [
              76.47032928466803,
              18.98164939880394
            ],
            [
              76.47281646728521,
              18.98356819152832
            ],
            [
              76.47268676757841,
              18.98521041870123
            ],
            [
              76.47257995605469,
              18.98685073852539
            ],
            [
              76.47660064697271,
              18.988740921020508
            ],
            [
              76.47821044921903,
              18.990499496459904
            ],
            [
              76.47812652587896,
              19.00056076049799
            ],
            [
              76.47338104248053,
              19.002470016479606
            ],
            [
              76.4630203247072,
              19.00491905212425
            ],
            [
              76.45951843261747,
              19.006710052490234
            ],
            [
              76.45894622802763,
              19.009029388427734
            ],
            [
              76.45556640625017,
              19.00753974914562
            ],
            [
              76.45532989501982,
              19.019710540771484
            ],
            [
              76.45308685302751,
              19.022569656372127
            ],
            [
              76.45018768310575,
              19.023000717163086
            ],
            [
              76.44889831542986,
              19.02318191528343
            ],
            [
              76.44729614257841,
              19.026781082153377
            ],
            [
              76.44863128662138,
              19.033349990844727
            ],
            [
              76.44631958007818,
              19.0351181030274
            ],
            [
              76.44349670410185,
              19.035459518432674
            ],
            [
              76.44143676757812,
              19.03815078735346
            ],
            [
              76.44071960449236,
              19.04080009460455
            ],
            [
              76.44050598144548,
              19.04442024230957
            ],
            [
              76.44700622558611,
              19.05024909973156
            ],
            [
              76.45105743408209,
              19.05097007751459
            ],
            [
              76.43692016601568,
              19.066080093383903
            ],
            [
              76.43508911132841,
              19.071451187133903
            ],
            [
              76.43522644042974,
              19.074729919433594
            ],
            [
              76.43797302246122,
              19.08419990539562
            ],
            [
              76.43840026855486,
              19.08815002441412
            ],
            [
              76.43778228759794,
              19.092630386352653
            ],
            [
              76.4371871948245,
              19.094070434570426
            ],
            [
              76.43651580810564,
              19.095651626587028
            ],
            [
              76.43193054199236,
              19.098632812500057
            ],
            [
              76.4287719726563,
              19.099140167236442
            ],
            [
              76.42395019531256,
              19.09659957885748
            ],
            [
              76.4189529418947,
              19.09148025512701
            ],
            [
              76.4111404418947,
              19.092500686645508
            ],
            [
              76.39956665039068,
              19.106279373169002
            ],
            [
              76.39637756347685,
              19.108642578125
            ],
            [
              76.39354705810541,
              19.111970901489258
            ],
            [
              76.3922958374024,
              19.115560531616268
            ],
            [
              76.38997650146501,
              19.123300552368278
            ],
            [
              76.38642120361334,
              19.125780105590934
            ],
            [
              76.38321685791044,
              19.129230499267805
            ],
            [
              76.37773895263672,
              19.13112068176281
            ],
            [
              76.37201690673828,
              19.128080368041992
            ],
            [
              76.3678817749024,
              19.123821258544922
            ],
            [
              76.36170959472656,
              19.114229202270508
            ],
            [
              76.35983276367205,
              19.10979080200201
            ],
            [
              76.35473632812506,
              19.102649688720703
            ],
            [
              76.34953308105486,
              19.10075950622553
            ],
            [
              76.34256744384777,
              19.09963035583496
            ],
            [
              76.33685302734386,
              19.10037994384777
            ],
            [
              76.32736968994135,
              19.10412979125971
            ],
            [
              76.32427978515653,
              19.10710906982422
            ],
            [
              76.32057189941412,
              19.114191055297795
            ],
            [
              76.32289123535162,
              19.118970870971907
            ],
            [
              76.3294219970706,
              19.12228012084961
            ],
            [
              76.3336563110351,
              19.13569068908697
            ],
            [
              76.33599090576189,
              19.138099670410384
            ],
            [
              76.35260009765642,
              19.14512062072754
            ],
            [
              76.35890197753906,
              19.149700164795036
            ],
            [
              76.36039733886736,
              19.152250289916935
            ],
            [
              76.36077880859392,
              19.15620040893549
            ],
            [
              76.3562622070313,
              19.161640167236385
            ],
            [
              76.35431671142595,
              19.167081832885856
            ],
            [
              76.35758972167974,
              19.17700004577648
            ],
            [
              76.35672760009794,
              19.18201255798334
            ],
            [
              76.35259246826189,
              19.188760757446403
            ],
            [
              76.35230255126964,
              19.191820144653263
            ],
            [
              76.3522033691408,
              19.192840576172102
            ],
            [
              76.35865020751947,
              19.20161056518549
            ],
            [
              76.36408996582037,
              19.211309432983455
            ],
            [
              76.3657302856447,
              19.22407150268566
            ],
            [
              76.36461639404314,
              19.234140396118278
            ],
            [
              76.3629913330081,
              19.237270355224553
            ],
            [
              76.35655212402338,
              19.243379592895508
            ],
            [
              76.34636688232428,
              19.2495574951173
            ],
            [
              76.339096069336,
              19.250272750854606
            ],
            [
              76.33191680908232,
              19.249900817871207
            ],
            [
              76.31204986572277,
              19.261140823364315
            ],
            [
              76.30710601806669,
              19.26135063171381
            ],
            [
              76.30436706542974,
              19.26074028015148
            ],
            [
              76.30001831054693,
              19.25978088378929
            ],
            [
              76.29702758789091,
              19.26143074035656
            ],
            [
              76.29109954834013,
              19.262531280517635
            ],
            [
              76.2799911499024,
              19.261140823364315
            ],
            [
              76.27529144287104,
              19.259029388427734
            ],
            [
              76.26885223388689,
              19.25613975524908
            ],
            [
              76.263916015625,
              19.25135040283203
            ],
            [
              76.2585525512697,
              19.242740631103572
            ],
            [
              76.25567626953142,
              19.240209579467773
            ],
            [
              76.25115203857428,
              19.23983955383312
            ],
            [
              76.24246215820341,
              19.242490768432617
            ],
            [
              76.22635650634771,
              19.24170112609869
            ],
            [
              76.22499847412126,
              19.243152618408317
            ],
            [
              76.2249526977539,
              19.244300842285156
            ],
            [
              76.224906921387,
              19.245109558105526
            ],
            [
              76.22712707519537,
              19.24882125854515
            ],
            [
              76.22852325439482,
              19.25113105773937
            ],
            [
              76.2283172607423,
              19.255451202392578
            ],
            [
              76.21514129638678,
              19.260049819946346
            ],
            [
              76.21470642089844,
              19.263042449951172
            ],
            [
              76.20968627929682,
              19.2749080657959
            ],
            [
              76.20944976806669,
              19.27622985839855
            ],
            [
              76.20915222167986,
              19.27783966064453
            ],
            [
              76.21750640869135,
              19.288360595703125
            ],
            [
              76.22046661376959,
              19.288528442382812
            ],
            [
              76.22154235839861,
              19.294080734252987
            ],
            [
              76.21671295166044,
              19.29658126831049
            ],
            [
              76.21009826660173,
              19.29856109619152
            ],
            [
              76.20997619628912,
              19.30129814147955
            ],
            [
              76.21322631835943,
              19.31858062744152
            ],
            [
              76.23488616943376,
              19.313682556152344
            ],
            [
              76.24169921875028,
              19.338239669799805
            ],
            [
              76.25739288330095,
              19.334831237792912
            ],
            [
              76.26478576660185,
              19.33399963378912
            ],
            [
              76.26831054687506,
              19.335298538208008
            ],
            [
              76.2734985351563,
              19.338871002197322
            ],
            [
              76.27937316894537,
              19.34451293945324
            ],
            [
              76.28041839599638,
              19.349201202392692
            ],
            [
              76.27439117431658,
              19.348960876464844
            ],
            [
              76.26745605468778,
              19.352489471435547
            ],
            [
              76.26174926757807,
              19.357139587402287
            ],
            [
              76.26760864257824,
              19.365800857543945
            ],
            [
              76.28528594970709,
              19.36609077453619
            ],
            [
              76.29247283935547,
              19.39636039733898
            ],
            [
              76.28608703613287,
              19.39660072326666
            ],
            [
              76.29090118408232,
              19.43190956115734
            ],
            [
              76.3035278320312,
              19.431800842285213
            ],
            [
              76.31015014648449,
              19.45514106750511
            ],
            [
              76.31514739990263,
              19.463819503784407
            ],
            [
              76.3275527954101,
              19.45577049255371
            ],
            [
              76.33589172363293,
              19.456350326538086
            ],
            [
              76.34120178222662,
              19.45377922058117
            ],
            [
              76.34478759765625,
              19.46977043151867
            ],
            [
              76.36530303955107,
              19.468221664428768
            ],
            [
              76.37126922607439,
              19.489162445068416
            ],
            [
              76.37383270263678,
              19.495880126953125
            ],
            [
              76.37696838378906,
              19.499559402465877
            ],
            [
              76.37728118896496,
              19.50373077392601
            ],
            [
              76.3719100952149,
              19.504930496216048
            ],
            [
              76.37207031250006,
              19.51583290100109
            ],
            [
              76.37805938720732,
              19.536619186401367
            ],
            [
              76.39523315429716,
              19.53127098083496
            ],
            [
              76.39547729492188,
              19.54113960266119
            ],
            [
              76.41227722167986,
              19.538110733032454
            ],
            [
              76.41259002685575,
              19.532590866088867
            ],
            [
              76.44181823730469,
              19.54123115539562
            ],
            [
              76.44571685791021,
              19.554172515869197
            ],
            [
              76.44509124755876,
              19.563949584960938
            ],
            [
              76.44779968261724,
              19.58323097229004
            ],
            [
              76.43649291992205,
              19.586162567138672
            ],
            [
              76.43756866455107,
              19.600439071655387
            ],
            [
              76.43312072753912,
              19.602130889892692
            ],
            [
              76.44182586669922,
              19.612289428710994
            ],
            [
              76.45130920410185,
              19.612670898437557
            ],
            [
              76.45262145996105,
              19.626590728759766
            ],
            [
              76.45227050781278,
              19.641292572021484
            ],
            [
              76.44346618652355,
              19.641639709472884
            ],
            [
              76.44928741455095,
              19.660240173339844
            ],
            [
              76.45285034179716,
              19.66723060607916
            ],
            [
              76.45942687988287,
              19.66530990600586
            ],
            [
              76.46540832519543,
              19.66787910461437
            ],
            [
              76.47061157226557,
              19.679140090942496
            ],
            [
              76.48702239990234,
              19.677539825439453
            ],
            [
              76.48665618896501,
              19.697860717773438
            ],
            [
              76.48436737060564,
              19.720518112182617
            ],
            [
              76.45789337158203,
              19.723541259765568
            ],
            [
              76.4591674804687,
              19.747220993041992
            ],
            [
              76.484848022461,
              19.743881225585994
            ],
            [
              76.48425292968756,
              19.749399185180664
            ],
            [
              76.4876480102539,
              19.75564002990717
            ],
            [
              76.49297332763689,
              19.760929107666072
            ],
            [
              76.49845886230463,
              19.762529373168945
            ],
            [
              76.5099029541015,
              19.76299095153803
            ],
            [
              76.51188659667974,
              19.770740509033317
            ],
            [
              76.50145721435558,
              19.773042678833008
            ],
            [
              76.488998413086,
              19.778980255126953
            ],
            [
              76.4838485717774,
              19.786550521850813
            ],
            [
              76.4829559326173,
              19.793561935424805
            ],
            [
              76.4852828979495,
              19.80039978027355
            ],
            [
              76.49894714355474,
              19.799831390380916
            ],
            [
              76.51077270507818,
              19.801019668579215
            ],
            [
              76.51393890380876,
              19.807899475097656
            ],
            [
              76.513481140137,
              19.812040328979492
            ],
            [
              76.51175689697277,
              19.81610107421875
            ],
            [
              76.50910186767607,
              19.81855964660656
            ],
            [
              76.51477050781256,
              19.82641983032238
            ],
            [
              76.5104522705081,
              19.828109741210938
            ],
            [
              76.51122283935575,
              19.83045959472679
            ],
            [
              76.5172729492188,
              19.832569122314453
            ],
            [
              76.51679992675798,
              19.836139678955192
            ],
            [
              76.52060699462908,
              19.836971282958984
            ],
            [
              76.51790618896479,
              19.84059143066412
            ],
            [
              76.52133941650385,
              19.841842651367188
            ],
            [
              76.5196075439456,
              19.849100112914982
            ],
            [
              76.52989959716825,
              19.848659515380916
            ],
            [
              76.53199768066435,
              19.85120010375988
            ],
            [
              76.53939819335943,
              19.845541000366325
            ],
            [
              76.54264068603521,
              19.844779968261776
            ],
            [
              76.54862976074219,
              19.84477043151867
            ],
            [
              76.56793975830095,
              19.839141845703068
            ],
            [
              76.56796264648443,
              19.8452205657959
            ],
            [
              76.59023284912126,
              19.843601226806754
            ],
            [
              76.59874725341825,
              19.841470718383732
            ],
            [
              76.60012817382812,
              19.843740463256893
            ],
            [
              76.60932922363298,
              19.838830947875977
            ],
            [
              76.6221313476563,
              19.84327125549322
            ],
            [
              76.62824249267584,
              19.8558807373048
            ],
            [
              76.63215637207026,
              19.8669815063476
            ],
            [
              76.64211273193376,
              19.86745071411127
            ],
            [
              76.6444931030274,
              19.866699218750227
            ]
          ]
        ]
      }
    }
  ]
}