{
  "type": "FeatureCollection",
  "features": [
    {
      "type": "Feature",
      "properties": {
        "ID_0": 105,
        "ISO": "IND",
        "NAME_0": "India",
        "ID_1": 2,
        "NAME_1": "Andhra Pradesh",
        "ID_2": 4,
        "NAME_2": "Anantapur",
        "NL_NAME_2": null,
        "VARNAME_2": "Anantpur, Ananthapur",
        "TYPE_2": "District",
        "ENGTYPE_2": "District",
        "district_name": "ANANTAPUR",
        "shapeName": "ANANTAPUR"
      },
      "geometry": {
        "type": "Polygon",
        "coordinates": [
          [
            [
              77.69000244140642,
              15.176280021667594
            ],
            [
              77.6937789916995,
              15.173469543457088
            ],
            [
              77.70291900634794,
              15.174909591674805
            ],
            [
              77.70662689209001,
              15.178249359130803
            ],
            [
              77.7108764648438,
              15.172321319580021
            ],
            [
              77.71495819091791,
              15.164678573608455
            ],
            [
              77.72563934326166,
              15.162669181823787
            ],
            [
              77.72689819335943,
              15.14246940612793
            ],
            [
              77.74153137207048,
              15.136269569396973
            ],
            [
              77.74466705322277,
              15.121472358703613
            ],
            [
              77.7681427001956,
              15.115900993347168
            ],
            [
              77.76686096191406,
              15.105430603027457
            ],
            [
              77.7721710205081,
              15.103759765624943
            ],
            [
              77.77587890625006,
              15.102329254150334
            ],
            [
              77.78037261962919,
              15.10117053985607
            ],
            [
              77.78318786621105,
              15.098431587219295
            ],
            [
              77.78708648681658,
              15.097319602966309
            ],
            [
              77.79290008544928,
              15.108001708984375
            ],
            [
              77.79714965820341,
              15.111860275268668
            ],
            [
              77.80455780029308,
              15.116081237793026
            ],
            [
              77.80751800537126,
              15.11899185180664
            ],
            [
              77.80771636962908,
              15.12223052978527
            ],
            [
              77.80802917480497,
              15.126850128174055
            ],
            [
              77.8122100830081,
              15.133831024169922
            ],
            [
              77.81717681884794,
              15.133660316467342
            ],
            [
              77.8174133300783,
              15.133660316467342
            ],
            [
              77.8340911865235,
              15.13595104217535
            ],
            [
              77.83579254150396,
              15.123832702636719
            ],
            [
              77.83875274658197,
              15.123240470886344
            ],
            [
              77.84240722656267,
              15.122510910034407
            ],
            [
              77.84944152832031,
              15.126610755920467
            ],
            [
              77.86952972412115,
              15.127389907836971
            ],
            [
              77.87435913085949,
              15.136320114135685
            ],
            [
              77.88169860839861,
              15.168620109558162
            ],
            [
              77.88817596435564,
              15.169981002807674
            ],
            [
              77.89702606201178,
              15.169590950012434
            ],
            [
              77.90751647949224,
              15.166500091552791
            ],
            [
              77.91443634033232,
              15.163518905639876
            ],
            [
              77.9146728515625,
              15.160240173339844
            ],
            [
              77.91703033447271,
              15.156780242919979
            ],
            [
              77.9183425903322,
              15.15130996704113
            ],
            [
              77.91564178466814,
              15.145270347595329
            ],
            [
              77.91940307617216,
              15.143961906433162
            ],
            [
              77.94079589843744,
              15.149087905883846
            ],
            [
              77.95175170898443,
              15.149971961975098
            ],
            [
              77.96219635009783,
              15.149200439453125
            ],
            [
              77.96199798584001,
              15.132000923156795
            ],
            [
              77.96988677978521,
              15.130710601806754
            ],
            [
              77.98587799072271,
              15.129618644714355
            ],
            [
              77.99120330810564,
              15.128621101379508
            ],
            [
              77.99317169189459,
              15.125359535217285
            ],
            [
              78.00329589843761,
              15.116941452026367
            ],
            [
              78.01087188720709,
              15.112899780273551
            ],
            [
              78.01825714111345,
              15.107420921325684
            ],
            [
              78.018539428711,
              15.095810890197754
            ],
            [
              78.01803588867182,
              15.08798027038597
            ],
            [
              78.01539611816423,
              15.081331253051758
            ],
            [
              78.00800323486334,
              15.069781303405819
            ],
            [
              78.00238037109403,
              15.066951751709212
            ],
            [
              77.99585723876964,
              15.065400123596305
            ],
            [
              77.9931259155274,
              15.065521240234602
            ],
            [
              77.98776245117205,
              15.068320274353027
            ],
            [
              77.98683166503912,
              15.062041282653865
            ],
            [
              77.99083709716803,
              15.058401107788143
            ],
            [
              77.98890686035173,
              15.05702018737793
            ],
            [
              77.98700714111345,
              15.04408073425293
            ],
            [
              77.98902893066435,
              15.039600372314453
            ],
            [
              77.99311828613281,
              15.03767013549799
            ],
            [
              77.9984130859375,
              15.044731140136946
            ],
            [
              78.00678253173822,
              15.050780296325684
            ],
            [
              78.00936889648443,
              15.04807186126709
            ],
            [
              78.01037597656278,
              15.042861938476676
            ],
            [
              78.012435913086,
              15.018320083618278
            ],
            [
              78.01690673828125,
              15.01194095611578
            ],
            [
              78.02839660644548,
              15.000570297241211
            ],
            [
              78.03836059570318,
              14.993060111999512
            ],
            [
              78.05454254150396,
              14.98766994476324
            ],
            [
              78.08352661132812,
              14.97404956817627
            ],
            [
              78.08809661865251,
              14.968819618225154
            ],
            [
              78.09616088867193,
              14.962150573730696
            ],
            [
              78.11811065673834,
              14.958971023559627
            ],
            [
              78.1339569091798,
              14.949011802673454
            ],
            [
              78.137016296387,
              14.940850257873649
            ],
            [
              78.1367797851563,
              14.938031196594295
            ],
            [
              78.13632202148455,
              14.932811737060547
            ],
            [
              78.12961578369135,
              14.928871154785156
            ],
            [
              78.11823272705095,
              14.926449775695914
            ],
            [
              78.1114120483399,
              14.919990539551009
            ],
            [
              78.09223175048822,
              14.865519523620833
            ],
            [
              78.09208679199236,
              14.853080749511832
            ],
            [
              78.10051727294928,
              14.849550247192326
            ],
            [
              78.10440063476591,
              14.849130630493278
            ],
            [
              78.10935211181652,
              14.848590850830135
            ],
            [
              78.10929870605474,
              14.838650703430233
            ],
            [
              78.10379791259771,
              14.818570137023926
            ],
            [
              78.09764862060553,
              14.81227016448986
            ],
            [
              78.08503723144548,
              14.81637001037592
            ],
            [
              78.07929229736345,
              14.819109916687012
            ],
            [
              78.07520294189464,
              14.813791275024471
            ],
            [
              78.07177734375011,
              14.803900718688908
            ],
            [
              78.06694793701178,
              14.795471191406307
            ],
            [
              78.0648269653322,
              14.792200088500977
            ],
            [
              78.05928802490251,
              14.783690452575627
            ],
            [
              78.05278778076189,
              14.776029586791935
            ],
            [
              78.04876708984375,
              14.76945018768322
            ],
            [
              78.06259918212896,
              14.757659912109432
            ],
            [
              78.06890106201178,
              14.75082015991211
            ],
            [
              78.0778427124024,
              14.748089790344295
            ],
            [
              78.07892608642595,
              14.741410255432129
            ],
            [
              78.07679748535156,
              14.733819961547852
            ],
            [
              78.06830596923834,
              14.720560073852596
            ],
            [
              78.06667327880854,
              14.713421821594352
            ],
            [
              78.07361602783209,
              14.712750434875488
            ],
            [
              78.08315277099615,
              14.714131355285701
            ],
            [
              78.08940124511736,
              14.71306037902832
            ],
            [
              78.09597778320318,
              14.70890045166027
            ],
            [
              78.09838867187517,
              14.703651428222656
            ],
            [
              78.09926605224638,
              14.69519138336193
            ],
            [
              78.1038360595706,
              14.694919586181584
            ],
            [
              78.10946655273438,
              14.686820030212402
            ],
            [
              78.11563873291027,
              14.686559677124137
            ],
            [
              78.11590576171875,
              14.686539649963436
            ],
            [
              78.12319183349626,
              14.690150260925293
            ],
            [
              78.13249969482422,
              14.68645095825201
            ],
            [
              78.13630676269531,
              14.676691055297908
            ],
            [
              78.13259887695318,
              14.661271095275822
            ],
            [
              78.12927246093767,
              14.654641151428223
            ],
            [
              78.12975311279308,
              14.638210296630916
            ],
            [
              78.12721252441412,
              14.633700370788574
            ],
            [
              78.12140655517607,
              14.626660346984806
            ],
            [
              78.12613677978527,
              14.620740890503043
            ],
            [
              78.11987304687528,
              14.617180824279899
            ],
            [
              78.1035766601563,
              14.62202167510992
            ],
            [
              78.09720611572266,
              14.621150970458984
            ],
            [
              78.08975219726557,
              14.617771148681868
            ],
            [
              78.0868377685548,
              14.612231254577694
            ],
            [
              78.08019256591825,
              14.59447193145752
            ],
            [
              78.0753784179688,
              14.584859848022575
            ],
            [
              78.07071685791033,
              14.571269989013786
            ],
            [
              78.06433868408214,
              14.564640045165959
            ],
            [
              78.05610656738287,
              14.561711311340389
            ],
            [
              78.04741668701166,
              14.556221008300781
            ],
            [
              78.04595184326172,
              14.551140785217513
            ],
            [
              78.04590606689453,
              14.54004955291748
            ],
            [
              78.0393524169923,
              14.530969619751033
            ],
            [
              78.03032684326178,
              14.52963924407959
            ],
            [
              78.02017974853533,
              14.531400680542049
            ],
            [
              78.01483154296892,
              14.53352069854742
            ],
            [
              77.99234771728533,
              14.532110214233398
            ],
            [
              77.99079132080095,
              14.533041954040641
            ],
            [
              77.98475646972662,
              14.532290458679256
            ],
            [
              77.97984313964855,
              14.533009529113713
            ],
            [
              77.97685241699219,
              14.538249969482479
            ],
            [
              77.97704315185547,
              14.545429229736328
            ],
            [
              77.97722625732416,
              14.552619934082088
            ],
            [
              77.96697998046892,
              14.56432056427002
            ],
            [
              77.96234893798822,
              14.568181991577148
            ],
            [
              77.95915222167986,
              14.576081275939941
            ],
            [
              77.95619964599638,
              14.571290016174316
            ],
            [
              77.95275878906261,
              14.568580627441406
            ],
            [
              77.94750213623064,
              14.566020965576172
            ],
            [
              77.93976593017584,
              14.559310913086165
            ],
            [
              77.94541931152361,
              14.552350997924805
            ],
            [
              77.9550170898438,
              14.548341751098746
            ],
            [
              77.96311950683594,
              14.539791107177791
            ],
            [
              77.96752166748064,
              14.533161163330192
            ],
            [
              77.97197723388678,
              14.528020858764762
            ],
            [
              77.96784210205107,
              14.522960662841854
            ],
            [
              77.96938323974638,
              14.517291069030875
            ],
            [
              77.97718048095732,
              14.509132385253963
            ],
            [
              77.98391723632812,
              14.501460075378532
            ],
            [
              77.98703002929693,
              14.4984006881715
            ],
            [
              77.98877716064459,
              14.493500709533691
            ],
            [
              77.99227905273466,
              14.490810394287223
            ],
            [
              78.00615692138683,
              14.48091125488287
            ],
            [
              78.01560211181658,
              14.472469329834098
            ],
            [
              78.02973937988281,
              14.456210136413631
            ],
            [
              78.04335021972668,
              14.448581695556697
            ],
            [
              78.05371856689453,
              14.439400672912711
            ],
            [
              78.10164642333984,
              14.400850296020565
            ],
            [
              78.13172912597656,
              14.374329566955794
            ],
            [
              78.14306640625006,
              14.36572170257574
            ],
            [
              78.17008972167986,
              14.352499961853027
            ],
            [
              78.18454742431635,
              14.347429275512752
            ],
            [
              78.19840240478521,
              14.339281082153377
            ],
            [
              78.20896911621088,
              14.334531784057617
            ],
            [
              78.21800994873053,
              14.323459625244197
            ],
            [
              78.2269897460938,
              14.31422042846674
            ],
            [
              78.23745727539068,
              14.306969642639217
            ],
            [
              78.24794769287115,
              14.303840637207031
            ],
            [
              78.25595855712896,
              14.302990913391056
            ],
            [
              78.27828979492193,
              14.296549797058333
            ],
            [
              78.28881072998053,
              14.289990425109977
            ],
            [
              78.30963134765653,
              14.283431053161621
            ],
            [
              78.32338714599638,
              14.28081035614008
            ],
            [
              78.35634613037121,
              14.2787704467774
            ],
            [
              78.38474273681646,
              14.27534008026123
            ],
            [
              78.39402770996111,
              14.273011207580566
            ],
            [
              78.41678619384771,
              14.270669937133732
            ],
            [
              78.41470336914068,
              14.259310722351074
            ],
            [
              78.40483093261747,
              14.227490425109863
            ],
            [
              78.40103149414057,
              14.198970794677848
            ],
            [
              78.40625,
              14.193840980529785
            ],
            [
              78.41398620605497,
              14.192412376403752
            ],
            [
              78.41722106933622,
              14.197039604187125
            ],
            [
              78.42473602294939,
              14.189609527588004
            ],
            [
              78.42414855957048,
              14.181389808654728
            ],
            [
              78.41720581054716,
              14.166131019592228
            ],
            [
              78.41633605957048,
              14.15757274627697
            ],
            [
              78.4191970825197,
              14.146200180053825
            ],
            [
              78.42372894287104,
              14.138650894165153
            ],
            [
              78.44380187988298,
              14.12717056274414
            ],
            [
              78.45585632324224,
              14.104030609130803
            ],
            [
              78.45558929443354,
              14.095170021057072
            ],
            [
              78.45278930664062,
              14.08734989166254
            ],
            [
              78.44551849365251,
              14.080370903015137
            ],
            [
              78.43863677978533,
              14.080680847167969
            ],
            [
              78.43785858154297,
              14.072430610656738
            ],
            [
              78.44165802001947,
              14.066669464111328
            ],
            [
              78.44320678710938,
              14.058601379394531
            ],
            [
              78.4401931762697,
              14.046271324157829
            ],
            [
              78.43678283691412,
              14.039641380310059
            ],
            [
              78.43322753906278,
              14.019871711731014
            ],
            [
              78.43374633789068,
              14.01382064819336
            ],
            [
              78.44207000732439,
              14.007830619812125
            ],
            [
              78.45707702636747,
              14.004581451416072
            ],
            [
              78.46161651611334,
              14.00172138214134
            ],
            [
              78.45671081542997,
              13.991279602050838
            ],
            [
              78.45619201660173,
              13.984811782836914
            ],
            [
              78.44738769531244,
              13.977020263671932
            ],
            [
              78.43105316162115,
              13.971561431884993
            ],
            [
              78.42294311523466,
              13.970271110534782
            ],
            [
              78.4182968139649,
              13.968691825866756
            ],
            [
              78.41368865966797,
              13.960491180419979
            ],
            [
              78.40753173828125,
              13.95371055603033
            ],
            [
              78.39026641845709,
              13.943490982055721
            ],
            [
              78.37818908691423,
              13.931659698486328
            ],
            [
              78.37403106689459,
              13.931070327758846
            ],
            [
              78.36707305908232,
              13.933440208435059
            ],
            [
              78.36425018310564,
              13.936861038208121
            ],
            [
              78.36454010009771,
              13.942139625549373
            ],
            [
              78.36274719238298,
              13.945540428161735
            ],
            [
              78.35679626464844,
              13.941990852355957
            ],
            [
              78.33959197998075,
              13.926480293273869
            ],
            [
              78.32958221435553,
              13.927100181579533
            ],
            [
              78.32691955566412,
              13.917989730835018
            ],
            [
              78.32350921630865,
              13.91055965423584
            ],
            [
              78.32115173339861,
              13.909030914306697
            ],
            [
              78.31307220459013,
              13.910149574279899
            ],
            [
              78.30406951904303,
              13.906210899353255
            ],
            [
              78.29833221435553,
              13.900871276855526
            ],
            [
              78.29367828369158,
              13.898329734802246
            ],
            [
              78.29041290283197,
              13.894049644470329
            ],
            [
              78.2879714965822,
              13.884261131286678
            ],
            [
              78.28443908691418,
              13.882560729980526
            ],
            [
              78.27928924560558,
              13.884111404418945
            ],
            [
              78.27406311035173,
              13.886860847473145
            ],
            [
              78.26632690429699,
              13.886419296264762
            ],
            [
              78.26803588867199,
              13.882849693298283
            ],
            [
              78.26583862304705,
              13.87804126739502
            ],
            [
              78.2657318115235,
              13.874020576476994
            ],
            [
              78.264389038086,
              13.869261741638297
            ],
            [
              78.26078033447271,
              13.865180015564022
            ],
            [
              78.25895690917969,
              13.859089851379508
            ],
            [
              78.25653839111334,
              13.85606956481945
            ],
            [
              78.2561111450197,
              13.849809646606502
            ],
            [
              78.2517700195313,
              13.848471641540641
            ],
            [
              78.24923706054705,
              13.84585094451927
            ],
            [
              78.23660278320341,
              13.841900825500545
            ],
            [
              78.23503112792974,
              13.837889671325684
            ],
            [
              78.24064636230469,
              13.830830574035872
            ],
            [
              78.24501800537104,
              13.823781967163143
            ],
            [
              78.24630737304716,
              13.81819057464594
            ],
            [
              78.24489593505865,
              13.808100700378475
            ],
            [
              78.24680328369146,
              13.79761981964117
            ],
            [
              78.25009918212896,
              13.793741226196346
            ],
            [
              78.25315093994146,
              13.788249969482479
            ],
            [
              78.24804687500028,
              13.782621383667049
            ],
            [
              78.232162475586,
              13.774381637573299
            ],
            [
              78.22043609619158,
              13.771280288696403
            ],
            [
              78.21347808837896,
              13.772610664367676
            ],
            [
              78.19785308837902,
              13.773451805114803
            ],
            [
              78.19272613525419,
              13.776480674743652
            ],
            [
              78.18003845214844,
              13.778571128845215
            ],
            [
              78.1591262817384,
              13.775191307067928
            ],
            [
              78.14888000488276,
              13.777021408081055
            ],
            [
              78.1354598999024,
              13.7730712890625
            ],
            [
              78.12586975097656,
              13.774479866027832
            ],
            [
              78.11823272705095,
              13.776900291443098
            ],
            [
              78.11517333984392,
              13.787679672241211
            ],
            [
              78.10900115966825,
              13.798362731933537
            ],
            [
              78.10765838623075,
              13.80360031127941
            ],
            [
              78.11725616455095,
              13.821771621704158
            ],
            [
              78.11353302001959,
              13.840890884399471
            ],
            [
              78.1060409545899,
              13.853541374206657
            ],
            [
              78.0973663330081,
              13.852761268615666
            ],
            [
              78.08837890625028,
              13.854919433593807
            ],
            [
              78.07491302490251,
              13.854919433593807
            ],
            [
              78.07092285156267,
              13.871959686279297
            ],
            [
              78.06796264648449,
              13.874520301818848
            ],
            [
              78.06034851074247,
              13.876781463623104
            ],
            [
              78.05471038818376,
              13.879351615905762
            ],
            [
              78.04831695556652,
              13.884530067443904
            ],
            [
              78.04115295410173,
              13.886729240417594
            ],
            [
              78.04270172119158,
              13.873379707336483
            ],
            [
              78.04292297363287,
              13.863780975341854
            ],
            [
              78.04133605957048,
              13.858051300048885
            ],
            [
              78.03782653808605,
              13.852849960327262
            ],
            [
              78.01558685302751,
              13.854381561279297
            ],
            [
              78.0103378295899,
              13.856490135192985
            ],
            [
              78.00477600097662,
              13.861710548400822
            ],
            [
              77.99149322509794,
              13.862410545349235
            ],
            [
              77.98516082763678,
              13.861669540405273
            ],
            [
              77.98226928710943,
              13.856801986694393
            ],
            [
              77.98123931884766,
              13.848799705505598
            ],
            [
              77.97038269042986,
              13.826642036438045
            ],
            [
              77.96578216552729,
              13.820159912109375
            ],
            [
              77.94458007812528,
              13.81997108459467
            ],
            [
              77.94814300537115,
              13.824801445007324
            ],
            [
              77.94805145263672,
              13.82936096191412
            ],
            [
              77.94571685791044,
              13.839801788330192
            ],
            [
              77.94184112548834,
              13.871050834655819
            ],
            [
              77.94246673584013,
              13.880230903625716
            ],
            [
              77.94951629638683,
              13.884470939636174
            ],
            [
              77.9716186523438,
              13.888588905334586
            ],
            [
              77.97802734375017,
              13.893349647522086
            ],
            [
              77.97466278076178,
              13.9053316116333
            ],
            [
              77.97460174560564,
              13.912251472473201
            ],
            [
              77.97336578369169,
              13.919881820678711
            ],
            [
              77.97351074218756,
              13.924229621887207
            ],
            [
              77.97795104980497,
              13.937620162963867
            ],
            [
              77.97857666015625,
              13.947650909423828
            ],
            [
              77.96643066406256,
              13.950551986694336
            ],
            [
              77.96127319335943,
              13.949971199035645
            ],
            [
              77.95532226562517,
              13.941900253296012
            ],
            [
              77.95426940917974,
              13.937049865722656
            ],
            [
              77.95075988769548,
              13.927920341491813
            ],
            [
              77.94905090332048,
              13.926739692688045
            ],
            [
              77.94602203369146,
              13.928430557251033
            ],
            [
              77.93885803222685,
              13.924619674682617
            ],
            [
              77.93564605712885,
              13.91790962219244
            ],
            [
              77.92973327636713,
              13.908809661865462
            ],
            [
              77.91980743408197,
              13.898701667785701
            ],
            [
              77.91160583496088,
              13.89724063873291
            ],
            [
              77.90593719482439,
              13.89945125579834
            ],
            [
              77.9004516601563,
              13.902340888977108
            ],
            [
              77.89570617675787,
              13.907719612121639
            ],
            [
              77.88968658447266,
              13.91135120391857
            ],
            [
              77.88732147216803,
              13.917740821838493
            ],
            [
              77.88786315917974,
              13.927721977234
            ],
            [
              77.88698577880888,
              13.931181907653865
            ],
            [
              77.86242675781267,
              13.926800727844352
            ],
            [
              77.85407257080078,
              13.927079200744686
            ],
            [
              77.84600067138666,
              13.928320884704647
            ],
            [
              77.83011627197277,
              13.927151679992903
            ],
            [
              77.82158660888666,
              13.930541038513184
            ],
            [
              77.81829071044933,
              13.934881210327092
            ],
            [
              77.81423187255865,
              13.931001663208008
            ],
            [
              77.80848693847656,
              13.922589302063045
            ],
            [
              77.80635070800798,
              13.917550086975211
            ],
            [
              77.80635833740251,
              13.908640861511344
            ],
            [
              77.80737304687506,
              13.903229713439998
            ],
            [
              77.81108093261747,
              13.894701957702694
            ],
            [
              77.81468963623075,
              13.891110420227108
            ],
            [
              77.82099151611357,
              13.889231681823674
            ],
            [
              77.82504272460955,
              13.879900932312012
            ],
            [
              77.82724761962902,
              13.871600151062239
            ],
            [
              77.81920623779303,
              13.866021156311263
            ],
            [
              77.82772064209001,
              13.86061954498291
            ],
            [
              77.81080627441412,
              13.852111816406364
            ],
            [
              77.80784606933588,
              13.846671104431152
            ],
            [
              77.80278015136724,
              13.840669631958235
            ],
            [
              77.79453277587908,
              13.840959548950138
            ],
            [
              77.78637695312506,
              13.839920043945426
            ],
            [
              77.77603912353533,
              13.83591079711914
            ],
            [
              77.77410125732422,
              13.831730842590332
            ],
            [
              77.7774276733399,
              13.824060440063533
            ],
            [
              77.78026580810553,
              13.820020675659293
            ],
            [
              77.78044128417986,
              13.816691398620662
            ],
            [
              77.77848815917969,
              13.812891960144157
            ],
            [
              77.76921081542974,
              13.808541297912598
            ],
            [
              77.7553329467774,
              13.807540893554688
            ],
            [
              77.7481765747072,
              13.806209564209041
            ],
            [
              77.7410278320313,
              13.803791999817008
            ],
            [
              77.73359680175793,
              13.8034410476684
            ],
            [
              77.72841644287115,
              13.801739692687931
            ],
            [
              77.71849822998053,
              13.792721748352164
            ],
            [
              77.71286010742182,
              13.790519714355582
            ],
            [
              77.71512603759794,
              13.783271789550895
            ],
            [
              77.7127532958985,
              13.774709701538086
            ],
            [
              77.71420288085932,
              13.760790824890194
            ],
            [
              77.71314239501959,
              13.750740051269531
            ],
            [
              77.71346282959001,
              13.746150016784782
            ],
            [
              77.71100616455095,
              13.737709999084586
            ],
            [
              77.70874786376959,
              13.732739448547363
            ],
            [
              77.70736694335955,
              13.734180450439396
            ],
            [
              77.7021865844726,
              13.73099136352539
            ],
            [
              77.69552612304688,
              13.761431694030705
            ],
            [
              77.68467712402361,
              13.75862121582037
            ],
            [
              77.6788177490235,
              13.75568103790306
            ],
            [
              77.66850280761724,
              13.752281188964844
            ],
            [
              77.66371154785173,
              13.752260208129826
            ],
            [
              77.66979217529314,
              13.762559890747013
            ],
            [
              77.67176818847662,
              13.77013111114502
            ],
            [
              77.6702270507813,
              13.777499198913574
            ],
            [
              77.6640167236331,
              13.775870323181152
            ],
            [
              77.65659332275385,
              13.77666091918951
            ],
            [
              77.64908599853521,
              13.77583980560297
            ],
            [
              77.61434936523443,
              13.760310173034668
            ],
            [
              77.61046600341814,
              13.755439758300895
            ],
            [
              77.61264801025396,
              13.746870040893555
            ],
            [
              77.63375091552751,
              13.741291046142578
            ],
            [
              77.63674926757841,
              13.73524188995367
            ],
            [
              77.63356018066423,
              13.732839584350643
            ],
            [
              77.62851715087919,
              13.729941368103027
            ],
            [
              77.62124633789068,
              13.727401733398551
            ],
            [
              77.61564636230486,
              13.728361129760742
            ],
            [
              77.60427093505865,
              13.742550849914664
            ],
            [
              77.59559631347673,
              13.743578910827637
            ],
            [
              77.586898803711,
              13.736789703369197
            ],
            [
              77.58154296875006,
              13.730571746826115
            ],
            [
              77.57363128662104,
              13.726650238037166
            ],
            [
              77.56661987304705,
              13.729389190673942
            ],
            [
              77.55607604980463,
              13.716460227966365
            ],
            [
              77.54814147949224,
              13.72040939331066
            ],
            [
              77.54514312744146,
              13.728180885315055
            ],
            [
              77.541557312012,
              13.734931945800838
            ],
            [
              77.53951263427751,
              13.743720054626522
            ],
            [
              77.5295028686524,
              13.745850563049544
            ],
            [
              77.51966857910156,
              13.743849754333496
            ],
            [
              77.51512145996111,
              13.737039566040039
            ],
            [
              77.52268981933622,
              13.731071472167969
            ],
            [
              77.526596069336,
              13.725250244140682
            ],
            [
              77.52754211425787,
              13.719030380249023
            ],
            [
              77.52783966064482,
              13.70703125
            ],
            [
              77.52556610107416,
              13.697210311889762
            ],
            [
              77.52152252197294,
              13.687870025634766
            ],
            [
              77.51232910156256,
              13.685680389404354
            ],
            [
              77.50797271728544,
              13.688799858093262
            ],
            [
              77.50691986084001,
              13.69266128540039
            ],
            [
              77.50679016113287,
              13.700470924377498
            ],
            [
              77.5027694702149,
              13.704409599304142
            ],
            [
              77.48734283447271,
              13.706791877746582
            ],
            [
              77.479721069336,
              13.70321083068859
            ],
            [
              77.48239898681652,
              13.698830604553166
            ],
            [
              77.48352050781256,
              13.69170093536377
            ],
            [
              77.48513793945312,
              13.686690330505428
            ],
            [
              77.48294067382818,
              13.67970180511469
            ],
            [
              77.4764862060548,
              13.677599906921444
            ],
            [
              77.44975280761724,
              13.675790786743164
            ],
            [
              77.44481658935553,
              13.695760726928711
            ],
            [
              77.44600677490263,
              13.700639724731445
            ],
            [
              77.45340728759777,
              13.70409965515131
            ],
            [
              77.45684814453136,
              13.712639808654842
            ],
            [
              77.45806884765642,
              13.723038673400993
            ],
            [
              77.45809936523455,
              13.730330467224178
            ],
            [
              77.46006011962896,
              13.733889579773177
            ],
            [
              77.46261596679682,
              13.743578910827637
            ],
            [
              77.4621200561524,
              13.74905109405529
            ],
            [
              77.45873260498053,
              13.749810218811035
            ],
            [
              77.45395660400396,
              13.778041839599723
            ],
            [
              77.45240020751959,
              13.780401229858342
            ],
            [
              77.45079040527338,
              13.785531044006575
            ],
            [
              77.45273590087908,
              13.791319847106934
            ],
            [
              77.4574508666995,
              13.797050476074219
            ],
            [
              77.4555969238283,
              13.799810409546012
            ],
            [
              77.44676971435575,
              13.802029609680403
            ],
            [
              77.44056701660162,
              13.802291870117415
            ],
            [
              77.43546295166021,
              13.799230575561637
            ],
            [
              77.42865753173857,
              13.787989616394043
            ],
            [
              77.42005920410185,
              13.788961410522575
            ],
            [
              77.41689300537126,
              13.790940284729118
            ],
            [
              77.41954040527361,
              13.795801162719727
            ],
            [
              77.41925811767584,
              13.799710273742733
            ],
            [
              77.41470336914091,
              13.800190925598258
            ],
            [
              77.4115829467774,
              13.79889106750494
            ],
            [
              77.40866088867188,
              13.799251556396484
            ],
            [
              77.40820312500011,
              13.802470207214355
            ],
            [
              77.4136810302735,
              13.807380676269531
            ],
            [
              77.41275787353521,
              13.811750411987362
            ],
            [
              77.41506195068365,
              13.815360069274902
            ],
            [
              77.42472076416033,
              13.826689720153865
            ],
            [
              77.42624664306658,
              13.829730033874455
            ],
            [
              77.42453002929705,
              13.83512973785406
            ],
            [
              77.41873931884794,
              13.833530426025504
            ],
            [
              77.40393066406267,
              13.831421852111816
            ],
            [
              77.39920043945318,
              13.832420349121321
            ],
            [
              77.38983917236334,
              13.832929611206112
            ],
            [
              77.38111114501959,
              13.831251144409237
            ],
            [
              77.37285614013678,
              13.83128929138195
            ],
            [
              77.37313079834013,
              13.838191032409725
            ],
            [
              77.3675384521485,
              13.84320926666254
            ],
            [
              77.35946655273455,
              13.845670700073242
            ],
            [
              77.35220336914062,
              13.844381332397518
            ],
            [
              77.34697723388683,
              13.8395805358889
            ],
            [
              77.33988189697271,
              13.834849357605094
            ],
            [
              77.33468627929705,
              13.829420089721623
            ],
            [
              77.32724761962908,
              13.824791908264217
            ],
            [
              77.32000732421892,
              13.825751304626522
            ],
            [
              77.31616210937517,
              13.839731216430721
            ],
            [
              77.31088256835943,
              13.851131439208984
            ],
            [
              77.3069305419923,
              13.857239723205794
            ],
            [
              77.29602813720709,
              13.853561401367188
            ],
            [
              77.28970336914068,
              13.85002231597906
            ],
            [
              77.28552246093756,
              13.846031188964957
            ],
            [
              77.28292846679716,
              13.840979576111067
            ],
            [
              77.275146484375,
              13.842801094055176
            ],
            [
              77.25595092773443,
              13.839450836181754
            ],
            [
              77.25044250488287,
              13.839470863342285
            ],
            [
              77.25303649902361,
              13.856121063232422
            ],
            [
              77.2437362670899,
              13.860290527343807
            ],
            [
              77.24073791503918,
              13.86588191986084
            ],
            [
              77.23925018310575,
              13.873590469360352
            ],
            [
              77.23882293701178,
              13.881509780883846
            ],
            [
              77.24156188964838,
              13.888851165771598
            ],
            [
              77.24009704589844,
              13.894080162048454
            ],
            [
              77.23384094238287,
              13.894931793213004
            ],
            [
              77.22547912597668,
              13.895469665527344
            ],
            [
              77.22189331054716,
              13.888831138610897
            ],
            [
              77.22093200683622,
              13.881760597229004
            ],
            [
              77.21700286865251,
              13.869261741638297
            ],
            [
              77.2115097045899,
              13.861418724060115
            ],
            [
              77.20812225341808,
              13.860401153564567
            ],
            [
              77.2088470458985,
              13.878431320190373
            ],
            [
              77.20494079589838,
              13.881160736084212
            ],
            [
              77.20256805419928,
              13.874840736389274
            ],
            [
              77.2009582519533,
              13.86651992797863
            ],
            [
              77.19689178466825,
              13.859530448913574
            ],
            [
              77.19271087646513,
              13.856221199035701
            ],
            [
              77.17880249023432,
              13.859840393066406
            ],
            [
              77.17513275146496,
              13.86140060424799
            ],
            [
              77.17822265625028,
              13.871391296386832
            ],
            [
              77.1795959472658,
              13.878331184387264
            ],
            [
              77.17920684814453,
              13.88328075408947
            ],
            [
              77.18134307861345,
              13.89118957519537
            ],
            [
              77.18221282959013,
              13.901300430297908
            ],
            [
              77.18161773681652,
              13.91077041625988
            ],
            [
              77.17703247070324,
              13.91740036010765
            ],
            [
              77.17006683349626,
              13.916341781616325
            ],
            [
              77.15956115722656,
              13.908460617065487
            ],
            [
              77.15593719482422,
              13.899811744690055
            ],
            [
              77.15702056884794,
              13.891301155090389
            ],
            [
              77.16171264648443,
              13.882431030273551
            ],
            [
              77.16237640380888,
              13.876291275024414
            ],
            [
              77.16491699218767,
              13.866218566894645
            ],
            [
              77.16249084472662,
              13.856980323791504
            ],
            [
              77.14821624755865,
              13.859801292419434
            ],
            [
              77.13938903808594,
              13.859040260314885
            ],
            [
              77.13015747070341,
              13.849939346313477
            ],
            [
              77.12388610839844,
              13.849390029907227
            ],
            [
              77.12526702880876,
              13.843010902404899
            ],
            [
              77.1404571533206,
              13.837889671325684
            ],
            [
              77.14576721191435,
              13.834939956665096
            ],
            [
              77.14789581298857,
              13.828850746154842
            ],
            [
              77.15791320800787,
              13.825470924377385
            ],
            [
              77.16224670410173,
              13.820740699768066
            ],
            [
              77.16194152832037,
              13.815461158752498
            ],
            [
              77.15619659423834,
              13.811340332031193
            ],
            [
              77.15537261962908,
              13.807390213012638
            ],
            [
              77.15632629394548,
              13.80375957489025
            ],
            [
              77.15409851074224,
              13.800561904907227
            ],
            [
              77.1557388305664,
              13.79814243316656
            ],
            [
              77.15599822998053,
              13.793310165405387
            ],
            [
              77.15849304199224,
              13.787100791931096
            ],
            [
              77.16407012939464,
              13.780350685119686
            ],
            [
              77.16918945312506,
              13.77556037902832
            ],
            [
              77.1713409423831,
              13.772049903869743
            ],
            [
              77.16964721679682,
              13.761369705200309
            ],
            [
              77.1665802001956,
              13.754669189453239
            ],
            [
              77.15815734863293,
              13.75493144989025
            ],
            [
              77.14673614501982,
              13.754751205444563
            ],
            [
              77.13751983642584,
              13.75565242767334
            ],
            [
              77.13410949707037,
              13.753030776977482
            ],
            [
              77.12351989746111,
              13.750890731811523
            ],
            [
              77.11094665527361,
              13.754620552062931
            ],
            [
              77.09526824951166,
              13.760880470275879
            ],
            [
              77.08577728271501,
              13.758111000061149
            ],
            [
              77.0852127075197,
              13.754550933838004
            ],
            [
              77.08036041259794,
              13.753422737121696
            ],
            [
              77.07927703857439,
              13.746020317077637
            ],
            [
              77.0805892944336,
              13.737391471862907
            ],
            [
              77.07148742675781,
              13.738750457763786
            ],
            [
              77.06004333496094,
              13.738861083984318
            ],
            [
              77.0547485351563,
              13.744500160217342
            ],
            [
              77.04734802246122,
              13.756079673767147
            ],
            [
              77.03518676757807,
              13.769281387329102
            ],
            [
              77.02636718750028,
              13.771441459655819
            ],
            [
              77.01986694335949,
              13.769860267639217
            ],
            [
              77.0184402465822,
              13.761699676513672
            ],
            [
              77.01384735107439,
              13.747471809387434
            ],
            [
              77.01142120361334,
              13.732721328735579
            ],
            [
              77.00193786621105,
              13.736661911010856
            ],
            [
              76.99392700195324,
              13.741510391235408
            ],
            [
              76.99259185791027,
              13.742550849914664
            ],
            [
              76.99167633056669,
              13.745341300964412
            ],
            [
              76.99212646484392,
              13.74950885772705
            ],
            [
              76.99012756347685,
              13.753089904785213
            ],
            [
              76.98898315429716,
              13.760180473327694
            ],
            [
              76.98634338378935,
              13.76652145385765
            ],
            [
              76.984359741211,
              13.776570320129395
            ],
            [
              76.9812316894533,
              13.785799980163688
            ],
            [
              76.98484802246094,
              13.788701057434139
            ],
            [
              76.9857788085937,
              13.793000221252555
            ],
            [
              76.98371887207048,
              13.80418968200695
            ],
            [
              76.98002624511747,
              13.807191848754826
            ],
            [
              76.96882629394531,
              13.81024169921875
            ],
            [
              76.96839141845732,
              13.814390182495117
            ],
            [
              76.97155761718756,
              13.818861007690487
            ],
            [
              76.97653961181646,
              13.82136058807373
            ],
            [
              76.98398590087896,
              13.827740669250488
            ],
            [
              76.98625946044928,
              13.839229583740348
            ],
            [
              76.98992919921886,
              13.839509963989315
            ],
            [
              76.99413299560575,
              13.838970184326172
            ],
            [
              77.00598907470732,
              13.850090026855469
            ],
            [
              77.00711822509794,
              13.854171752929915
            ],
            [
              77.00802612304693,
              13.862900733947754
            ],
            [
              77.0123062133789,
              13.864090919494686
            ],
            [
              77.01259613037115,
              13.867239952087402
            ],
            [
              77.01169586181669,
              13.871440887451229
            ],
            [
              77.01661682128912,
              13.887729644775334
            ],
            [
              77.01728057861345,
              13.893370628356934
            ],
            [
              77.0278091430664,
              13.897170066833496
            ],
            [
              77.04128265380854,
              13.89739990234375
            ],
            [
              77.03584289550787,
              13.925591468811149
            ],
            [
              77.01860046386719,
              13.934791564941406
            ],
            [
              77.01397705078153,
              13.939481735229492
            ],
            [
              77.00810241699213,
              13.947369575500716
            ],
            [
              76.99942016601568,
              13.950440406799316
            ],
            [
              76.9950561523438,
              13.95272159576416
            ],
            [
              76.99433135986357,
              13.95337963104248
            ],
            [
              76.98899841308622,
              13.956691741943587
            ],
            [
              76.99019622802751,
              13.97027969360363
            ],
            [
              76.9913330078125,
              13.975811958313045
            ],
            [
              76.99437713623047,
              13.981491088867188
            ],
            [
              76.98501586914057,
              13.987520217895565
            ],
            [
              76.977348327637,
              13.993870735168457
            ],
            [
              76.97764587402344,
              13.993860244751033
            ],
            [
              76.9751815795899,
              13.996589660644531
            ],
            [
              76.96420288085966,
              14.002240180969238
            ],
            [
              76.94857025146513,
              14.006779670715275
            ],
            [
              76.94474029541044,
              14.010680198669434
            ],
            [
              76.94232940673845,
              14.015480041503906
            ],
            [
              76.94078063964844,
              14.020601272583121
            ],
            [
              76.93109893798845,
              14.022731781005973
            ],
            [
              76.93371582031244,
              14.040671348571834
            ],
            [
              76.93797302246094,
              14.047599792480526
            ],
            [
              76.94328308105486,
              14.04721927642845
            ],
            [
              76.94972991943354,
              14.04784107208252
            ],
            [
              76.97152709960955,
              14.052391052246207
            ],
            [
              76.97421264648438,
              14.057709693908919
            ],
            [
              76.97500610351568,
              14.06527042388916
            ],
            [
              76.97225189208984,
              14.068401336669922
            ],
            [
              76.97184753417997,
              14.075711250305233
            ],
            [
              76.96808624267595,
              14.079739570617903
            ],
            [
              76.96012115478521,
              14.082969665527344
            ],
            [
              76.95143127441435,
              14.085371971130485
            ],
            [
              76.94629669189447,
              14.085260391235465
            ],
            [
              76.94854736328153,
              14.091411590576286
            ],
            [
              76.94822692871094,
              14.09658145904541
            ],
            [
              76.94658660888678,
              14.102971076965332
            ],
            [
              76.94291687011736,
              14.111901283264217
            ],
            [
              76.93739318847673,
              14.115151405334586
            ],
            [
              76.92697906494152,
              14.12720966339117
            ],
            [
              76.922416687012,
              14.129039764404297
            ],
            [
              76.91712951660156,
              14.124480247497672
            ],
            [
              76.91250610351591,
              14.122109413146973
            ],
            [
              76.8984680175783,
              14.12687969207758
            ],
            [
              76.89090728759771,
              14.127840995788517
            ],
            [
              76.88368225097668,
              14.131031990051326
            ],
            [
              76.88691711425787,
              14.136240005493164
            ],
            [
              76.88919067382818,
              14.15087890625
            ],
            [
              76.89142608642595,
              14.1589994430542
            ],
            [
              76.8967590332033,
              14.161901473999023
            ],
            [
              76.91718292236328,
              14.157670974731673
            ],
            [
              76.92296600341803,
              14.163399696350154
            ],
            [
              76.93698120117205,
              14.165891647338867
            ],
            [
              76.9392471313476,
              14.167710304260254
            ],
            [
              76.94153594970697,
              14.1780300140382
            ],
            [
              76.93923950195307,
              14.186808586120605
            ],
            [
              76.94164276123053,
              14.189311981201172
            ],
            [
              76.94404602050798,
              14.188320159912053
            ],
            [
              76.9490814208985,
              14.183810234069881
            ],
            [
              76.95378112792986,
              14.1810302734375
            ],
            [
              76.95849609375028,
              14.175509452819938
            ],
            [
              76.9656829833985,
              14.174320220947493
            ],
            [
              76.97276306152355,
              14.174289703369197
            ],
            [
              76.97818756103533,
              14.172920227050895
            ],
            [
              76.9862670898438,
              14.172531127929744
            ],
            [
              76.9943923950197,
              14.173749923706055
            ],
            [
              77.00605010986345,
              14.174851417541618
            ],
            [
              77.01403808593767,
              14.173041343689022
            ],
            [
              77.01982879638678,
              14.172701835632324
            ],
            [
              77.02133941650396,
              14.168398857116756
            ],
            [
              77.02105712890653,
              14.16432952880865
            ],
            [
              77.01600646972662,
              14.152690887451172
            ],
            [
              77.01493835449247,
              14.132181167602653
            ],
            [
              77.01380157470732,
              14.127401351928711
            ],
            [
              77.01920318603533,
              14.125290870666618
            ],
            [
              77.02027130126982,
              14.122321128845442
            ],
            [
              77.01635742187517,
              14.11752128601097
            ],
            [
              77.01703643798857,
              14.11195087432867
            ],
            [
              77.016586303711,
              14.106092453002987
            ],
            [
              77.00831604003923,
              14.09813117980957
            ],
            [
              77.01043701171892,
              14.092049598693904
            ],
            [
              77.0147094726563,
              14.088699340820312
            ],
            [
              77.02398681640642,
              14.083371162414608
            ],
            [
              77.02453613281267,
              14.077169418334904
            ],
            [
              77.02024078369146,
              14.061441421508732
            ],
            [
              77.02369689941435,
              14.05325889587408
            ],
            [
              77.02848052978544,
              14.05198001861595
            ],
            [
              77.03485870361345,
              14.051440238952694
            ],
            [
              77.0432205200197,
              14.051670074463118
            ],
            [
              77.05120086669916,
              14.049592018127385
            ],
            [
              77.0690307617188,
              14.047189712524414
            ],
            [
              77.06952667236328,
              14.039441108703613
            ],
            [
              77.07649230957037,
              14.038049697875977
            ],
            [
              77.0907592773438,
              14.038260459900016
            ],
            [
              77.09665679931658,
              14.0407009124757
            ],
            [
              77.1039657592774,
              14.040571212768555
            ],
            [
              77.11015319824219,
              14.042040824890137
            ],
            [
              77.12110137939459,
              14.042180061340389
            ],
            [
              77.12468719482439,
              14.03474140167242
            ],
            [
              77.12783050537121,
              14.018650054931697
            ],
            [
              77.13403320312517,
              14.00967025756836
            ],
            [
              77.13288116455095,
              14.004210472106934
            ],
            [
              77.13434600830107,
              13.998130798339844
            ],
            [
              77.13949584960966,
              13.997190475463924
            ],
            [
              77.1443710327149,
              13.993519783020247
            ],
            [
              77.14459991455084,
              13.993519783020247
            ],
            [
              77.14733886718744,
              13.991621971130371
            ],
            [
              77.15444183349626,
              13.990610122680721
            ],
            [
              77.15836334228544,
              13.993519783020247
            ],
            [
              77.15815734863293,
              13.993519783020247
            ],
            [
              77.1627807617187,
              13.997759819030705
            ],
            [
              77.16168975830095,
              14.006249427795524
            ],
            [
              77.17138671875,
              14.008599281311035
            ],
            [
              77.19455718994146,
              14.002860069274902
            ],
            [
              77.20767974853521,
              14.004871368408203
            ],
            [
              77.21884918212919,
              14.007910728454704
            ],
            [
              77.2272720336914,
              14.007951736450423
            ],
            [
              77.24256896972673,
              14.00631141662592
            ],
            [
              77.25575256347662,
              14.020958900451774
            ],
            [
              77.26451873779303,
              14.026529312133732
            ],
            [
              77.27150726318354,
              14.028101921081543
            ],
            [
              77.27420806884783,
              14.016181945800724
            ],
            [
              77.27260589599638,
              14.00802040100109
            ],
            [
              77.2785110473634,
              14.00690078735363
            ],
            [
              77.28518676757824,
              14.011529922485352
            ],
            [
              77.29228210449247,
              14.014499664306697
            ],
            [
              77.29802703857422,
              14.023031234741211
            ],
            [
              77.30355834960938,
              14.026729583740348
            ],
            [
              77.31349182128923,
              14.024820327758732
            ],
            [
              77.3164825439456,
              14.021459579467887
            ],
            [
              77.31700897216803,
              14.0153226852417
            ],
            [
              77.32022094726568,
              14.00925064086914
            ],
            [
              77.32409667968761,
              14.005310058593693
            ],
            [
              77.33011627197283,
              13.994880676269531
            ],
            [
              77.3296661376956,
              13.993351936340389
            ],
            [
              77.3297729492188,
              13.993351936340389
            ],
            [
              77.33032989501959,
              13.99035930633545
            ],
            [
              77.33347320556669,
              13.988051414489803
            ],
            [
              77.34567260742216,
              13.985580444336165
            ],
            [
              77.35378265380865,
              13.982320785522518
            ],
            [
              77.35338592529314,
              13.976289749145735
            ],
            [
              77.34693908691412,
              13.960589408874512
            ],
            [
              77.34720611572294,
              13.955351829528809
            ],
            [
              77.34374237060558,
              13.950892448425293
            ],
            [
              77.36200714111334,
              13.945468902588004
            ],
            [
              77.3626098632813,
              13.942300796508789
            ],
            [
              77.35263824462896,
              13.928450584411621
            ],
            [
              77.34261322021513,
              13.912241935730037
            ],
            [
              77.34350585937506,
              13.90598106384283
            ],
            [
              77.34590148925781,
              13.903330802917594
            ],
            [
              77.3483428955081,
              13.896540641784668
            ],
            [
              77.35884857177763,
              13.895561218261946
            ],
            [
              77.39041900634771,
              13.897689819336051
            ],
            [
              77.391860961914,
              13.879890441894588
            ],
            [
              77.3962631225586,
              13.880440711975098
            ],
            [
              77.39705657959001,
              13.880540847778548
            ],
            [
              77.40850830078142,
              13.888810157775822
            ],
            [
              77.41896820068376,
              13.894908905029354
            ],
            [
              77.42562866210938,
              13.902051925659293
            ],
            [
              77.42740631103521,
              13.909219741821403
            ],
            [
              77.42250061035162,
              13.91195011138916
            ],
            [
              77.41015625000028,
              13.914601325988883
            ],
            [
              77.40843963623075,
              13.92161083221447
            ],
            [
              77.40770721435547,
              13.936100006103572
            ],
            [
              77.42257690429688,
              13.93900108337425
            ],
            [
              77.42870330810564,
              13.943341255188045
            ],
            [
              77.42904663085932,
              13.956381797790755
            ],
            [
              77.43090057373058,
              13.961991310119743
            ],
            [
              77.4306411743164,
              13.968779563904036
            ],
            [
              77.42661285400408,
              13.973281860351506
            ],
            [
              77.42050170898455,
              13.976870536804256
            ],
            [
              77.41018676757812,
              13.976922035217228
            ],
            [
              77.3865127563476,
              13.974001884460506
            ],
            [
              77.37565612792969,
              13.969111442566032
            ],
            [
              77.37269592285162,
              13.97551059722906
            ],
            [
              77.37320709228533,
              13.981710433960018
            ],
            [
              77.37988281250017,
              13.993281364441145
            ],
            [
              77.3833618164063,
              14.00735855102539
            ],
            [
              77.37507629394526,
              14.01210021972679
            ],
            [
              77.36232757568376,
              14.015990257263184
            ],
            [
              77.35009765625,
              14.016450881958008
            ],
            [
              77.34406280517584,
              14.019060134887809
            ],
            [
              77.32618713378918,
              14.022939682006893
            ],
            [
              77.33126068115251,
              14.039841651916618
            ],
            [
              77.33454895019537,
              14.047790527343807
            ],
            [
              77.33796691894537,
              14.053831100463924
            ],
            [
              77.35012054443376,
              14.05338191986084
            ],
            [
              77.35855865478521,
              14.058929443359375
            ],
            [
              77.36136627197283,
              14.065951347351302
            ],
            [
              77.37238311767607,
              14.07185173034668
            ],
            [
              77.3796615600586,
              14.090391159057617
            ],
            [
              77.3856811523438,
              14.093461036682072
            ],
            [
              77.39544677734403,
              14.10344123840332
            ],
            [
              77.39643096923822,
              14.110569953918457
            ],
            [
              77.39444732666021,
              14.114641189575309
            ],
            [
              77.38973999023466,
              14.118570327759016
            ],
            [
              77.38035583496105,
              14.116629600525016
            ],
            [
              77.3732528686524,
              14.112580299377441
            ],
            [
              77.35893249511724,
              14.108721733093375
            ],
            [
              77.35246276855474,
              14.105351448059196
            ],
            [
              77.34851074218761,
              14.099261283874512
            ],
            [
              77.344535827637,
              14.0960111618042
            ],
            [
              77.34651184082048,
              14.110440254211653
            ],
            [
              77.34651184082048,
              14.117850303649902
            ],
            [
              77.34773254394537,
              14.12434101104742
            ],
            [
              77.35485839843744,
              14.123749732971305
            ],
            [
              77.36501312255876,
              14.127109527587834
            ],
            [
              77.37668609619146,
              14.1296005249024
            ],
            [
              77.37873077392595,
              14.138279914856014
            ],
            [
              77.38262176513678,
              14.14772033691412
            ],
            [
              77.38955688476591,
              14.15354061126709
            ],
            [
              77.38971710205107,
              14.165260314941634
            ],
            [
              77.39745330810547,
              14.166500091552962
            ],
            [
              77.40972137451178,
              14.169719696044979
            ],
            [
              77.41631317138689,
              14.16930103302002
            ],
            [
              77.42347717285185,
              14.165080070495605
            ],
            [
              77.45392608642584,
              14.162981033325195
            ],
            [
              77.46333312988293,
              14.164230346679688
            ],
            [
              77.48854064941435,
              14.153079986572266
            ],
            [
              77.50044250488298,
              14.150960922241325
            ],
            [
              77.50267028808588,
              14.157120704650993
            ],
            [
              77.50679016113287,
              14.164240837097282
            ],
            [
              77.51035308837908,
              14.172019958496037
            ],
            [
              77.50942230224615,
              14.176950454711971
            ],
            [
              77.50414276123058,
              14.180660247802848
            ],
            [
              77.5010833740235,
              14.193221092224121
            ],
            [
              77.49971008300787,
              14.204469680786246
            ],
            [
              77.4930877685548,
              14.213970184326229
            ],
            [
              77.49285125732428,
              14.220060348510742
            ],
            [
              77.49008178710932,
              14.227630615234602
            ],
            [
              77.4962768554688,
              14.240409851074446
            ],
            [
              77.49878692626959,
              14.249540328979549
            ],
            [
              77.49936676025396,
              14.260510444641113
            ],
            [
              77.49626159667974,
              14.271751403808707
            ],
            [
              77.4921417236331,
              14.271281242370549
            ],
            [
              77.48439025878923,
              14.27525997161871
            ],
            [
              77.47934722900402,
              14.284770965576229
            ],
            [
              77.47912597656256,
              14.283740997314453
            ],
            [
              77.46842956542974,
              14.279439926147518
            ],
            [
              77.4546966552735,
              14.272190093994197
            ],
            [
              77.44362640380865,
              14.27755069732666
            ],
            [
              77.44243621826189,
              14.290910720825195
            ],
            [
              77.44233703613287,
              14.309750556945858
            ],
            [
              77.4275283813476,
              14.304849624633789
            ],
            [
              77.42587280273438,
              14.320811271667594
            ],
            [
              77.42072296142578,
              14.321991920471191
            ],
            [
              77.4092864990235,
              14.327101707458496
            ],
            [
              77.39488983154325,
              14.3291597366333
            ],
            [
              77.38565826416021,
              14.324870109558049
            ],
            [
              77.37882232666021,
              14.317079544067383
            ],
            [
              77.3738632202149,
              14.305109977722225
            ],
            [
              77.37500762939459,
              14.295188903808707
            ],
            [
              77.38120269775408,
              14.282991409301985
            ],
            [
              77.38504791259783,
              14.272450447082633
            ],
            [
              77.3843383789063,
              14.265610694885481
            ],
            [
              77.38986968994146,
              14.261389732360897
            ],
            [
              77.4010162353515,
              14.260410308838004
            ],
            [
              77.40479278564482,
              14.248600959777946
            ],
            [
              77.40618133544922,
              14.236710548400822
            ],
            [
              77.40905761718767,
              14.223581314086914
            ],
            [
              77.41470336914091,
              14.217060089111385
            ],
            [
              77.41570281982416,
              14.21196174621582
            ],
            [
              77.41487884521496,
              14.2032213211059
            ],
            [
              77.3912200927735,
              14.190881729126033
            ],
            [
              77.38378906250011,
              14.191821098327694
            ],
            [
              77.380111694336,
              14.202550888061523
            ],
            [
              77.38162231445312,
              14.210180282592773
            ],
            [
              77.37661743164062,
              14.216711997985897
            ],
            [
              77.36431121826178,
              14.223310470581055
            ],
            [
              77.35540771484403,
              14.230039596557674
            ],
            [
              77.35923767089838,
              14.243600845336857
            ],
            [
              77.35826873779325,
              14.260320663452148
            ],
            [
              77.35926055908203,
              14.269330024719466
            ],
            [
              77.35340881347662,
              14.270679473877067
            ],
            [
              77.34336853027372,
              14.270520210266227
            ],
            [
              77.32058715820312,
              14.273450851440373
            ],
            [
              77.30748748779303,
              14.273839950561523
            ],
            [
              77.29545593261724,
              14.276471138000431
            ],
            [
              77.28549957275396,
              14.274749755859432
            ],
            [
              77.27958679199224,
              14.276089668273869
            ],
            [
              77.28189086914068,
              14.290459632873649
            ],
            [
              77.2826766967774,
              14.302280426025447
            ],
            [
              77.28114318847662,
              14.331110954284782
            ],
            [
              77.27330780029303,
              14.331750869750977
            ],
            [
              77.26732635498047,
              14.327010154724235
            ],
            [
              77.25785064697271,
              14.325701713562012
            ],
            [
              77.25129699707031,
              14.32060241699213
            ],
            [
              77.24508666992193,
              14.314530372619572
            ],
            [
              77.23195648193365,
              14.311070442199764
            ],
            [
              77.22292327880876,
              14.314981460571289
            ],
            [
              77.20979309082037,
              14.313010215759277
            ],
            [
              77.19635772705072,
              14.314299583435059
            ],
            [
              77.1795120239259,
              14.326370239257812
            ],
            [
              77.17674255371111,
              14.326290130615234
            ],
            [
              77.17188262939464,
              14.330230712890682
            ],
            [
              77.16422271728521,
              14.330460548401106
            ],
            [
              77.15975952148455,
              14.336238861084041
            ],
            [
              77.15215301513689,
              14.337740898132381
            ],
            [
              77.14644622802734,
              14.33219146728527
            ],
            [
              77.14054107666021,
              14.336111068725813
            ],
            [
              77.13553619384783,
              14.334012031555233
            ],
            [
              77.13191986084001,
              14.330591201782227
            ],
            [
              77.13262939453153,
              14.324049949645996
            ],
            [
              77.13092803955072,
              14.313810348510799
            ],
            [
              77.12577056884794,
              14.301531791687069
            ],
            [
              77.11730957031256,
              14.291410446166992
            ],
            [
              77.11192321777344,
              14.287530899047852
            ],
            [
              77.11054229736328,
              14.27493000030529
            ],
            [
              77.10692596435564,
              14.261760711669865
            ],
            [
              77.11551666259783,
              14.256819725036735
            ],
            [
              77.11157989501959,
              14.248461723327694
            ],
            [
              77.11299896240229,
              14.239919662475586
            ],
            [
              77.11046600341808,
              14.231980323791504
            ],
            [
              77.10994720458979,
              14.221480369567928
            ],
            [
              77.10507965087896,
              14.213281631469727
            ],
            [
              77.09522247314482,
              14.209480285644588
            ],
            [
              77.08486938476568,
              14.208450317382756
            ],
            [
              77.07534027099615,
              14.209349632263297
            ],
            [
              77.06761932373047,
              14.217860221862736
            ],
            [
              77.06022644042986,
              14.224160194396973
            ],
            [
              77.05532073974615,
              14.23230075836193
            ],
            [
              77.0496292114259,
              14.239542007446403
            ],
            [
              77.04064941406256,
              14.24075889587408
            ],
            [
              77.03304290771513,
              14.240489959716854
            ],
            [
              77.02458953857428,
              14.236680984497184
            ],
            [
              77.01251220703142,
              14.235091209411735
            ],
            [
              77.00411987304705,
              14.231569290161076
            ],
            [
              76.99456024169916,
              14.235560417175407
            ],
            [
              76.99279022216808,
              14.232989311218262
            ],
            [
              76.98937988281278,
              14.23640060424799
            ],
            [
              76.98248291015636,
              14.238151550293082
            ],
            [
              76.97560882568365,
              14.237420082092399
            ],
            [
              76.96971893310575,
              14.235211372375545
            ],
            [
              76.9615707397461,
              14.23590183258068
            ],
            [
              76.95139312744152,
              14.234151840209904
            ],
            [
              76.94346618652361,
              14.236310005188045
            ],
            [
              76.93784332275396,
              14.240120887756461
            ],
            [
              76.9359893798831,
              14.248771667480526
            ],
            [
              76.93363189697271,
              14.253500938415527
            ],
            [
              76.92582702636724,
              14.264399528503361
            ],
            [
              76.92485809326178,
              14.27218055725109
            ],
            [
              76.93548583984392,
              14.276641845703352
            ],
            [
              76.94375610351568,
              14.281681060791072
            ],
            [
              76.94873809814482,
              14.286761283874512
            ],
            [
              76.9501113891601,
              14.2940292358399
            ],
            [
              76.94670104980469,
              14.300449371338004
            ],
            [
              76.94293975830084,
              14.305378913879622
            ],
            [
              76.93656158447294,
              14.308409690856934
            ],
            [
              76.92314910888678,
              14.309650421142578
            ],
            [
              76.9168090820313,
              14.31225967407238
            ],
            [
              76.90615844726568,
              14.315340995788517
            ],
            [
              76.89897155761747,
              14.31924057006836
            ],
            [
              76.8853607177735,
              14.33959102630621
            ],
            [
              76.87909698486334,
              14.346389770507812
            ],
            [
              76.87861633300798,
              14.351392745971737
            ],
            [
              76.88314056396513,
              14.390291213989258
            ],
            [
              76.88677978515653,
              14.392451286315918
            ],
            [
              76.89232635498041,
              14.392870903015364
            ],
            [
              76.89663696289068,
              14.394479751586914
            ],
            [
              76.90116119384766,
              14.398320198059196
            ],
            [
              76.91310119628935,
              14.413552284240723
            ],
            [
              76.91896820068371,
              14.41145038604742
            ],
            [
              76.93678283691406,
              14.401309967041072
            ],
            [
              76.94156646728533,
              14.399541854858398
            ],
            [
              76.94359588623075,
              14.403261184692383
            ],
            [
              76.94467926025396,
              14.40892028808588
            ],
            [
              76.944320678711,
              14.425231933593977
            ],
            [
              76.94271087646501,
              14.439841270446777
            ],
            [
              76.94378662109403,
              14.445101737976074
            ],
            [
              76.95858764648443,
              14.445390701293888
            ],
            [
              76.96437072753918,
              14.451741218567008
            ],
            [
              76.97419738769548,
              14.470360755920353
            ],
            [
              76.97339630126953,
              14.478281021118221
            ],
            [
              76.96909332275396,
              14.479089736938533
            ],
            [
              76.95580291748075,
              14.479589462280387
            ],
            [
              76.9454116821289,
              14.482151031494197
            ],
            [
              76.90651702880865,
              14.484161376953352
            ],
            [
              76.89427185058611,
              14.4807519912722
            ],
            [
              76.88549041748064,
              14.475940704345817
            ],
            [
              76.88030242919916,
              14.470529556274528
            ],
            [
              76.87020111083979,
              14.468440055847282
            ],
            [
              76.86380767822271,
              14.474671363830623
            ],
            [
              76.86044311523466,
              14.487131118774528
            ],
            [
              76.85421752929705,
              14.498880386352596
            ],
            [
              76.84393310546892,
              14.509149551391602
            ],
            [
              76.83207702636736,
              14.515070915222168
            ],
            [
              76.82842254638666,
              14.522240638732853
            ],
            [
              76.82758331298834,
              14.523058891296387
            ],
            [
              76.81973266601568,
              14.520339965820312
            ],
            [
              76.81089782714844,
              14.523799896240348
            ],
            [
              76.80509185791021,
              14.524870872497559
            ],
            [
              76.79972839355474,
              14.527731895446777
            ],
            [
              76.79469299316423,
              14.540730476379451
            ],
            [
              76.78617095947271,
              14.553059577941895
            ],
            [
              76.78405761718756,
              14.561980247497615
            ],
            [
              76.77815246582037,
              14.579331398010254
            ],
            [
              76.77628326416021,
              14.590330123901424
            ],
            [
              76.7743530273438,
              14.590570449829102
            ],
            [
              76.77275085449219,
              14.587201118469238
            ],
            [
              76.76091003417963,
              14.596281051635799
            ],
            [
              76.76017761230486,
              14.602010726928768
            ],
            [
              76.76297760009794,
              14.611921310424862
            ],
            [
              76.7695083618164,
              14.65631103515625
            ],
            [
              76.77127838134771,
              14.673839569091854
            ],
            [
              76.7810821533206,
              14.69047069549572
            ],
            [
              76.78553771972673,
              14.70709133148199
            ],
            [
              76.79807281494169,
              14.734590530395508
            ],
            [
              76.79502868652372,
              14.741131782531738
            ],
            [
              76.788139343262,
              14.751840591430721
            ],
            [
              76.78642272949247,
              14.761911392211971
            ],
            [
              76.78128814697294,
              14.77433013916027
            ],
            [
              76.7803497314456,
              14.779261589050293
            ],
            [
              76.81096649169928,
              14.781431198120117
            ],
            [
              76.8167114257813,
              14.782490730285588
            ],
            [
              76.81735229492216,
              14.785440444946403
            ],
            [
              76.82073211669928,
              14.786609649658317
            ],
            [
              76.82641601562506,
              14.786980628967228
            ],
            [
              76.83136749267584,
              14.784111976623478
            ],
            [
              76.83377075195307,
              14.784909248352108
            ],
            [
              76.8349685668947,
              14.800131797790527
            ],
            [
              76.83721160888672,
              14.804141044616813
            ],
            [
              76.84691619873075,
              14.802310943603459
            ],
            [
              76.8487396240235,
              14.80403137207054
            ],
            [
              76.84960174560541,
              14.811809539795036
            ],
            [
              76.84854125976568,
              14.814250946044979
            ],
            [
              76.84445190429682,
              14.815590858459416
            ],
            [
              76.84298706054688,
              14.82430171966547
            ],
            [
              76.84026336669922,
              14.828071594238338
            ],
            [
              76.84008789062517,
              14.830040931701774
            ],
            [
              76.84436035156256,
              14.833251953125114
            ],
            [
              76.84938812255888,
              14.838699340820312
            ],
            [
              76.85411834716808,
              14.861371994018612
            ],
            [
              76.85167694091825,
              14.862521171569938
            ],
            [
              76.8508758544923,
              14.87285041809082
            ],
            [
              76.84905242919939,
              14.879931449890137
            ],
            [
              76.84326171875028,
              14.881471633911133
            ],
            [
              76.84377288818365,
              14.886420249939022
            ],
            [
              76.84613800048857,
              14.890331268310774
            ],
            [
              76.86030578613298,
              14.89118957519554
            ],
            [
              76.86271667480497,
              14.901769638061523
            ],
            [
              76.86389923095697,
              14.911741256714095
            ],
            [
              76.86348724365263,
              14.915642738342342
            ],
            [
              76.86547851562517,
              14.937600135803336
            ],
            [
              76.86367034912138,
              14.955210685730094
            ],
            [
              76.8644561767581,
              14.964019775390625
            ],
            [
              76.84115600585949,
              14.961171150207633
            ],
            [
              76.83587646484375,
              14.95908069610607
            ],
            [
              76.83255004882818,
              14.953480720520076
            ],
            [
              76.82789611816423,
              14.951009750366268
            ],
            [
              76.82364654541044,
              14.95361137390131
            ],
            [
              76.82028198242205,
              14.959170341491927
            ],
            [
              76.81545257568354,
              14.96380996704113
            ],
            [
              76.79688262939459,
              14.962921142578182
            ],
            [
              76.77208709716803,
              14.968640327453556
            ],
            [
              76.76377105712885,
              14.969869613647461
            ],
            [
              76.7618560791015,
              14.975280761718807
            ],
            [
              76.75863647460938,
              14.979460716247615
            ],
            [
              76.75698852539068,
              14.982971191406364
            ],
            [
              76.75923919677751,
              14.985070228576717
            ],
            [
              76.76235961914068,
              14.989461898803654
            ],
            [
              76.76518249511724,
              14.989061355590877
            ],
            [
              76.76622009277372,
              14.990811347961426
            ],
            [
              76.76805877685553,
              14.995639801025447
            ],
            [
              76.76953125000017,
              15.000581741333121
            ],
            [
              76.77974700927763,
              15.005889892578239
            ],
            [
              76.78457641601562,
              15.016670227050838
            ],
            [
              76.78179168701178,
              15.023329734802303
            ],
            [
              76.7807922363283,
              15.03423976898199
            ],
            [
              76.77501678466791,
              15.043959617614803
            ],
            [
              76.77112579345709,
              15.05409145355236
            ],
            [
              76.77082061767572,
              15.058288574218807
            ],
            [
              76.7725601196289,
              15.065119743347111
            ],
            [
              76.77574157714872,
              15.069161415100154
            ],
            [
              76.774223327637,
              15.071380615234375
            ],
            [
              76.7763671875,
              15.073292732238826
            ],
            [
              76.77860260009794,
              15.07157039642334
            ],
            [
              76.78391265869146,
              15.075670242309627
            ],
            [
              76.78224945068388,
              15.07882022857666
            ],
            [
              76.78423309326189,
              15.080780029297102
            ],
            [
              76.78756713867216,
              15.080439567565918
            ],
            [
              76.79693603515653,
              15.09076023101818
            ],
            [
              76.81188201904314,
              15.080230712890682
            ],
            [
              76.82126617431646,
              15.07485198974615
            ],
            [
              76.82943725585955,
              15.07429122924799
            ],
            [
              76.83740997314453,
              15.072469711303711
            ],
            [
              76.84320831298834,
              15.06615924835205
            ],
            [
              76.86057281494146,
              15.056710243225098
            ],
            [
              76.864067077637,
              15.05000019073509
            ],
            [
              76.86975097656256,
              15.044019699096623
            ],
            [
              76.87670135498047,
              15.028678894042969
            ],
            [
              76.88868713378935,
              15.031750679016227
            ],
            [
              76.89620971679693,
              15.031881332397518
            ],
            [
              76.90544128417997,
              15.029290199279842
            ],
            [
              76.91352081298845,
              15.030950546264876
            ],
            [
              76.9193572998048,
              15.028521537780762
            ],
            [
              76.9316711425783,
              15.026310920715332
            ],
            [
              76.94274902343756,
              15.027030944824332
            ],
            [
              76.95066833496122,
              15.024431228637809
            ],
            [
              76.96679687500006,
              15.013169288635368
            ],
            [
              76.98178100585932,
              15.010360717773438
            ],
            [
              76.98351287841797,
              15.020421981811523
            ],
            [
              76.9956512451173,
              15.023680686950684
            ],
            [
              76.99862670898438,
              15.027061462402457
            ],
            [
              77.00067901611328,
              15.02958965301525
            ],
            [
              77.00929260253923,
              15.029581069946403
            ],
            [
              77.02295684814482,
              15.027650833129996
            ],
            [
              77.03745269775419,
              15.027570724487418
            ],
            [
              77.04688262939453,
              15.02921199798584
            ],
            [
              77.04878997802734,
              15.023860931396541
            ],
            [
              77.04638671875011,
              15.016017913818416
            ],
            [
              77.04100799560553,
              15.005481719970703
            ],
            [
              77.05092620849615,
              15.004289627075195
            ],
            [
              77.06147003173857,
              15.001549720764103
            ],
            [
              77.06858825683611,
              15.001110076904297
            ],
            [
              77.07881927490263,
              15.000009536743278
            ],
            [
              77.08049774169928,
              15.007910728454647
            ],
            [
              77.08206939697294,
              15.022290229797363
            ],
            [
              77.08825683593767,
              15.023037910461426
            ],
            [
              77.0907821655274,
              15.027722358703727
            ],
            [
              77.10167694091803,
              15.027340888977164
            ],
            [
              77.10957336425776,
              15.028569221496582
            ],
            [
              77.11161041259777,
              15.038129806518555
            ],
            [
              77.1160659790039,
              15.040102005004826
            ],
            [
              77.11839294433611,
              15.050630569458008
            ],
            [
              77.1209106445313,
              15.055070877075252
            ],
            [
              77.12552642822271,
              15.068209648132324
            ],
            [
              77.12760925292974,
              15.09364128112793
            ],
            [
              77.13938903808594,
              15.099881172180119
            ],
            [
              77.14771270751947,
              15.107330322265739
            ],
            [
              77.15403747558611,
              15.120520591735783
            ],
            [
              77.15276336669928,
              15.131621360778809
            ],
            [
              77.1564483642581,
              15.139850616455192
            ],
            [
              77.17224884033209,
              15.136611938476562
            ],
            [
              77.17719268798834,
              15.136859893798771
            ],
            [
              77.18297576904325,
              15.149471282958984
            ],
            [
              77.18756866455107,
              15.150860786437988
            ],
            [
              77.18992614746111,
              15.150700569152889
            ],
            [
              77.19258117675798,
              15.153000831603947
            ],
            [
              77.19889068603533,
              15.151749610900936
            ],
            [
              77.20970153808588,
              15.148090362548942
            ],
            [
              77.20984649658214,
              15.145960807800407
            ],
            [
              77.21642303466814,
              15.144251823425407
            ],
            [
              77.21684265136724,
              15.141600608825911
            ],
            [
              77.22370147705084,
              15.139092445373535
            ],
            [
              77.23365020751959,
              15.137440681457463
            ],
            [
              77.24749755859392,
              15.137340545654524
            ],
            [
              77.25511169433594,
              15.135930061340275
            ],
            [
              77.26023101806669,
              15.135770797729492
            ],
            [
              77.26484680175781,
              15.131520271301383
            ],
            [
              77.26669311523466,
              15.124039649963379
            ],
            [
              77.27346038818376,
              15.125321388244743
            ],
            [
              77.28864288330107,
              15.124721527099666
            ],
            [
              77.2937698364259,
              15.136869430542106
            ],
            [
              77.29698944091803,
              15.146941184997786
            ],
            [
              77.30535125732428,
              15.147530555725098
            ],
            [
              77.31559753417986,
              15.169759750366211
            ],
            [
              77.33464813232422,
              15.169231414795036
            ],
            [
              77.34665679931635,
              15.170120239257926
            ],
            [
              77.34902954101568,
              15.18766021728527
            ],
            [
              77.35119628906278,
              15.19071197509777
            ],
            [
              77.35135650634771,
              15.194170951843319
            ],
            [
              77.35395812988298,
              15.19520187377941
            ],
            [
              77.35565948486345,
              15.19930171966547
            ],
            [
              77.36057281494135,
              15.215641021728516
            ],
            [
              77.3677597045899,
              15.214729309082145
            ],
            [
              77.38109588623053,
              15.210549354553336
            ],
            [
              77.391586303711,
              15.210921287536564
            ],
            [
              77.3999633789063,
              15.212080955505314
            ],
            [
              77.40396118164068,
              15.216857910156193
            ],
            [
              77.42022705078136,
              15.21660041809082
            ],
            [
              77.42694854736322,
              15.213911056518668
            ],
            [
              77.42897796630865,
              15.209711074829102
            ],
            [
              77.43016815185575,
              15.20264053344738
            ],
            [
              77.44732666015653,
              15.198921203613395
            ],
            [
              77.44272613525402,
              15.2051296234132
            ],
            [
              77.44602203369135,
              15.207260131835994
            ],
            [
              77.44718170166016,
              15.214171409606877
            ],
            [
              77.46375274658232,
              15.208099365234318
            ],
            [
              77.47366333007841,
              15.203330993652287
            ],
            [
              77.4785766601563,
              15.202189445495662
            ],
            [
              77.4810409545899,
              15.205190658569279
            ],
            [
              77.49299621582048,
              15.208299636840934
            ],
            [
              77.49452972412126,
              15.212499618530273
            ],
            [
              77.4992980957033,
              15.214530944824332
            ],
            [
              77.52098083496088,
              15.2169704437257
            ],
            [
              77.52494049072277,
              15.215360641479492
            ],
            [
              77.53759002685547,
              15.203070640564079
            ],
            [
              77.54331970214844,
              15.200429916381836
            ],
            [
              77.55197906494146,
              15.19866085052496
            ],
            [
              77.56006622314482,
              15.195790290832633
            ],
            [
              77.5668563842774,
              15.192400932312012
            ],
            [
              77.57624816894543,
              15.181879997253418
            ],
            [
              77.58168792724626,
              15.178149223327694
            ],
            [
              77.59099578857422,
              15.175799369812012
            ],
            [
              77.6065063476563,
              15.175459861755314
            ],
            [
              77.61081695556635,
              15.19779109954834
            ],
            [
              77.62992095947283,
              15.199939727783317
            ],
            [
              77.63468170166016,
              15.214949607849121
            ],
            [
              77.63797760009771,
              15.215419769287223
            ],
            [
              77.64499664306658,
              15.218359947204533
            ],
            [
              77.64598083496094,
              15.223251342773494
            ],
            [
              77.65629577636724,
              15.225621223449707
            ],
            [
              77.66333007812517,
              15.22528171539301
            ],
            [
              77.6701965332033,
              15.223389625549316
            ],
            [
              77.67288208007818,
              15.219240188598633
            ],
            [
              77.67301177978516,
              15.213028907775993
            ],
            [
              77.67922210693365,
              15.207000732421875
            ],
            [
              77.68382263183605,
              15.206070899963379
            ],
            [
              77.68541717529297,
              15.202590942382812
            ],
            [
              77.6901931762697,
              15.200901985168514
            ],
            [
              77.69307708740251,
              15.197292327880973
            ],
            [
              77.69428253173834,
              15.193781852722225
            ],
            [
              77.69193267822283,
              15.189229965209961
            ],
            [
              77.69000244140642,
              15.176280021667594
            ]
          ]
        ]
      }
    },
    {
      "type": "Feature",
      "properties": {
        "ID_0": 105,
        "ISO": "IND",
        "NAME_0": "India",
        "ID_1": 2,
        "NAME_1": "Andhra Pradesh",
        "ID_2": 5,
        "NAME_2": "Chittoor",
        "NL_NAME_2": null,
        "VARNAME_2": "Chitoor|Chittor",
        "TYPE_2": "District",
        "ENGTYPE_2": "District",
        "district_name": "CHITTOOR",
        "shapeName": "CHITTOOR"
      },
      "geometry": {
        "type": "Polygon",
        "coordinates": [
          [
            [
              78.47611236572271,
              13.93680191040039
            ],
            [
              78.48207855224638,
              13.930071830749512
            ],
            [
              78.48639678955084,
              13.929451942443848
            ],
            [
              78.4910430908206,
              13.935319900512809
            ],
            [
              78.49455261230486,
              13.944361686706486
            ],
            [
              78.49888610839838,
              13.950360298156738
            ],
            [
              78.50924682617188,
              13.955919265747184
            ],
            [
              78.51220703125028,
              13.962719917297306
            ],
            [
              78.53119659423834,
              13.974301338195914
            ],
            [
              78.536361694336,
              13.980910301208496
            ],
            [
              78.5558471679688,
              13.979209899902344
            ],
            [
              78.56162261962919,
              13.97598934173584
            ],
            [
              78.56758117675798,
              13.974321365356445
            ],
            [
              78.5738830566408,
              13.973621368408203
            ],
            [
              78.57103729248064,
              13.965090751648063
            ],
            [
              78.56727600097662,
              13.959041595459098
            ],
            [
              78.56241607666016,
              13.953180313110408
            ],
            [
              78.58074188232439,
              13.947301864624023
            ],
            [
              78.58883666992193,
              13.948641777038631
            ],
            [
              78.5861206054688,
              13.940460205078068
            ],
            [
              78.58065032958996,
              13.918340682983398
            ],
            [
              78.57878112792997,
              13.908129692077637
            ],
            [
              78.57859039306669,
              13.901181221008358
            ],
            [
              78.5878524780274,
              13.901300430297908
            ],
            [
              78.59834289550787,
              13.901310920715332
            ],
            [
              78.61592102050787,
              13.896470069885254
            ],
            [
              78.6257629394533,
              13.896950721740836
            ],
            [
              78.62760925292997,
              13.893199920654354
            ],
            [
              78.64335632324224,
              13.898029327392521
            ],
            [
              78.64697265625006,
              13.89649963378912
            ],
            [
              78.64628601074247,
              13.889270782470703
            ],
            [
              78.6344528198245,
              13.878200531005803
            ],
            [
              78.63407135009794,
              13.870330810546875
            ],
            [
              78.63197326660185,
              13.864199638366813
            ],
            [
              78.63506317138666,
              13.858381271362418
            ],
            [
              78.64817047119152,
              13.85818958282465
            ],
            [
              78.66256713867205,
              13.859120368957633
            ],
            [
              78.67719268798857,
              13.860468864440918
            ],
            [
              78.68863677978544,
              13.862590789794922
            ],
            [
              78.6960067749024,
              13.86641979217535
            ],
            [
              78.6973266601563,
              13.874910354614201
            ],
            [
              78.70522308349638,
              13.877631187439022
            ],
            [
              78.71405029296875,
              13.876399993896541
            ],
            [
              78.72170257568376,
              13.871040344238224
            ],
            [
              78.72870635986357,
              13.86442089080822
            ],
            [
              78.73140716552734,
              13.85985088348383
            ],
            [
              78.73555755615263,
              13.857920646667594
            ],
            [
              78.74073028564447,
              13.848561286926497
            ],
            [
              78.74101257324224,
              13.843571662902832
            ],
            [
              78.74275207519537,
              13.83660030365013
            ],
            [
              78.7484207153322,
              13.827191352844295
            ],
            [
              78.75646972656256,
              13.819310188293457
            ],
            [
              78.76209259033197,
              13.81781101226818
            ],
            [
              78.76876068115263,
              13.817570686340275
            ],
            [
              78.77371215820341,
              13.820159912109375
            ],
            [
              78.77397155761736,
              13.827389717102278
            ],
            [
              78.77826690673857,
              13.839749336242676
            ],
            [
              78.77645111084001,
              13.848781585693473
            ],
            [
              78.77281188964861,
              13.854440689087028
            ],
            [
              78.77391052246122,
              13.856900215148926
            ],
            [
              78.78939056396484,
              13.868851661682186
            ],
            [
              78.80020141601591,
              13.871270179748535
            ],
            [
              78.8491821289063,
              13.876691818237418
            ],
            [
              78.85946655273443,
              13.883700370788517
            ],
            [
              78.8722763061524,
              13.88694953918457
            ],
            [
              78.89016723632818,
              13.885199546813965
            ],
            [
              78.91374206542969,
              13.887250900268555
            ],
            [
              78.92610931396513,
              13.885899543762207
            ],
            [
              78.93031311035185,
              13.8768310546875
            ],
            [
              78.9403686523438,
              13.874159812927303
            ],
            [
              78.95053100585966,
              13.876191139221305
            ],
            [
              78.9633178710937,
              13.876470565796012
            ],
            [
              78.97042846679705,
              13.877531051635742
            ],
            [
              78.97413635253918,
              13.878959655761946
            ],
            [
              78.97885894775396,
              13.889031410217285
            ],
            [
              78.9806900024414,
              13.898229598999137
            ],
            [
              78.98367309570324,
              13.898819923401106
            ],
            [
              78.98934936523443,
              13.898070335388297
            ],
            [
              78.99577331542986,
              13.896870613098258
            ],
            [
              78.99919891357422,
              13.89288139343273
            ],
            [
              79.01631927490263,
              13.885999679565487
            ],
            [
              79.01757049560553,
              13.87788200378418
            ],
            [
              79.0200805664063,
              13.87653923034668
            ],
            [
              79.03553771972662,
              13.873300552368221
            ],
            [
              79.04902648925781,
              13.868851661682186
            ],
            [
              79.05535125732428,
              13.867821693420353
            ],
            [
              79.06211853027338,
              13.868500709533919
            ],
            [
              79.07019042968767,
              13.867051124572697
            ],
            [
              79.07647705078142,
              13.864230155944938
            ],
            [
              79.08087921142578,
              13.85803031921381
            ],
            [
              79.0902175903322,
              13.837609291076717
            ],
            [
              79.09964752197277,
              13.836540222167969
            ],
            [
              79.11138916015642,
              13.837351799011174
            ],
            [
              79.12149810791033,
              13.840351104736385
            ],
            [
              79.13971710205107,
              13.849260330200423
            ],
            [
              79.1433715820312,
              13.844849586487044
            ],
            [
              79.17395782470703,
              13.82191085815441
            ],
            [
              79.20173645019526,
              13.8034410476684
            ],
            [
              79.20719909667974,
              13.79889106750494
            ],
            [
              79.20105743408209,
              13.795499801635742
            ],
            [
              79.19126892089844,
              13.794171333312988
            ],
            [
              79.1834487915039,
              13.787800788879338
            ],
            [
              79.18093109130888,
              13.782141685485783
            ],
            [
              79.18470764160168,
              13.779180526733455
            ],
            [
              79.18974304199219,
              13.772111892700195
            ],
            [
              79.20556640625,
              13.76109886169445
            ],
            [
              79.20983123779303,
              13.75525093078619
            ],
            [
              79.21231079101568,
              13.75011062622076
            ],
            [
              79.21595001220709,
              13.745651245117244
            ],
            [
              79.22189331054693,
              13.74242973327631
            ],
            [
              79.22637939453142,
              13.741471290588606
            ],
            [
              79.23426818847662,
              13.747929573059196
            ],
            [
              79.2462768554688,
              13.747020721435547
            ],
            [
              79.2771301269533,
              13.748370170593319
            ],
            [
              79.28385162353521,
              13.746232032776106
            ],
            [
              79.28946685791044,
              13.73497104644781
            ],
            [
              79.29392242431658,
              13.718941688537654
            ],
            [
              79.30000305175798,
              13.712220191955566
            ],
            [
              79.34117126464838,
              13.729910850524902
            ],
            [
              79.37052917480497,
              13.744879722595272
            ],
            [
              79.37760925292969,
              13.747631072998104
            ],
            [
              79.38417053222662,
              13.746870040893555
            ],
            [
              79.4000778198245,
              13.74807071685791
            ],
            [
              79.4078903198245,
              13.749541282653809
            ],
            [
              79.41068267822271,
              13.75813102722168
            ],
            [
              79.41127777099615,
              13.76869964599615
            ],
            [
              79.4157028198245,
              13.771471023559684
            ],
            [
              79.4273910522461,
              13.768200874328613
            ],
            [
              79.43888092041033,
              13.767210960388297
            ],
            [
              79.44506072998058,
              13.769501686096419
            ],
            [
              79.45073699951178,
              13.773750305175895
            ],
            [
              79.45655059814482,
              13.780290603637638
            ],
            [
              79.46092987060575,
              13.78352069854759
            ],
            [
              79.45514678955084,
              13.785419464111385
            ],
            [
              79.44909667968778,
              13.789569854736328
            ],
            [
              79.44245910644531,
              13.815720558166618
            ],
            [
              79.43843841552729,
              13.827091217041016
            ],
            [
              79.42701721191406,
              13.848471641540641
            ],
            [
              79.42424774169928,
              13.857569694518986
            ],
            [
              79.4256896972658,
              13.866300582885799
            ],
            [
              79.43324279785168,
              13.8777112960816
            ],
            [
              79.4395904541015,
              13.880520820617676
            ],
            [
              79.46293640136724,
              13.88492202758789
            ],
            [
              79.4669799804688,
              13.89453125
            ],
            [
              79.46996307373064,
              13.898522377014103
            ],
            [
              79.4917831420899,
              13.897999763488883
            ],
            [
              79.51838684082048,
              13.901969909667969
            ],
            [
              79.5316009521485,
              13.901940345764274
            ],
            [
              79.54289245605474,
              13.900500297546387
            ],
            [
              79.57769775390625,
              13.907120704650822
            ],
            [
              79.58586120605497,
              13.903120994567871
            ],
            [
              79.58599090576178,
              13.887888908386174
            ],
            [
              79.58486175537115,
              13.8779106140139
            ],
            [
              79.58692169189459,
              13.87634086608881
            ],
            [
              79.59736633300798,
              13.874151229858626
            ],
            [
              79.6110916137697,
              13.873080253601074
            ],
            [
              79.61444854736357,
              13.864309310913029
            ],
            [
              79.61583709716797,
              13.857971191406307
            ],
            [
              79.61370849609403,
              13.851848602295036
            ],
            [
              79.60919952392595,
              13.847641944885254
            ],
            [
              79.60424804687517,
              13.846041679382552
            ],
            [
              79.60009765625006,
              13.842450141906795
            ],
            [
              79.60410308837896,
              13.837059974670524
            ],
            [
              79.61567687988298,
              13.829869270324934
            ],
            [
              79.62325286865263,
              13.831341743469238
            ],
            [
              79.63371276855497,
              13.827430725097656
            ],
            [
              79.6443481445313,
              13.824541091918888
            ],
            [
              79.65886688232428,
              13.82271957397461
            ],
            [
              79.6603622436524,
              13.829721450805664
            ],
            [
              79.66062927246122,
              13.845859527587947
            ],
            [
              79.66313934326172,
              13.855371475219783
            ],
            [
              79.66413116455095,
              13.864899635314998
            ],
            [
              79.6616821289063,
              13.870499610900822
            ],
            [
              79.66024017334013,
              13.87769889831543
            ],
            [
              79.66342926025396,
              13.888701438903922
            ],
            [
              79.66657257080078,
              13.895959854126033
            ],
            [
              79.6703872680664,
              13.911199569702262
            ],
            [
              79.67405700683611,
              13.909151077270735
            ],
            [
              79.68125915527344,
              13.902689933777083
            ],
            [
              79.6985626220706,
              13.8964004516601
            ],
            [
              79.71459960937528,
              13.893580436706657
            ],
            [
              79.71994018554716,
              13.88955116271984
            ],
            [
              79.72225952148432,
              13.877409934997786
            ],
            [
              79.71862792968744,
              13.85509014129633
            ],
            [
              79.72168731689447,
              13.847290992736816
            ],
            [
              79.73330688476591,
              13.843020439148063
            ],
            [
              79.75221252441406,
              13.838371276855582
            ],
            [
              79.76017761230497,
              13.837540626525879
            ],
            [
              79.76390838623053,
              13.844560623169059
            ],
            [
              79.76576232910156,
              13.851042747497559
            ],
            [
              79.77221679687528,
              13.851131439208984
            ],
            [
              79.77696990966825,
              13.86079025268566
            ],
            [
              79.7746200561524,
              13.866680145263729
            ],
            [
              79.77641296386747,
              13.878100395202694
            ],
            [
              79.77667236328142,
              13.884480476379508
            ],
            [
              79.77539062500006,
              13.890289306640739
            ],
            [
              79.77865600585949,
              13.898470878601131
            ],
            [
              79.790542602539,
              13.90890979766857
            ],
            [
              79.79602050781261,
              13.911480903625545
            ],
            [
              79.8002471923831,
              13.912241935730037
            ],
            [
              79.80322265625006,
              13.897089958190918
            ],
            [
              79.8063507080081,
              13.892450332641545
            ],
            [
              79.81356048583996,
              13.887839317321777
            ],
            [
              79.81619262695318,
              13.88245964050293
            ],
            [
              79.81793975830084,
              13.873010635375977
            ],
            [
              79.82183837890625,
              13.870092391967773
            ],
            [
              79.825912475586,
              13.862810134887752
            ],
            [
              79.82511901855486,
              13.855229377746639
            ],
            [
              79.82643127441423,
              13.849350929260254
            ],
            [
              79.83096313476591,
              13.843441963195858
            ],
            [
              79.83490753173834,
              13.84150028228754
            ],
            [
              79.84136199951178,
              13.846249580383358
            ],
            [
              79.84626007080095,
              13.853430747985954
            ],
            [
              79.85012054443365,
              13.857522010803166
            ],
            [
              79.8590927124024,
              13.856321334838867
            ],
            [
              79.8660888671875,
              13.853190422058049
            ],
            [
              79.87130737304693,
              13.842850685119629
            ],
            [
              79.87320709228521,
              13.83545970916748
            ],
            [
              79.87117767334013,
              13.829410552978516
            ],
            [
              79.86965179443388,
              13.819070816040039
            ],
            [
              79.86960601806646,
              13.810920715332145
            ],
            [
              79.86763763427751,
              13.79232120513916
            ],
            [
              79.86535644531267,
              13.783671379089583
            ],
            [
              79.86474609375,
              13.771380424499512
            ],
            [
              79.86131286621094,
              13.763710975646973
            ],
            [
              79.85621643066406,
              13.759980201721248
            ],
            [
              79.85154724121122,
              13.757281303405762
            ],
            [
              79.84755706787138,
              13.757780075073299
            ],
            [
              79.84375,
              13.756850242614803
            ],
            [
              79.84102630615246,
              13.754870414734114
            ],
            [
              79.8403930664063,
              13.746720314025879
            ],
            [
              79.84651184082037,
              13.743371963501033
            ],
            [
              79.84970092773455,
              13.736661911010856
            ],
            [
              79.84879302978521,
              13.729660034179801
            ],
            [
              79.852783203125,
              13.725131988525618
            ],
            [
              79.85526275634766,
              13.718840599060059
            ],
            [
              79.85439300537138,
              13.707821846008358
            ],
            [
              79.85621643066406,
              13.701060295105037
            ],
            [
              79.8594818115235,
              13.695170402527083
            ],
            [
              79.86856079101562,
              13.692819595336914
            ],
            [
              79.87407684326166,
              13.689360618591365
            ],
            [
              79.88162994384771,
              13.688471794128475
            ],
            [
              79.894302368164,
              13.688830375671387
            ],
            [
              79.89827728271513,
              13.691451072693098
            ],
            [
              79.90721130371105,
              13.69182014465332
            ],
            [
              79.93711090087896,
              13.69513130187994
            ],
            [
              79.94653320312528,
              13.694270133972282
            ],
            [
              79.9480972290039,
              13.687761306762809
            ],
            [
              79.95668029785156,
              13.681841850280819
            ],
            [
              79.96177673339872,
              13.677360534668196
            ],
            [
              79.96240997314453,
              13.675341606140194
            ],
            [
              79.95706939697266,
              13.66644191741949
            ],
            [
              79.95147705078153,
              13.660759925842342
            ],
            [
              79.94905090332031,
              13.653840065002441
            ],
            [
              79.95630645751953,
              13.63972091674816
            ],
            [
              79.96103668212919,
              13.633640289306754
            ],
            [
              79.9686889648437,
              13.63182163238531
            ],
            [
              79.97865295410173,
              13.634691238403377
            ],
            [
              79.98779296875017,
              13.63131141662609
            ],
            [
              79.98960113525396,
              13.630360603332747
            ],
            [
              79.99122619628923,
              13.624620437622184
            ],
            [
              79.99215698242188,
              13.611330032348633
            ],
            [
              79.9938278198245,
              13.60678958892828
            ],
            [
              79.99958038330072,
              13.599980354309082
            ],
            [
              80.00016784667969,
              13.5957612991333
            ],
            [
              80.00572967529314,
              13.595979690551815
            ],
            [
              80.0067901611331,
              13.587980270385742
            ],
            [
              80.0042572021485,
              13.583310127258414
            ],
            [
              80.01246643066412,
              13.58330059051508
            ],
            [
              80.01187133789068,
              13.564701080322322
            ],
            [
              80.02599334716803,
              13.566100120544434
            ],
            [
              80.02915954589844,
              13.564361572265625
            ],
            [
              80.03024291992199,
              13.56277084350586
            ],
            [
              80.03423309326178,
              13.56251144409191
            ],
            [
              80.0397567749024,
              13.545501708984375
            ],
            [
              80.03415679931658,
              13.542000770568961
            ],
            [
              80.02861022949236,
              13.540309906006087
            ],
            [
              80.02951049804716,
              13.523590087890625
            ],
            [
              80.01754760742205,
              13.525131225585994
            ],
            [
              80.01449584960955,
              13.528490066528434
            ],
            [
              80.00771331787115,
              13.53237247467041
            ],
            [
              79.99413299560553,
              13.529600143432617
            ],
            [
              79.98967742919922,
              13.526760101318416
            ],
            [
              79.98928070068354,
              13.519000053405875
            ],
            [
              79.98973846435553,
              13.51300144195568
            ],
            [
              79.9901733398438,
              13.510090827941838
            ],
            [
              80.0003967285158,
              13.512372016906852
            ],
            [
              80.00623321533232,
              13.515062332153377
            ],
            [
              80.0084228515625,
              13.508301734924316
            ],
            [
              80.01361846923834,
              13.503911972045955
            ],
            [
              80.01908874511736,
              13.501660346984977
            ],
            [
              80.02564239501959,
              13.503971099853459
            ],
            [
              80.03275299072294,
              13.501839637756348
            ],
            [
              80.03697967529297,
              13.499350547790584
            ],
            [
              80.03719329834001,
              13.492821693420524
            ],
            [
              80.0360412597658,
              13.484479904175032
            ],
            [
              80.02481842041033,
              13.486700057983398
            ],
            [
              80.01885223388666,
              13.486371994018612
            ],
            [
              80.00589752197266,
              13.48777103424078
            ],
            [
              80.0044021606447,
              13.478260040283203
            ],
            [
              79.99537658691435,
              13.459450721740666
            ],
            [
              79.99076080322277,
              13.459219932556096
            ],
            [
              79.99056243896496,
              13.462059974670467
            ],
            [
              79.98747253417974,
              13.461910247802791
            ],
            [
              79.96826934814482,
              13.456431388855094
            ],
            [
              79.96186065673845,
              13.451279640197754
            ],
            [
              79.96218872070341,
              13.44413852691656
            ],
            [
              79.96306610107428,
              13.440572738647461
            ],
            [
              79.96102142334013,
              13.42766094207758
            ],
            [
              79.96322631835943,
              13.417910575866813
            ],
            [
              79.958480834961,
              13.412851333618391
            ],
            [
              79.95085144042974,
              13.408120155334586
            ],
            [
              79.94426727294916,
              13.410781860351676
            ],
            [
              79.93595123291021,
              13.409571647644043
            ],
            [
              79.93247985839861,
              13.404371261596907
            ],
            [
              79.93557739257818,
              13.390590667724837
            ],
            [
              79.93562316894537,
              13.384849548339787
            ],
            [
              79.95028686523443,
              13.38197135925293
            ],
            [
              79.95358276367216,
              13.37411117553711
            ],
            [
              79.94803619384777,
              13.367220878601074
            ],
            [
              79.93974304199236,
              13.369100570678768
            ],
            [
              79.94064331054682,
              13.360980987548828
            ],
            [
              79.93998718261724,
              13.358111381530819
            ],
            [
              79.92872619628912,
              13.343530654907227
            ],
            [
              79.92550659179693,
              13.33594036102295
            ],
            [
              79.91713714599621,
              13.341039657593
            ],
            [
              79.91068267822294,
              13.34370040893566
            ],
            [
              79.90628814697294,
              13.33905124664318
            ],
            [
              79.90386199951189,
              13.333271026611271
            ],
            [
              79.8973617553711,
              13.329489707946891
            ],
            [
              79.89179229736357,
              13.324619293212947
            ],
            [
              79.88607788085966,
              13.32129192352295
            ],
            [
              79.88015747070341,
              13.320439338684139
            ],
            [
              79.8749618530274,
              13.317400932311955
            ],
            [
              79.87055206298834,
              13.311759948730582
            ],
            [
              79.8651962280274,
              13.31072998046875
            ],
            [
              79.85885620117205,
              13.313740730285872
            ],
            [
              79.85568237304693,
              13.308140754699707
            ],
            [
              79.85116577148466,
              13.303429603576603
            ],
            [
              79.83905792236334,
              13.303340911865234
            ],
            [
              79.83676910400396,
              13.302998542785645
            ],
            [
              79.83059692382807,
              13.3020601272583
            ],
            [
              79.82404327392584,
              13.30231952667242
            ],
            [
              79.80848693847656,
              13.30508041381836
            ],
            [
              79.80029296875017,
              13.304321289062614
            ],
            [
              79.7950057983399,
              13.29857063293457
            ],
            [
              79.79226684570312,
              13.291640281677303
            ],
            [
              79.78727722167997,
              13.284620285034293
            ],
            [
              79.77980041503918,
              13.282070159912166
            ],
            [
              79.77422332763678,
              13.28513145446783
            ],
            [
              79.7683563232423,
              13.289629936218262
            ],
            [
              79.75405883789074,
              13.302789688110408
            ],
            [
              79.75055694580084,
              13.298810005187988
            ],
            [
              79.74975585937517,
              13.2908811569215
            ],
            [
              79.74614715576189,
              13.280000686645451
            ],
            [
              79.74149322509794,
              13.27666187286377
            ],
            [
              79.72963714599621,
              13.275079727172852
            ],
            [
              79.72129058837919,
              13.272239685058821
            ],
            [
              79.72177886962896,
              13.265730857849348
            ],
            [
              79.73938751220732,
              13.25443077087408
            ],
            [
              79.74558258056658,
              13.248210906982422
            ],
            [
              79.75277709960932,
              13.243760108947754
            ],
            [
              79.77539062500006,
              13.234119415283203
            ],
            [
              79.783256530762,
              13.228161811828727
            ],
            [
              79.784896850586,
              13.223480224609489
            ],
            [
              79.783256530762,
              13.217919349670467
            ],
            [
              79.77733612060575,
              13.217191696166992
            ],
            [
              79.77356719970697,
              13.21751976013195
            ],
            [
              79.76716613769537,
              13.213339805603141
            ],
            [
              79.76333618164068,
              13.208850860595817
            ],
            [
              79.75772094726591,
              13.205571174621639
            ],
            [
              79.7518310546875,
              13.204779624938908
            ],
            [
              79.74437713623041,
              13.194911003112907
            ],
            [
              79.73826599121122,
              13.198259353637752
            ],
            [
              79.7375030517581,
              13.205520629882926
            ],
            [
              79.73368072509794,
              13.210231781005803
            ],
            [
              79.73252868652372,
              13.214961051941032
            ],
            [
              79.72651672363281,
              13.217380523681697
            ],
            [
              79.72283172607416,
              13.221851348877067
            ],
            [
              79.7185668945313,
              13.222591400146598
            ],
            [
              79.71570587158209,
              13.214400291442928
            ],
            [
              79.71142578125017,
              13.210479736328239
            ],
            [
              79.70568847656267,
              13.209231376648063
            ],
            [
              79.69963836669928,
              13.202680587768555
            ],
            [
              79.69243621826178,
              13.20753097534191
            ],
            [
              79.68875122070312,
              13.207409858703556
            ],
            [
              79.68943786621122,
              13.211250305175895
            ],
            [
              79.69574737548822,
              13.223760604858455
            ],
            [
              79.69603729248053,
              13.233890533447209
            ],
            [
              79.6919326782226,
              13.238529205322266
            ],
            [
              79.68456268310553,
              13.23384952545166
            ],
            [
              79.6806869506836,
              13.228370666504134
            ],
            [
              79.67331695556646,
              13.229490280151424
            ],
            [
              79.67111206054716,
              13.23584175109869
            ],
            [
              79.67376708984403,
              13.24702072143566
            ],
            [
              79.68430328369135,
              13.256679534912166
            ],
            [
              79.68161010742216,
              13.26555061340332
            ],
            [
              79.67932128906278,
              13.269331932067928
            ],
            [
              79.66853332519531,
              13.281930923461914
            ],
            [
              79.66590118408209,
              13.27327919006359
            ],
            [
              79.66256713867188,
              13.268141746520996
            ],
            [
              79.65740203857416,
              13.268480300903377
            ],
            [
              79.65338134765653,
              13.274568557739485
            ],
            [
              79.64862823486322,
              13.273359298706112
            ],
            [
              79.64376831054693,
              13.273359298706112
            ],
            [
              79.638481140137,
              13.276189804077376
            ],
            [
              79.6325073242188,
              13.273542404174862
            ],
            [
              79.63072204589844,
              13.268159866333121
            ],
            [
              79.62956237792963,
              13.260860443115291
            ],
            [
              79.62431335449224,
              13.262020111084041
            ],
            [
              79.62075805664091,
              13.258950233459586
            ],
            [
              79.61519622802746,
              13.260450363159123
            ],
            [
              79.61075592041021,
              13.264591217040959
            ],
            [
              79.60510253906278,
              13.267360687255916
            ],
            [
              79.60114288330072,
              13.267729759216252
            ],
            [
              79.59485626220703,
              13.263042449951286
            ],
            [
              79.58867645263678,
              13.26041126251232
            ],
            [
              79.58644866943354,
              13.253480911254826
            ],
            [
              79.58541870117193,
              13.247100830078239
            ],
            [
              79.5802612304688,
              13.245370864868221
            ],
            [
              79.57096099853544,
              13.24737930297863
            ],
            [
              79.56537628173834,
              13.249401092529297
            ],
            [
              79.55478668212885,
              13.259181022644157
            ],
            [
              79.54872894287126,
              13.267121315002498
            ],
            [
              79.54634094238293,
              13.274049758911246
            ],
            [
              79.5414428710937,
              13.278931617737044
            ],
            [
              79.53922271728521,
              13.289759635925236
            ],
            [
              79.53887176513678,
              13.300921440124739
            ],
            [
              79.53578186035156,
              13.311070442199934
            ],
            [
              79.52271270751982,
              13.315931320190543
            ],
            [
              79.50953674316418,
              13.314700126648063
            ],
            [
              79.4978103637697,
              13.31482124328636
            ],
            [
              79.48722839355497,
              13.316551208496207
            ],
            [
              79.47927856445312,
              13.321459770202637
            ],
            [
              79.454643249512,
              13.324320793151855
            ],
            [
              79.42887878417997,
              13.32356166839611
            ],
            [
              79.41732025146501,
              13.321958541870174
            ],
            [
              79.40139770507841,
              13.315751075744856
            ],
            [
              79.37460327148455,
              13.303039550781193
            ],
            [
              79.38562774658203,
              13.294700622558594
            ],
            [
              79.39897918701172,
              13.289151191711483
            ],
            [
              79.40542602539091,
              13.28541088104248
            ],
            [
              79.42177581787115,
              13.286660194396916
            ],
            [
              79.42502593994146,
              13.281340599060115
            ],
            [
              79.41837310791044,
              13.274589538574332
            ],
            [
              79.41799163818388,
              13.269061088562239
            ],
            [
              79.41902160644548,
              13.266339302062931
            ],
            [
              79.41230010986357,
              13.257510185241642
            ],
            [
              79.40866851806669,
              13.246741294860783
            ],
            [
              79.40734100341825,
              13.237661361694563
            ],
            [
              79.40968322753923,
              13.228150367736816
            ],
            [
              79.40865325927763,
              13.21959018707281
            ],
            [
              79.41084289550798,
              13.212162017822266
            ],
            [
              79.41699981689459,
              13.212201118469238
            ],
            [
              79.41816711425793,
              13.218461990356445
            ],
            [
              79.42690277099615,
              13.222740173339787
            ],
            [
              79.43609619140636,
              13.229831695556754
            ],
            [
              79.44245910644531,
              13.229180335998592
            ],
            [
              79.44544219970714,
              13.221720695495605
            ],
            [
              79.44550323486322,
              13.216771125793457
            ],
            [
              79.42163085937528,
              13.20853137969982
            ],
            [
              79.42315673828153,
              13.203800201416016
            ],
            [
              79.42315673828153,
              13.198910713195858
            ],
            [
              79.4215698242188,
              13.193181037902889
            ],
            [
              79.42378997802751,
              13.187460899353027
            ],
            [
              79.4205932617188,
              13.184461593627987
            ],
            [
              79.41329193115251,
              13.185849189758244
            ],
            [
              79.39791870117193,
              13.186422348022575
            ],
            [
              79.392562866211,
              13.184461593627987
            ],
            [
              79.38437652587896,
              13.184720993041935
            ],
            [
              79.3783569335937,
              13.1824312210083
            ],
            [
              79.36900329589872,
              13.17626094818121
            ],
            [
              79.37078094482439,
              13.168589591980094
            ],
            [
              79.36717224121094,
              13.165580749511719
            ],
            [
              79.36493682861334,
              13.160370826721305
            ],
            [
              79.3612060546875,
              13.15604114532482
            ],
            [
              79.35472106933594,
              13.161339759826603
            ],
            [
              79.34777069091803,
              13.163019180297908
            ],
            [
              79.34709167480469,
              13.153950691223258
            ],
            [
              79.3478393554687,
              13.143819808960188
            ],
            [
              79.34686279296903,
              13.140151023864746
            ],
            [
              79.34674835205095,
              13.134860992431754
            ],
            [
              79.35457611084001,
              13.12977123260498
            ],
            [
              79.35009765625028,
              13.125450134277287
            ],
            [
              79.34435272216808,
              13.1235609054566
            ],
            [
              79.33779144287126,
              13.123170852661246
            ],
            [
              79.33531951904297,
              13.127510070800895
            ],
            [
              79.3306884765625,
              13.121231079101676
            ],
            [
              79.3167266845706,
              13.119368553161621
            ],
            [
              79.31239318847673,
              13.113769531250114
            ],
            [
              79.30973052978533,
              13.106900215148926
            ],
            [
              79.31002807617199,
              13.099940299987907
            ],
            [
              79.3079376220706,
              13.09691143035883
            ],
            [
              79.29747009277372,
              13.097371101379395
            ],
            [
              79.29876708984386,
              13.11483192443842
            ],
            [
              79.28810119628935,
              13.118280410766602
            ],
            [
              79.28495025634783,
              13.12285041809082
            ],
            [
              79.27751922607439,
              13.119720458984489
            ],
            [
              79.27384948730469,
              13.120901107788086
            ],
            [
              79.27266693115263,
              13.12666034698492
            ],
            [
              79.27128601074224,
              13.138060569763184
            ],
            [
              79.26741027832048,
              13.141201019287053
            ],
            [
              79.26120758056669,
              13.140749931335563
            ],
            [
              79.25646972656278,
              13.136540412902889
            ],
            [
              79.25267028808588,
              13.141299247741756
            ],
            [
              79.2513732910158,
              13.146199226379395
            ],
            [
              79.24722290039068,
              13.14808177947998
            ],
            [
              79.24423980712919,
              13.141151428222656
            ],
            [
              79.24333953857422,
              13.133350372314567
            ],
            [
              79.2367019653322,
              13.126751899719238
            ],
            [
              79.23304748535173,
              13.12769985198986
            ],
            [
              79.22635650634766,
              13.134610176086426
            ],
            [
              79.21832275390653,
              13.135551452636832
            ],
            [
              79.21466064453136,
              13.127670288085994
            ],
            [
              79.21826934814459,
              13.120430946350325
            ],
            [
              79.22244262695318,
              13.116009712219352
            ],
            [
              79.21827697753918,
              13.110309600830078
            ],
            [
              79.21827697753918,
              13.103941917419434
            ],
            [
              79.2142868041995,
              13.0968399047851
            ],
            [
              79.20744323730497,
              13.09144115447998
            ],
            [
              79.2022094726563,
              13.090290069580078
            ],
            [
              79.19332122802763,
              13.089690208435115
            ],
            [
              79.1889190673831,
              13.084618568420524
            ],
            [
              79.18699645996105,
              13.07705020904541
            ],
            [
              79.18350219726568,
              13.072940826416016
            ],
            [
              79.18065643310553,
              13.067040443420467
            ],
            [
              79.17910003662126,
              13.060111999511776
            ],
            [
              79.16942596435553,
              13.053009986877385
            ],
            [
              79.17473602294928,
              13.04967975616455
            ],
            [
              79.17227172851568,
              13.043720245361271
            ],
            [
              79.17653656005888,
              13.03827095031744
            ],
            [
              79.17697143554705,
              13.033379554748535
            ],
            [
              79.17662048339861,
              13.029769897460938
            ],
            [
              79.17439270019537,
              13.025250434875431
            ],
            [
              79.17310333251982,
              13.019281387329102
            ],
            [
              79.17059326171886,
              13.015680313110352
            ],
            [
              79.16120147705084,
              13.011798858642635
            ],
            [
              79.15270233154325,
              13.007292747497615
            ],
            [
              79.14163208007841,
              13.009819984436092
            ],
            [
              79.13114929199247,
              13.016762733459416
            ],
            [
              79.11927032470709,
              13.02256965637207
            ],
            [
              79.10437774658209,
              13.024220466613826
            ],
            [
              79.0827865600586,
              13.012471199035588
            ],
            [
              79.06906890869146,
              13.014150619506893
            ],
            [
              79.06057739257841,
              13.020839691162053
            ],
            [
              79.05397796630876,
              13.028161048889274
            ],
            [
              79.05326843261724,
              13.037990570068473
            ],
            [
              79.04389190673834,
              13.043720245361271
            ],
            [
              79.03353881835955,
              13.045660018921012
            ],
            [
              79.02588653564447,
              13.049579620361385
            ],
            [
              79.02281951904325,
              13.056401252746582
            ],
            [
              79.01142883300798,
              13.057829856872786
            ],
            [
              79.00036621093767,
              13.057881355285645
            ],
            [
              78.9952392578125,
              13.063040733337516
            ],
            [
              78.98825073242199,
              13.072651863098372
            ],
            [
              78.98174285888678,
              13.076199531555176
            ],
            [
              78.97959136962908,
              13.076510429382267
            ],
            [
              78.97167968750028,
              13.075119972228947
            ],
            [
              78.96465301513666,
              13.072799682617301
            ],
            [
              78.96293640136713,
              13.071559906005973
            ],
            [
              78.95918273925798,
              13.065440177917424
            ],
            [
              78.95509338378935,
              13.064929962158203
            ],
            [
              78.95001220703142,
              13.066089630126953
            ],
            [
              78.94584655761724,
              13.063509941101188
            ],
            [
              78.93663787841797,
              13.06997108459484
            ],
            [
              78.93007659912121,
              13.066021919250602
            ],
            [
              78.91438293457037,
              13.067761421203727
            ],
            [
              78.91204071044939,
              13.06328201293968
            ],
            [
              78.9108428955081,
              13.056100845336914
            ],
            [
              78.908676147461,
              13.050459861755485
            ],
            [
              78.90091705322294,
              13.052101135253963
            ],
            [
              78.89346313476574,
              13.035092353820858
            ],
            [
              78.8983993530274,
              13.031690597534237
            ],
            [
              78.9043960571289,
              13.031050682067871
            ],
            [
              78.91739654541033,
              13.032549858093489
            ],
            [
              78.92043304443376,
              13.028620719909782
            ],
            [
              78.92745971679682,
              13.02346134185791
            ],
            [
              78.92864990234392,
              13.021450996398926
            ],
            [
              78.92463684082048,
              13.01864147186285
            ],
            [
              78.92299652099615,
              13.021760940551758
            ],
            [
              78.91593170166021,
              13.023061752319393
            ],
            [
              78.89010620117205,
              13.019829750061035
            ],
            [
              78.88191986084001,
              13.019762039184627
            ],
            [
              78.87937164306669,
              13.02550125122076
            ],
            [
              78.88088989257841,
              13.044281005859432
            ],
            [
              78.88040924072283,
              13.069602012634277
            ],
            [
              78.88352203369146,
              13.081989288330135
            ],
            [
              78.8760375976563,
              13.086159706115836
            ],
            [
              78.8703231811524,
              13.086920738220215
            ],
            [
              78.86473846435564,
              13.08468055725092
            ],
            [
              78.86068725585966,
              13.079500198364371
            ],
            [
              78.85835266113287,
              13.071069717407283
            ],
            [
              78.84393310546875,
              13.071479797363224
            ],
            [
              78.83226776123075,
              13.069590568542594
            ],
            [
              78.81342315673828,
              13.074647903442383
            ],
            [
              78.80809020996111,
              13.077930450439453
            ],
            [
              78.80087280273455,
              13.075530052185059
            ],
            [
              78.79418182373064,
              13.069759368896541
            ],
            [
              78.78659057617193,
              13.062151908874625
            ],
            [
              78.78306579589872,
              13.056371688842717
            ],
            [
              78.77752685546903,
              13.053159713745117
            ],
            [
              78.75446319580072,
              13.046981811523665
            ],
            [
              78.7460174560548,
              13.04540920257574
            ],
            [
              78.73951721191412,
              13.045491218566895
            ],
            [
              78.73217773437517,
              13.050402641296387
            ],
            [
              78.72550201416033,
              13.05278015136713
            ],
            [
              78.70244598388689,
              13.056151390075797
            ],
            [
              78.70125579833979,
              13.044260025024357
            ],
            [
              78.69597625732422,
              13.012520790100211
            ],
            [
              78.69375610351574,
              13.004391670227108
            ],
            [
              78.67935943603533,
              13.008970260620345
            ],
            [
              78.66861724853544,
              13.01105976104742
            ],
            [
              78.65110778808594,
              13.0179319381715
            ],
            [
              78.64895629882841,
              13.016351699829215
            ],
            [
              78.64505004882812,
              13.00731086730957
            ],
            [
              78.64171600341825,
              13.001610755920638
            ],
            [
              78.63733673095732,
              12.99684143066412
            ],
            [
              78.62837982177763,
              12.98972129821783
            ],
            [
              78.62049865722662,
              12.982521057128963
            ],
            [
              78.61366271972685,
              12.978890419006404
            ],
            [
              78.6202468872072,
              12.973910331726074
            ],
            [
              78.63791656494169,
              12.954409599304313
            ],
            [
              78.62899780273455,
              12.953110694885254
            ],
            [
              78.63566589355486,
              12.938340187072868
            ],
            [
              78.64671325683594,
              12.919019699096793
            ],
            [
              78.63746643066412,
              12.9158811569215
            ],
            [
              78.63073730468767,
              12.915979385376033
            ],
            [
              78.62770080566412,
              12.91792106628418
            ],
            [
              78.62570953369169,
              12.919181823730696
            ],
            [
              78.624771118164,
              12.914180755615348
            ],
            [
              78.61965179443376,
              12.902071952819881
            ],
            [
              78.61554718017584,
              12.893219947814941
            ],
            [
              78.61222839355486,
              12.888561248779354
            ],
            [
              78.60597229003912,
              12.87369918823265
            ],
            [
              78.60462188720709,
              12.866000175476074
            ],
            [
              78.6044311523438,
              12.857441902160645
            ],
            [
              78.59900665283232,
              12.849470138549805
            ],
            [
              78.59156799316435,
              12.838549613952694
            ],
            [
              78.59229278564464,
              12.836770057678223
            ],
            [
              78.59379577636724,
              12.833001136780013
            ],
            [
              78.59562683105486,
              12.815489768981877
            ],
            [
              78.59767150878935,
              12.811079978942985
            ],
            [
              78.58819580078142,
              12.804780006408748
            ],
            [
              78.59060668945341,
              12.797900199890137
            ],
            [
              78.58976745605474,
              12.792449951171875
            ],
            [
              78.58251953125006,
              12.785321235656738
            ],
            [
              78.58290863037115,
              12.776220321655273
            ],
            [
              78.58193969726568,
              12.770771026611442
            ],
            [
              78.58007049560553,
              12.767240524291992
            ],
            [
              78.57765960693354,
              12.765850067138672
            ],
            [
              78.56572723388678,
              12.75901126861578
            ],
            [
              78.56684875488281,
              12.752149581909123
            ],
            [
              78.56157684326183,
              12.752570152282715
            ],
            [
              78.55811309814459,
              12.75164890289301
            ],
            [
              78.55406188964861,
              12.746069908142033
            ],
            [
              78.55091857910185,
              12.746809959411735
            ],
            [
              78.546630859375,
              12.745609283447209
            ],
            [
              78.54554748535162,
              12.74391078948986
            ],
            [
              78.55030822753912,
              12.738760948181266
            ],
            [
              78.54564666748064,
              12.72861194610607
            ],
            [
              78.5508880615235,
              12.726229667663802
            ],
            [
              78.55393218994146,
              12.726060867309684
            ],
            [
              78.55224609375028,
              12.720391273498535
            ],
            [
              78.54824829101591,
              12.71498012542719
            ],
            [
              78.54550933837896,
              12.707381248474121
            ],
            [
              78.54931640625006,
              12.700700759887809
            ],
            [
              78.55224609375028,
              12.69709110260004
            ],
            [
              78.55195617675798,
              12.694339752197266
            ],
            [
              78.54801177978521,
              12.695369720459041
            ],
            [
              78.54509735107439,
              12.6926012039184
            ],
            [
              78.5477371215822,
              12.68911170959467
            ],
            [
              78.54767608642607,
              12.685590744018555
            ],
            [
              78.544677734375,
              12.684439659118766
            ],
            [
              78.54371643066406,
              12.684600830078182
            ],
            [
              78.54135894775402,
              12.68501186370861
            ],
            [
              78.53978729248053,
              12.684221267700252
            ],
            [
              78.53127288818388,
              12.679931640625
            ],
            [
              78.52774810791016,
              12.679001808166504
            ],
            [
              78.52436828613287,
              12.679690361023177
            ],
            [
              78.52015686035162,
              12.687007904052848
            ],
            [
              78.51853942871094,
              12.692379951477164
            ],
            [
              78.52085876464861,
              12.697181701660213
            ],
            [
              78.52561187744158,
              12.694749832153377
            ],
            [
              78.52745819091825,
              12.697300910949764
            ],
            [
              78.52641296386719,
              12.7012300491333
            ],
            [
              78.5159759521485,
              12.703520774841252
            ],
            [
              78.51616668701178,
              12.706239700317496
            ],
            [
              78.51618957519543,
              12.706400871277083
            ],
            [
              78.51474761962908,
              12.706989288330305
            ],
            [
              78.51230621337896,
              12.708009719848633
            ],
            [
              78.51094055175798,
              12.721721649170036
            ],
            [
              78.50936889648432,
              12.719791412353572
            ],
            [
              78.50740814208996,
              12.713090896606559
            ],
            [
              78.50356292724615,
              12.713371276855526
            ],
            [
              78.503158569336,
              12.718099594116438
            ],
            [
              78.50180053710955,
              12.721509933471737
            ],
            [
              78.49710083007818,
              12.724119186401367
            ],
            [
              78.49431610107422,
              12.730371475219727
            ],
            [
              78.48886108398443,
              12.731960296630916
            ],
            [
              78.48435211181669,
              12.734781265258846
            ],
            [
              78.47966003417986,
              12.73001956939703
            ],
            [
              78.48441314697283,
              12.723050117492733
            ],
            [
              78.49146270751953,
              12.717069625854492
            ],
            [
              78.49362945556646,
              12.711169242859114
            ],
            [
              78.50903320312517,
              12.704901695251465
            ],
            [
              78.510513305664,
              12.701769828796387
            ],
            [
              78.50981140136736,
              12.69878005981451
            ],
            [
              78.5045928955081,
              12.698000907898177
            ],
            [
              78.50389099121111,
              12.693301200866813
            ],
            [
              78.49978637695324,
              12.69685173034668
            ],
            [
              78.49788665771513,
              12.698511123657227
            ],
            [
              78.49492645263689,
              12.703729629516658
            ],
            [
              78.49340057373064,
              12.703470230102539
            ],
            [
              78.49413299560547,
              12.697940826416016
            ],
            [
              78.49301147460955,
              12.69369983673107
            ],
            [
              78.49090576171892,
              12.693291664123535
            ],
            [
              78.48754882812506,
              12.69262886047369
            ],
            [
              78.48631286621094,
              12.690510749816838
            ],
            [
              78.48956298828142,
              12.68660926818859
            ],
            [
              78.49357604980486,
              12.685750007629338
            ],
            [
              78.49340057373064,
              12.681030273437614
            ],
            [
              78.49740600585955,
              12.679249763488713
            ],
            [
              78.4971160888673,
              12.67648983001709
            ],
            [
              78.49405670166027,
              12.674700736999512
            ],
            [
              78.49344635009771,
              12.669590950012207
            ],
            [
              78.48855590820341,
              12.66334247589134
            ],
            [
              78.47406005859403,
              12.6591796875
            ],
            [
              78.45765686035185,
              12.662249565124512
            ],
            [
              78.45935821533232,
              12.638760566711483
            ],
            [
              78.46292877197271,
              12.635370254516602
            ],
            [
              78.46189880371094,
              12.632279396057129
            ],
            [
              78.45907592773455,
              12.631520271301383
            ],
            [
              78.46008300781256,
              12.620459556579647
            ],
            [
              78.45961761474626,
              12.617409706115723
            ],
            [
              78.45478057861357,
              12.612019538879451
            ],
            [
              78.45140075683594,
              12.615751266479606
            ],
            [
              78.44744873046875,
              12.616500854492244
            ],
            [
              78.43943786621094,
              12.61692047119152
            ],
            [
              78.42489624023438,
              12.614900588989201
            ],
            [
              78.41834259033214,
              12.62064170837425
            ],
            [
              78.41233062744158,
              12.61831092834484
            ],
            [
              78.40711212158232,
              12.617520332336426
            ],
            [
              78.39980316162115,
              12.61331939697277
            ],
            [
              78.39955902099626,
              12.61335086822504
            ],
            [
              78.39752960205084,
              12.61359024047863
            ],
            [
              78.38613891601591,
              12.613870620727766
            ],
            [
              78.37420654296875,
              12.613091468811092
            ],
            [
              78.36833953857428,
              12.611840248107853
            ],
            [
              78.36054992675793,
              12.61511135101324
            ],
            [
              78.34835815429716,
              12.623641014099121
            ],
            [
              78.33883666992216,
              12.63190078735363
            ],
            [
              78.32939910888678,
              12.63843059539795
            ],
            [
              78.32235717773443,
              12.637200355529728
            ],
            [
              78.30876922607439,
              12.64999961853033
            ],
            [
              78.29496765136747,
              12.654240608215446
            ],
            [
              78.29045867919939,
              12.65292072296154
            ],
            [
              78.28885650634794,
              12.656560897827262
            ],
            [
              78.28700256347673,
              12.658149719238224
            ],
            [
              78.28418731689459,
              12.667619705200195
            ],
            [
              78.26722717285162,
              12.68743038177496
            ],
            [
              78.26442718505888,
              12.691840171814079
            ],
            [
              78.239067077637,
              12.692392349243164
            ],
            [
              78.23265838623064,
              12.69376087188715
            ],
            [
              78.22744750976591,
              12.689281463623104
            ],
            [
              78.22664642333996,
              12.680141448974723
            ],
            [
              78.22808074951189,
              12.673851013183594
            ],
            [
              78.2139892578125,
              12.674751281738224
            ],
            [
              78.20011138916021,
              12.675642013549918
            ],
            [
              78.1968383789063,
              12.678590774536246
            ],
            [
              78.19531250000006,
              12.679969787597656
            ],
            [
              78.18984985351591,
              12.68130970001232
            ],
            [
              78.18946075439464,
              12.683550834655875
            ],
            [
              78.19877624511724,
              12.688711166381893
            ],
            [
              78.19934082031256,
              12.68997955322277
            ],
            [
              78.19473266601568,
              12.695269584655762
            ],
            [
              78.19608306884771,
              12.696689605713118
            ],
            [
              78.19999694824213,
              12.696221351623592
            ],
            [
              78.20324707031244,
              12.699009895324934
            ],
            [
              78.20980834960943,
              12.699260711669865
            ],
            [
              78.21382141113287,
              12.702360153198185
            ],
            [
              78.22032928466803,
              12.703289985656681
            ],
            [
              78.22722625732433,
              12.715171813964957
            ],
            [
              78.22886657714844,
              12.720202445984
            ],
            [
              78.21927642822266,
              12.747029304504395
            ],
            [
              78.21991729736334,
              12.749621391296387
            ],
            [
              78.22064971923845,
              12.752590179443416
            ],
            [
              78.22512054443371,
              12.75493144989008
            ],
            [
              78.22949981689459,
              12.762009620666504
            ],
            [
              78.23542785644543,
              12.787579536438102
            ],
            [
              78.24021911621122,
              12.80314159393322
            ],
            [
              78.24186706542974,
              12.812331199646053
            ],
            [
              78.24109649658209,
              12.847420692443848
            ],
            [
              78.2446594238283,
              12.85110092163086
            ],
            [
              78.24874877929693,
              12.849849700927962
            ],
            [
              78.25382232666033,
              12.849590301513672
            ],
            [
              78.25814819335966,
              12.855629920959473
            ],
            [
              78.26262664794922,
              12.856590270996094
            ],
            [
              78.2705688476562,
              12.850549697876033
            ],
            [
              78.275688171387,
              12.849160194396973
            ],
            [
              78.30310058593756,
              12.847200393676871
            ],
            [
              78.30622100830107,
              12.856471061706543
            ],
            [
              78.30409240722668,
              12.865760803222713
            ],
            [
              78.31105041503923,
              12.865370750427473
            ],
            [
              78.32158660888678,
              12.862850189209041
            ],
            [
              78.3227157592774,
              12.867851257324276
            ],
            [
              78.32749176025396,
              12.874040603637752
            ],
            [
              78.3227157592774,
              12.876190185546875
            ],
            [
              78.32141876220709,
              12.871659278869629
            ],
            [
              78.31617736816406,
              12.872201919555607
            ],
            [
              78.31093597412115,
              12.873830795288029
            ],
            [
              78.30996704101568,
              12.876482009887752
            ],
            [
              78.313285827637,
              12.879771232605208
            ],
            [
              78.31240844726562,
              12.883300781250057
            ],
            [
              78.31347656250028,
              12.888621330261344
            ],
            [
              78.31645965576178,
              12.892610549926701
            ],
            [
              78.32216644287115,
              12.889600753784237
            ],
            [
              78.32718658447294,
              12.889230728149414
            ],
            [
              78.33833312988298,
              12.906499862670898
            ],
            [
              78.33773040771484,
              12.913121223449707
            ],
            [
              78.33827209472685,
              12.915751457214355
            ],
            [
              78.34398651123075,
              12.918091773986873
            ],
            [
              78.34041595459001,
              12.921989440917969
            ],
            [
              78.34076690673822,
              12.924920082092342
            ],
            [
              78.34542846679693,
              12.928060531616211
            ],
            [
              78.3609771728515,
              12.911619186401367
            ],
            [
              78.36868286132818,
              12.901780128479004
            ],
            [
              78.37834167480463,
              12.895191192626953
            ],
            [
              78.38337707519537,
              12.895409584045524
            ],
            [
              78.38508605957037,
              12.896250724792594
            ],
            [
              78.38839721679699,
              12.905520439148177
            ],
            [
              78.39953613281267,
              12.896201133728027
            ],
            [
              78.40291595459013,
              12.891321182250977
            ],
            [
              78.41152954101557,
              12.890899658203125
            ],
            [
              78.4173431396485,
              12.889031410217285
            ],
            [
              78.42465972900419,
              12.893410682678223
            ],
            [
              78.42489624023438,
              12.898170471191406
            ],
            [
              78.4264068603515,
              12.902061462402457
            ],
            [
              78.43582916259771,
              12.90067005157482
            ],
            [
              78.43570709228544,
              12.888859748840446
            ],
            [
              78.43830108642584,
              12.886240959167537
            ],
            [
              78.43849182128912,
              12.879740715026855
            ],
            [
              78.44644165039062,
              12.874732017517147
            ],
            [
              78.45266723632824,
              12.86549186706543
            ],
            [
              78.45211791992216,
              12.855721473693904
            ],
            [
              78.45423889160185,
              12.853161811828727
            ],
            [
              78.45694732666033,
              12.866059303283805
            ],
            [
              78.4583358764649,
              12.879720687866325
            ],
            [
              78.4561309814456,
              12.892752647399902
            ],
            [
              78.44905090332043,
              12.89665889740013
            ],
            [
              78.44290161132818,
              12.90411186218273
            ],
            [
              78.4412384033206,
              12.905632019043026
            ],
            [
              78.43447113037126,
              12.908270835876522
            ],
            [
              78.42594909667974,
              12.917130470275936
            ],
            [
              78.42135620117193,
              12.923529624939022
            ],
            [
              78.42035675048845,
              12.928958892822266
            ],
            [
              78.42328643798834,
              12.933799743652344
            ],
            [
              78.42459106445318,
              12.938209533691406
            ],
            [
              78.41977691650408,
              12.94668197631836
            ],
            [
              78.42057800292974,
              12.947649955749569
            ],
            [
              78.42735290527338,
              12.950531005859489
            ],
            [
              78.42384338378912,
              12.954401016235465
            ],
            [
              78.42282104492205,
              12.957731246948356
            ],
            [
              78.42191314697271,
              12.962748527527083
            ],
            [
              78.42265319824219,
              12.968600273132324
            ],
            [
              78.42565155029297,
              12.969771385192985
            ],
            [
              78.43358612060553,
              12.968779563903865
            ],
            [
              78.45790100097673,
              12.963241577148665
            ],
            [
              78.45759582519537,
              12.970660209655705
            ],
            [
              78.45939636230463,
              12.975751876831055
            ],
            [
              78.46142578125006,
              12.979120254516829
            ],
            [
              78.45542144775408,
              12.990090370178223
            ],
            [
              78.45231628417997,
              13.00376033782959
            ],
            [
              78.45263671875006,
              13.00858116149908
            ],
            [
              78.45036315917974,
              13.014870643615723
            ],
            [
              78.44991302490251,
              13.025811195373592
            ],
            [
              78.45060729980497,
              13.028240203857536
            ],
            [
              78.4515762329101,
              13.031532287597884
            ],
            [
              78.45500946044916,
              13.032590866088867
            ],
            [
              78.46105194091803,
              13.032010078430233
            ],
            [
              78.46472167968778,
              13.034899711609
            ],
            [
              78.46704864501953,
              13.041371345520247
            ],
            [
              78.4710769653322,
              13.043858528137434
            ],
            [
              78.47738647460955,
              13.043221473693961
            ],
            [
              78.48108673095714,
              13.044389724731559
            ],
            [
              78.48750305175781,
              13.049390792846737
            ],
            [
              78.48792266845709,
              13.04972076416027
            ],
            [
              78.50457763671903,
              13.052762031555176
            ],
            [
              78.5047988891601,
              13.059379577636946
            ],
            [
              78.49857330322271,
              13.069790840149153
            ],
            [
              78.49958038330084,
              13.075821876525936
            ],
            [
              78.50192260742216,
              13.081661224365348
            ],
            [
              78.50681304931646,
              13.084191322326888
            ],
            [
              78.51380920410173,
              13.08468055725092
            ],
            [
              78.51480865478521,
              13.091110229492301
            ],
            [
              78.52796173095709,
              13.097359657287825
            ],
            [
              78.52237701416033,
              13.099661827087516
            ],
            [
              78.51619720459013,
              13.10081958770752
            ],
            [
              78.5111389160158,
              13.106329917907829
            ],
            [
              78.50869750976568,
              13.11326980590826
            ],
            [
              78.50875091552746,
              13.119589805603027
            ],
            [
              78.51291656494146,
              13.120230674743766
            ],
            [
              78.52143096923845,
              13.129051208496207
            ],
            [
              78.5354461669923,
              13.13074016571045
            ],
            [
              78.53669738769548,
              13.136930465698299
            ],
            [
              78.53269958496111,
              13.142091751098576
            ],
            [
              78.53369903564459,
              13.14610958099371
            ],
            [
              78.53878021240251,
              13.151571273803711
            ],
            [
              78.546859741211,
              13.153430938720703
            ],
            [
              78.55805969238298,
              13.152341842651367
            ],
            [
              78.56125640869135,
              13.155700683593977
            ],
            [
              78.5653686523438,
              13.15681076049816
            ],
            [
              78.56907653808588,
              13.156482696533203
            ],
            [
              78.5656814575197,
              13.17175102233881
            ],
            [
              78.5647277832033,
              13.174040794372672
            ],
            [
              78.56333923339872,
              13.177400588989258
            ],
            [
              78.55940246582048,
              13.179800987243596
            ],
            [
              78.5564727783206,
              13.179841995239371
            ],
            [
              78.55349731445312,
              13.17987060546875
            ],
            [
              78.54688262939459,
              13.178620338439998
            ],
            [
              78.54247283935553,
              13.180170059204158
            ],
            [
              78.54094696044928,
              13.187251091003475
            ],
            [
              78.55326080322266,
              13.189241409301758
            ],
            [
              78.55837249755888,
              13.192180633544922
            ],
            [
              78.56012725830078,
              13.198200225830192
            ],
            [
              78.56588745117205,
              13.2008895874024
            ],
            [
              78.5686798095706,
              13.204262733459416
            ],
            [
              78.56433105468767,
              13.208050727844295
            ],
            [
              78.5571975708009,
              13.212020874023551
            ],
            [
              78.55887603759771,
              13.227130889892805
            ],
            [
              78.55941009521484,
              13.230381965637264
            ],
            [
              78.5598907470706,
              13.23337173461914
            ],
            [
              78.56321716308611,
              13.238410949707031
            ],
            [
              78.56854248046892,
              13.243530273437443
            ],
            [
              78.5721511840822,
              13.248600959777775
            ],
            [
              78.57746887207026,
              13.262049674987907
            ],
            [
              78.57611083984403,
              13.267129898071516
            ],
            [
              78.56716918945307,
              13.271771430969295
            ],
            [
              78.56443786621105,
              13.283410072326603
            ],
            [
              78.56156158447271,
              13.288039207458723
            ],
            [
              78.56009674072294,
              13.293349266052246
            ],
            [
              78.55565643310553,
              13.299429893493652
            ],
            [
              78.55413818359386,
              13.298301696777344
            ],
            [
              78.55323028564482,
              13.284620285034293
            ],
            [
              78.55060577392595,
              13.276029586792049
            ],
            [
              78.54717254638689,
              13.27267074584961
            ],
            [
              78.54361724853521,
              13.27323246002203
            ],
            [
              78.53557586669928,
              13.276080131530762
            ],
            [
              78.53327178955095,
              13.2760009765625
            ],
            [
              78.52876281738287,
              13.275861740112418
            ],
            [
              78.52561950683611,
              13.269290924072322
            ],
            [
              78.52377319335943,
              13.260621070862044
            ],
            [
              78.52229309082043,
              13.258111953735352
            ],
            [
              78.52079772949247,
              13.255591392517147
            ],
            [
              78.51550292968767,
              13.257149696350098
            ],
            [
              78.51197052001959,
              13.259950637817496
            ],
            [
              78.50833129882818,
              13.26947116851818
            ],
            [
              78.50392913818365,
              13.272450447082463
            ],
            [
              78.50115966796903,
              13.277211189269963
            ],
            [
              78.49521636962919,
              13.27921199798584
            ],
            [
              78.48352813720709,
              13.288080215454102
            ],
            [
              78.47255706787104,
              13.291131973266602
            ],
            [
              78.4701766967774,
              13.293901443481559
            ],
            [
              78.4717483520509,
              13.30792045593273
            ],
            [
              78.46640014648449,
              13.310121536254996
            ],
            [
              78.46053314209013,
              13.30792045593273
            ],
            [
              78.45417785644537,
              13.304149627685547
            ],
            [
              78.44790649414074,
              13.302819252014274
            ],
            [
              78.44507598876982,
              13.301399230957088
            ],
            [
              78.44130706787126,
              13.299501419067383
            ],
            [
              78.43785858154297,
              13.298760414123592
            ],
            [
              78.43598175048845,
              13.29835033416748
            ],
            [
              78.43031311035162,
              13.307828903198299
            ],
            [
              78.42906951904291,
              13.31711196899414
            ],
            [
              78.42682647705095,
              13.31807994842552
            ],
            [
              78.42446899414091,
              13.319101333618107
            ],
            [
              78.42077636718756,
              13.319091796875
            ],
            [
              78.41526031494146,
              13.317130088806096
            ],
            [
              78.4070663452149,
              13.310091972351131
            ],
            [
              78.4020614624024,
              13.307379722595329
            ],
            [
              78.39125061035168,
              13.30370998382574
            ],
            [
              78.38291168212885,
              13.314070701599064
            ],
            [
              78.37914276123064,
              13.316879272460994
            ],
            [
              78.37512207031267,
              13.318591117858887
            ],
            [
              78.36699676513678,
              13.320039749145621
            ],
            [
              78.36791229248047,
              13.32848930358898
            ],
            [
              78.37129211425781,
              13.332408905029524
            ],
            [
              78.37754058837919,
              13.331319808960188
            ],
            [
              78.37538909912115,
              13.32640171051031
            ],
            [
              78.3789901733399,
              13.324521064758244
            ],
            [
              78.38456726074224,
              13.323540687561092
            ],
            [
              78.38838958740246,
              13.318451881408805
            ],
            [
              78.39125061035168,
              13.323710441589299
            ],
            [
              78.39523315429693,
              13.322569847107161
            ],
            [
              78.39737701416044,
              13.332331657409668
            ],
            [
              78.39253234863287,
              13.335540771484432
            ],
            [
              78.38491058349615,
              13.338200569152946
            ],
            [
              78.38366699218778,
              13.34235095977806
            ],
            [
              78.37477111816423,
              13.34640979766857
            ],
            [
              78.36818695068388,
              13.348311424255598
            ],
            [
              78.36402130126982,
              13.34830188751232
            ],
            [
              78.36051177978521,
              13.346961975097656
            ],
            [
              78.35839843750006,
              13.3468408584597
            ],
            [
              78.35640716552729,
              13.346719741821403
            ],
            [
              78.35515594482428,
              13.355071067810002
            ],
            [
              78.3598175048831,
              13.364321708679142
            ],
            [
              78.36444854736345,
              13.370491027832088
            ],
            [
              78.3687133789063,
              13.379811286926383
            ],
            [
              78.3712768554687,
              13.391000747680607
            ],
            [
              78.3712768554687,
              13.397179603576717
            ],
            [
              78.36946105957037,
              13.408949851989803
            ],
            [
              78.3673171997072,
              13.415000915527287
            ],
            [
              78.36531066894543,
              13.424390792846907
            ],
            [
              78.36702728271496,
              13.431270599365348
            ],
            [
              78.3646316528322,
              13.436850547790641
            ],
            [
              78.36416625976574,
              13.437911033630371
            ],
            [
              78.36419677734403,
              13.445611953735352
            ],
            [
              78.3625564575197,
              13.452071189880598
            ],
            [
              78.36357879638678,
              13.459240913391113
            ],
            [
              78.3672866821289,
              13.466851234436149
            ],
            [
              78.36744689941435,
              13.48197078704834
            ],
            [
              78.36828613281267,
              13.489769935608024
            ],
            [
              78.3672866821289,
              13.495171546936035
            ],
            [
              78.36958312988281,
              13.49993038177496
            ],
            [
              78.37419128417986,
              13.505510330200195
            ],
            [
              78.37309265136724,
              13.512250900268555
            ],
            [
              78.38546752929693,
              13.531669616699332
            ],
            [
              78.38600921630876,
              13.543951988220215
            ],
            [
              78.397758483887,
              13.566191673278922
            ],
            [
              78.39389801025396,
              13.570652008056697
            ],
            [
              78.39076232910173,
              13.57810020446783
            ],
            [
              78.38031768798834,
              13.581309318542537
            ],
            [
              78.36709594726562,
              13.58030033111595
            ],
            [
              78.36139678955095,
              13.578872680664062
            ],
            [
              78.34366607666033,
              13.577780723571834
            ],
            [
              78.32283020019526,
              13.582990646362248
            ],
            [
              78.31247711181652,
              13.583501815796012
            ],
            [
              78.29183959960943,
              13.578820228576774
            ],
            [
              78.28058624267584,
              13.577672004699707
            ],
            [
              78.26539611816435,
              13.578221321105957
            ],
            [
              78.25827026367193,
              13.575309753418196
            ],
            [
              78.24967956542974,
              13.574300765991268
            ],
            [
              78.236557006836,
              13.584490776062012
            ],
            [
              78.2276916503908,
              13.587221145629996
            ],
            [
              78.22261047363287,
              13.577090263366756
            ],
            [
              78.21840667724615,
              13.578001976013297
            ],
            [
              78.21479034423834,
              13.58010101318365
            ],
            [
              78.20849609375006,
              13.581880569458121
            ],
            [
              78.20240020751959,
              13.56796932220459
            ],
            [
              78.19583892822283,
              13.560681343078613
            ],
            [
              78.18900299072266,
              13.556380271911678
            ],
            [
              78.18327331542986,
              13.556380271911678
            ],
            [
              78.18161010742193,
              13.559150695800895
            ],
            [
              78.18012237548857,
              13.564171791076603
            ],
            [
              78.18105316162115,
              13.573700904846135
            ],
            [
              78.1794662475586,
              13.578941345215071
            ],
            [
              78.18856811523438,
              13.588401794433594
            ],
            [
              78.19374084472673,
              13.594902038574219
            ],
            [
              78.19536590576183,
              13.601550102234
            ],
            [
              78.19393920898455,
              13.616159439086971
            ],
            [
              78.1858367919923,
              13.62117958068859
            ],
            [
              78.16555786132818,
              13.620970726013127
            ],
            [
              78.16053771972656,
              13.623430252075423
            ],
            [
              78.1589965820312,
              13.645171165466422
            ],
            [
              78.15576171875,
              13.648710250854549
            ],
            [
              78.1461715698245,
              13.649660110473633
            ],
            [
              78.12908935546892,
              13.648269653320256
            ],
            [
              78.1232299804688,
              13.64890098571783
            ],
            [
              78.11589050292963,
              13.645630836486816
            ],
            [
              78.10736083984392,
              13.64709186553955
            ],
            [
              78.09390258789074,
              13.640260696411246
            ],
            [
              78.09060668945318,
              13.633000373840332
            ],
            [
              78.08634948730486,
              13.633501052856445
            ],
            [
              78.08072662353521,
              13.635340690612907
            ],
            [
              78.07965850830078,
              13.64454174041748
            ],
            [
              78.07998657226591,
              13.650389671325684
            ],
            [
              78.07280731201189,
              13.655171394348201
            ],
            [
              78.06585693359386,
              13.66449069976801
            ],
            [
              78.05834197998064,
              13.666970252990666
            ],
            [
              78.06092071533232,
              13.671770095825138
            ],
            [
              78.06408691406256,
              13.674559593200627
            ],
            [
              78.06537628173845,
              13.680060386657829
            ],
            [
              78.0626068115235,
              13.685600280761832
            ],
            [
              78.06405639648455,
              13.688179969787598
            ],
            [
              78.08515167236357,
              13.680631637573185
            ],
            [
              78.099868774414,
              13.682561874389648
            ],
            [
              78.10537719726591,
              13.684400558471793
            ],
            [
              78.10721588134771,
              13.698351860046387
            ],
            [
              78.10988616943365,
              13.703951835632381
            ],
            [
              78.10938262939482,
              13.71023082733177
            ],
            [
              78.10550689697271,
              13.714632034301871
            ],
            [
              78.10044097900385,
              13.718011856079158
            ],
            [
              78.09738922119135,
              13.723151206970329
            ],
            [
              78.09327697753912,
              13.727621078491211
            ],
            [
              78.0849227905274,
              13.733491897583065
            ],
            [
              78.08927154541021,
              13.743049621581974
            ],
            [
              78.09532165527361,
              13.750280380249023
            ],
            [
              78.10119628906244,
              13.752989768981934
            ],
            [
              78.106498718262,
              13.756791114807243
            ],
            [
              78.11100769042974,
              13.761751174926871
            ],
            [
              78.11823272705095,
              13.776900291443098
            ],
            [
              78.12586975097656,
              13.774479866027832
            ],
            [
              78.1354598999024,
              13.7730712890625
            ],
            [
              78.14888000488276,
              13.777021408081055
            ],
            [
              78.1591262817384,
              13.775191307067928
            ],
            [
              78.18003845214844,
              13.778571128845215
            ],
            [
              78.19272613525419,
              13.776480674743652
            ],
            [
              78.19785308837902,
              13.773451805114803
            ],
            [
              78.21347808837896,
              13.772610664367676
            ],
            [
              78.22043609619158,
              13.771280288696403
            ],
            [
              78.232162475586,
              13.774381637573299
            ],
            [
              78.24804687500028,
              13.782621383667049
            ],
            [
              78.25315093994146,
              13.788249969482479
            ],
            [
              78.25009918212896,
              13.793741226196346
            ],
            [
              78.24680328369146,
              13.79761981964117
            ],
            [
              78.24489593505865,
              13.808100700378475
            ],
            [
              78.24630737304716,
              13.81819057464594
            ],
            [
              78.24501800537104,
              13.823781967163143
            ],
            [
              78.24064636230469,
              13.830830574035872
            ],
            [
              78.23503112792974,
              13.837889671325684
            ],
            [
              78.23660278320341,
              13.841900825500545
            ],
            [
              78.24923706054705,
              13.84585094451927
            ],
            [
              78.2517700195313,
              13.848471641540641
            ],
            [
              78.2561111450197,
              13.849809646606502
            ],
            [
              78.25653839111334,
              13.85606956481945
            ],
            [
              78.25895690917969,
              13.859089851379508
            ],
            [
              78.26078033447271,
              13.865180015564022
            ],
            [
              78.264389038086,
              13.869261741638297
            ],
            [
              78.2657318115235,
              13.874020576476994
            ],
            [
              78.26583862304705,
              13.87804126739502
            ],
            [
              78.26803588867199,
              13.882849693298283
            ],
            [
              78.26632690429699,
              13.886419296264762
            ],
            [
              78.27406311035173,
              13.886860847473145
            ],
            [
              78.27928924560558,
              13.884111404418945
            ],
            [
              78.28443908691418,
              13.882560729980526
            ],
            [
              78.2879714965822,
              13.884261131286678
            ],
            [
              78.29041290283197,
              13.894049644470329
            ],
            [
              78.29367828369158,
              13.898329734802246
            ],
            [
              78.29833221435553,
              13.900871276855526
            ],
            [
              78.30406951904303,
              13.906210899353255
            ],
            [
              78.31307220459013,
              13.910149574279899
            ],
            [
              78.32115173339861,
              13.909030914306697
            ],
            [
              78.32350921630865,
              13.91055965423584
            ],
            [
              78.32691955566412,
              13.917989730835018
            ],
            [
              78.32958221435553,
              13.927100181579533
            ],
            [
              78.33959197998075,
              13.926480293273869
            ],
            [
              78.35679626464844,
              13.941990852355957
            ],
            [
              78.36274719238298,
              13.945540428161735
            ],
            [
              78.36454010009771,
              13.942139625549373
            ],
            [
              78.36425018310564,
              13.936861038208121
            ],
            [
              78.36707305908232,
              13.933440208435059
            ],
            [
              78.37403106689459,
              13.931070327758846
            ],
            [
              78.37818908691423,
              13.931659698486328
            ],
            [
              78.39026641845709,
              13.943490982055721
            ],
            [
              78.40753173828125,
              13.95371055603033
            ],
            [
              78.41368865966797,
              13.960491180419979
            ],
            [
              78.4182968139649,
              13.968691825866756
            ],
            [
              78.42294311523466,
              13.970271110534782
            ],
            [
              78.43105316162115,
              13.971561431884993
            ],
            [
              78.44738769531244,
              13.977020263671932
            ],
            [
              78.45619201660173,
              13.984811782836914
            ],
            [
              78.45867919921892,
              13.981210708618164
            ],
            [
              78.46227264404297,
              13.977902412414608
            ],
            [
              78.46456909179688,
              13.972649574279842
            ],
            [
              78.45990753173834,
              13.95892143249506
            ],
            [
              78.46032714843778,
              13.949891090393066
            ],
            [
              78.46411895751964,
              13.94330024719244
            ],
            [
              78.47611236572271,
              13.93680191040039
            ]
          ]
        ]
      }
    },
    {
      "type": "Feature",
      "properties": {
        "ID_0": 105,
        "ISO": "IND",
        "NAME_0": "India",
        "ID_1": 2,
        "NAME_1": "Andhra Pradesh",
        "ID_2": 6,
        "NAME_2": "Cuddapah",
        "NL_NAME_2": null,
        "VARNAME_2": null,
        "TYPE_2": "District",
        "ENGTYPE_2": "District",
        "district_name": "CUDDAPAH",
        "shapeName": "CUDDAPAH"
      },
      "geometry": {
        "type": "Polygon",
        "coordinates": [
          [
            [
              78.9461212158206,
              15.194649696350154
            ],
            [
              78.9506225585938,
              15.185351371765194
            ],
            [
              78.95362854003923,
              15.171442031860408
            ],
            [
              78.96183776855486,
              15.163900375366438
            ],
            [
              78.97004699707048,
              15.160611152648983
            ],
            [
              78.98406219482433,
              15.159589767455998
            ],
            [
              78.99130249023449,
              15.164569854736328
            ],
            [
              78.9984359741211,
              15.173469543457088
            ],
            [
              79.01358032226568,
              15.17434120178234
            ],
            [
              79.0217514038086,
              15.171730995178223
            ],
            [
              79.0292358398438,
              15.170561790466309
            ],
            [
              79.03996276855497,
              15.169180870056152
            ],
            [
              79.05062866210949,
              15.16952037811285
            ],
            [
              79.0591659545899,
              15.167731285095442
            ],
            [
              79.05687713623053,
              15.16014194488531
            ],
            [
              79.05232238769537,
              15.150279998779354
            ],
            [
              79.04881286621111,
              15.133320808410645
            ],
            [
              79.05406188964855,
              15.106020927429256
            ],
            [
              79.05684661865234,
              15.08584022521984
            ],
            [
              79.05979156494169,
              15.078610420227278
            ],
            [
              79.06729125976562,
              15.045949935913086
            ],
            [
              79.06421661376947,
              15.022970199585018
            ],
            [
              79.0648269653322,
              14.991271018981934
            ],
            [
              79.06507873535162,
              14.991271018981934
            ],
            [
              79.06559753417986,
              14.980839729309196
            ],
            [
              79.06342315673857,
              14.971302032470646
            ],
            [
              79.06249237060575,
              14.961761474609602
            ],
            [
              79.06381988525419,
              14.952850341796989
            ],
            [
              79.06857299804716,
              14.944911003112907
            ],
            [
              79.07206726074236,
              14.932589530944824
            ],
            [
              79.07450103759794,
              14.917671203613281
            ],
            [
              79.07746887207037,
              14.906611442565861
            ],
            [
              79.08203887939459,
              14.894239425659293
            ],
            [
              79.08421325683622,
              14.88300991058361
            ],
            [
              79.08880615234403,
              14.880459785461483
            ],
            [
              79.09472656250028,
              14.87916088104248
            ],
            [
              79.093490600586,
              14.875530242920036
            ],
            [
              79.0989379882812,
              14.868551254272461
            ],
            [
              79.10688781738293,
              14.862260818481502
            ],
            [
              79.11293792724615,
              14.85630130767828
            ],
            [
              79.11814880371105,
              14.848530769348145
            ],
            [
              79.12374114990234,
              14.83685111999523
            ],
            [
              79.13150024414074,
              14.81029033660883
            ],
            [
              79.13179779052751,
              14.788652420044002
            ],
            [
              79.13356018066412,
              14.778551101684684
            ],
            [
              79.13909149169928,
              14.768220901489485
            ],
            [
              79.1448364257813,
              14.76113128662115
            ],
            [
              79.15064239501953,
              14.750459671020565
            ],
            [
              79.15370941162126,
              14.74276065826416
            ],
            [
              79.15355682373053,
              14.732689857482967
            ],
            [
              79.15788269042969,
              14.720441818237532
            ],
            [
              79.167236328125,
              14.704380989074764
            ],
            [
              79.16940307617193,
              14.677641868591252
            ],
            [
              79.16839599609392,
              14.674619674682617
            ],
            [
              79.16089630126982,
              14.670229911804256
            ],
            [
              79.15911102294928,
              14.667691230773926
            ],
            [
              79.16517639160173,
              14.65521144866949
            ],
            [
              79.16172790527361,
              14.649861335754451
            ],
            [
              79.16506195068371,
              14.647709846496582
            ],
            [
              79.16559600830084,
              14.632880210876465
            ],
            [
              79.16854858398432,
              14.62000942230236
            ],
            [
              79.16957855224615,
              14.612171173095703
            ],
            [
              79.17304229736334,
              14.604729652405013
            ],
            [
              79.18158721923828,
              14.600921630859432
            ],
            [
              79.18502044677734,
              14.597249984741268
            ],
            [
              79.18799591064482,
              14.591231346130314
            ],
            [
              79.1964721679688,
              14.586010932922477
            ],
            [
              79.20466613769531,
              14.578012466430664
            ],
            [
              79.21334075927763,
              14.586530685424862
            ],
            [
              79.22043609619135,
              14.585010528564567
            ],
            [
              79.22630310058622,
              14.578139305114746
            ],
            [
              79.23027038574224,
              14.569059371948356
            ],
            [
              79.23896789550798,
              14.549519538879622
            ],
            [
              79.25425720214844,
              14.5347194671632
            ],
            [
              79.2639389038086,
              14.51826190948492
            ],
            [
              79.28031921386713,
              14.474871635437069
            ],
            [
              79.28527832031244,
              14.46964073181158
            ],
            [
              79.29553985595732,
              14.467561721801758
            ],
            [
              79.30724334716814,
              14.459150314331112
            ],
            [
              79.31208801269537,
              14.449670791626033
            ],
            [
              79.31286621093756,
              14.440069198608455
            ],
            [
              79.3171691894533,
              14.419910430908203
            ],
            [
              79.32076263427729,
              14.41195201873802
            ],
            [
              79.33510589599626,
              14.39015197753912
            ],
            [
              79.34850311279303,
              14.368000984192008
            ],
            [
              79.35192108154303,
              14.359310150146541
            ],
            [
              79.35427093505871,
              14.344768524169922
            ],
            [
              79.36183929443365,
              14.339989662170638
            ],
            [
              79.37161254882818,
              14.335850715637207
            ],
            [
              79.37728118896484,
              14.331591606140137
            ],
            [
              79.38507080078142,
              14.312959671020565
            ],
            [
              79.39221954345709,
              14.300749778747502
            ],
            [
              79.3992309570313,
              14.29239940643322
            ],
            [
              79.40347290039068,
              14.285700798034725
            ],
            [
              79.40735626220697,
              14.275699615478516
            ],
            [
              79.40809631347685,
              14.255071640014705
            ],
            [
              79.41839599609403,
              14.23808956146263
            ],
            [
              79.41876983642607,
              14.227979660034237
            ],
            [
              79.41491699218756,
              14.216779708862418
            ],
            [
              79.41385650634766,
              14.205810546875
            ],
            [
              79.41615295410173,
              14.194000244140625
            ],
            [
              79.42117309570318,
              14.182721138000545
            ],
            [
              79.4208526611331,
              14.180131912231445
            ],
            [
              79.42076110839861,
              14.167860984802246
            ],
            [
              79.4269485473634,
              14.134849548339844
            ],
            [
              79.42893981933611,
              14.117460250854492
            ],
            [
              79.43099212646513,
              14.110360145568904
            ],
            [
              79.43490600585943,
              14.104169845581282
            ],
            [
              79.44101715087896,
              14.096600532531681
            ],
            [
              79.44185638427763,
              14.092350959777889
            ],
            [
              79.4398422241211,
              14.085811614990462
            ],
            [
              79.43910217285162,
              14.068189620971793
            ],
            [
              79.4368515014649,
              14.062740325927962
            ],
            [
              79.43025970458984,
              14.052960395812988
            ],
            [
              79.43032073974615,
              14.043129920959473
            ],
            [
              79.42582702636747,
              14.026201248168945
            ],
            [
              79.42373657226591,
              14.015960693359489
            ],
            [
              79.42289733886724,
              14.007500648498535
            ],
            [
              79.42658233642607,
              13.997720718383903
            ],
            [
              79.43234252929682,
              13.989340782165527
            ],
            [
              79.43316650390625,
              13.981600761413574
            ],
            [
              79.43945312500017,
              13.980210304260254
            ],
            [
              79.44187927246088,
              13.977939605712834
            ],
            [
              79.44409179687506,
              13.972460746765137
            ],
            [
              79.44053649902338,
              13.954510688781681
            ],
            [
              79.44270324707031,
              13.947711944580135
            ],
            [
              79.44245910644531,
              13.94133090972906
            ],
            [
              79.44653320312506,
              13.938020706176871
            ],
            [
              79.44809722900396,
              13.933761596679801
            ],
            [
              79.44641113281278,
              13.926921844482479
            ],
            [
              79.44522857666021,
              13.909360885620117
            ],
            [
              79.44197082519537,
              13.903820991516113
            ],
            [
              79.43679809570318,
              13.89892959594738
            ],
            [
              79.43396759033209,
              13.892239570617903
            ],
            [
              79.4300079345706,
              13.886079788208065
            ],
            [
              79.43324279785168,
              13.8777112960816
            ],
            [
              79.4256896972658,
              13.866300582885799
            ],
            [
              79.42424774169928,
              13.857569694518986
            ],
            [
              79.42701721191406,
              13.848471641540641
            ],
            [
              79.43843841552729,
              13.827091217041016
            ],
            [
              79.44245910644531,
              13.815720558166618
            ],
            [
              79.44909667968778,
              13.789569854736328
            ],
            [
              79.45514678955084,
              13.785419464111385
            ],
            [
              79.46092987060575,
              13.78352069854759
            ],
            [
              79.45655059814482,
              13.780290603637638
            ],
            [
              79.45073699951178,
              13.773750305175895
            ],
            [
              79.44506072998058,
              13.769501686096419
            ],
            [
              79.43888092041033,
              13.767210960388297
            ],
            [
              79.4273910522461,
              13.768200874328613
            ],
            [
              79.4157028198245,
              13.771471023559684
            ],
            [
              79.41127777099615,
              13.76869964599615
            ],
            [
              79.41068267822271,
              13.75813102722168
            ],
            [
              79.4078903198245,
              13.749541282653809
            ],
            [
              79.4000778198245,
              13.74807071685791
            ],
            [
              79.38417053222662,
              13.746870040893555
            ],
            [
              79.37760925292969,
              13.747631072998104
            ],
            [
              79.37052917480497,
              13.744879722595272
            ],
            [
              79.34117126464838,
              13.729910850524902
            ],
            [
              79.30000305175798,
              13.712220191955566
            ],
            [
              79.29392242431658,
              13.718941688537654
            ],
            [
              79.28946685791044,
              13.73497104644781
            ],
            [
              79.28385162353521,
              13.746232032776106
            ],
            [
              79.2771301269533,
              13.748370170593319
            ],
            [
              79.2462768554688,
              13.747020721435547
            ],
            [
              79.23426818847662,
              13.747929573059196
            ],
            [
              79.22637939453142,
              13.741471290588606
            ],
            [
              79.22189331054693,
              13.74242973327631
            ],
            [
              79.21595001220709,
              13.745651245117244
            ],
            [
              79.21231079101568,
              13.75011062622076
            ],
            [
              79.20983123779303,
              13.75525093078619
            ],
            [
              79.20556640625,
              13.76109886169445
            ],
            [
              79.18974304199219,
              13.772111892700195
            ],
            [
              79.18470764160168,
              13.779180526733455
            ],
            [
              79.18093109130888,
              13.782141685485783
            ],
            [
              79.1834487915039,
              13.787800788879338
            ],
            [
              79.19126892089844,
              13.794171333312988
            ],
            [
              79.20105743408209,
              13.795499801635742
            ],
            [
              79.20719909667974,
              13.79889106750494
            ],
            [
              79.20173645019526,
              13.8034410476684
            ],
            [
              79.17395782470703,
              13.82191085815441
            ],
            [
              79.1433715820312,
              13.844849586487044
            ],
            [
              79.13971710205107,
              13.849260330200423
            ],
            [
              79.12149810791033,
              13.840351104736385
            ],
            [
              79.11138916015642,
              13.837351799011174
            ],
            [
              79.09964752197277,
              13.836540222167969
            ],
            [
              79.0902175903322,
              13.837609291076717
            ],
            [
              79.08087921142578,
              13.85803031921381
            ],
            [
              79.07647705078142,
              13.864230155944938
            ],
            [
              79.07019042968767,
              13.867051124572697
            ],
            [
              79.06211853027338,
              13.868500709533919
            ],
            [
              79.05535125732428,
              13.867821693420353
            ],
            [
              79.04902648925781,
              13.868851661682186
            ],
            [
              79.03553771972662,
              13.873300552368221
            ],
            [
              79.0200805664063,
              13.87653923034668
            ],
            [
              79.01757049560553,
              13.87788200378418
            ],
            [
              79.01631927490263,
              13.885999679565487
            ],
            [
              78.99919891357422,
              13.89288139343273
            ],
            [
              78.99577331542986,
              13.896870613098258
            ],
            [
              78.98934936523443,
              13.898070335388297
            ],
            [
              78.98367309570324,
              13.898819923401106
            ],
            [
              78.9806900024414,
              13.898229598999137
            ],
            [
              78.97885894775396,
              13.889031410217285
            ],
            [
              78.97413635253918,
              13.878959655761946
            ],
            [
              78.97042846679705,
              13.877531051635742
            ],
            [
              78.9633178710937,
              13.876470565796012
            ],
            [
              78.95053100585966,
              13.876191139221305
            ],
            [
              78.9403686523438,
              13.874159812927303
            ],
            [
              78.93031311035185,
              13.8768310546875
            ],
            [
              78.92610931396513,
              13.885899543762207
            ],
            [
              78.91374206542969,
              13.887250900268555
            ],
            [
              78.89016723632818,
              13.885199546813965
            ],
            [
              78.8722763061524,
              13.88694953918457
            ],
            [
              78.85946655273443,
              13.883700370788517
            ],
            [
              78.8491821289063,
              13.876691818237418
            ],
            [
              78.80020141601591,
              13.871270179748535
            ],
            [
              78.78939056396484,
              13.868851661682186
            ],
            [
              78.77391052246122,
              13.856900215148926
            ],
            [
              78.77281188964861,
              13.854440689087028
            ],
            [
              78.77645111084001,
              13.848781585693473
            ],
            [
              78.77826690673857,
              13.839749336242676
            ],
            [
              78.77397155761736,
              13.827389717102278
            ],
            [
              78.77371215820341,
              13.820159912109375
            ],
            [
              78.76876068115263,
              13.817570686340275
            ],
            [
              78.76209259033197,
              13.81781101226818
            ],
            [
              78.75646972656256,
              13.819310188293457
            ],
            [
              78.7484207153322,
              13.827191352844295
            ],
            [
              78.74275207519537,
              13.83660030365013
            ],
            [
              78.74101257324224,
              13.843571662902832
            ],
            [
              78.74073028564447,
              13.848561286926497
            ],
            [
              78.73555755615263,
              13.857920646667594
            ],
            [
              78.73140716552734,
              13.85985088348383
            ],
            [
              78.72870635986357,
              13.86442089080822
            ],
            [
              78.72170257568376,
              13.871040344238224
            ],
            [
              78.71405029296875,
              13.876399993896541
            ],
            [
              78.70522308349638,
              13.877631187439022
            ],
            [
              78.6973266601563,
              13.874910354614201
            ],
            [
              78.6960067749024,
              13.86641979217535
            ],
            [
              78.68863677978544,
              13.862590789794922
            ],
            [
              78.67719268798857,
              13.860468864440918
            ],
            [
              78.66256713867205,
              13.859120368957633
            ],
            [
              78.64817047119152,
              13.85818958282465
            ],
            [
              78.63506317138666,
              13.858381271362418
            ],
            [
              78.63197326660185,
              13.864199638366813
            ],
            [
              78.63407135009794,
              13.870330810546875
            ],
            [
              78.6344528198245,
              13.878200531005803
            ],
            [
              78.64628601074247,
              13.889270782470703
            ],
            [
              78.64697265625006,
              13.89649963378912
            ],
            [
              78.64335632324224,
              13.898029327392521
            ],
            [
              78.62760925292997,
              13.893199920654354
            ],
            [
              78.6257629394533,
              13.896950721740836
            ],
            [
              78.61592102050787,
              13.896470069885254
            ],
            [
              78.59834289550787,
              13.901310920715332
            ],
            [
              78.5878524780274,
              13.901300430297908
            ],
            [
              78.57859039306669,
              13.901181221008358
            ],
            [
              78.57878112792997,
              13.908129692077637
            ],
            [
              78.58065032958996,
              13.918340682983398
            ],
            [
              78.5861206054688,
              13.940460205078068
            ],
            [
              78.58883666992193,
              13.948641777038631
            ],
            [
              78.58074188232439,
              13.947301864624023
            ],
            [
              78.56241607666016,
              13.953180313110408
            ],
            [
              78.56727600097662,
              13.959041595459098
            ],
            [
              78.57103729248064,
              13.965090751648063
            ],
            [
              78.5738830566408,
              13.973621368408203
            ],
            [
              78.56758117675798,
              13.974321365356445
            ],
            [
              78.56162261962919,
              13.97598934173584
            ],
            [
              78.5558471679688,
              13.979209899902344
            ],
            [
              78.536361694336,
              13.980910301208496
            ],
            [
              78.53119659423834,
              13.974301338195914
            ],
            [
              78.51220703125028,
              13.962719917297306
            ],
            [
              78.50924682617188,
              13.955919265747184
            ],
            [
              78.49888610839838,
              13.950360298156738
            ],
            [
              78.49455261230486,
              13.944361686706486
            ],
            [
              78.4910430908206,
              13.935319900512809
            ],
            [
              78.48639678955084,
              13.929451942443848
            ],
            [
              78.48207855224638,
              13.930071830749512
            ],
            [
              78.47611236572271,
              13.93680191040039
            ],
            [
              78.46411895751964,
              13.94330024719244
            ],
            [
              78.46032714843778,
              13.949891090393066
            ],
            [
              78.45990753173834,
              13.95892143249506
            ],
            [
              78.46456909179688,
              13.972649574279842
            ],
            [
              78.46227264404297,
              13.977902412414608
            ],
            [
              78.45867919921892,
              13.981210708618164
            ],
            [
              78.45619201660173,
              13.984811782836914
            ],
            [
              78.45671081542997,
              13.991279602050838
            ],
            [
              78.46161651611334,
              14.00172138214134
            ],
            [
              78.45707702636747,
              14.004581451416072
            ],
            [
              78.44207000732439,
              14.007830619812125
            ],
            [
              78.43374633789068,
              14.01382064819336
            ],
            [
              78.43322753906278,
              14.019871711731014
            ],
            [
              78.43678283691412,
              14.039641380310059
            ],
            [
              78.4401931762697,
              14.046271324157829
            ],
            [
              78.44320678710938,
              14.058601379394531
            ],
            [
              78.44165802001947,
              14.066669464111328
            ],
            [
              78.43785858154297,
              14.072430610656738
            ],
            [
              78.43863677978533,
              14.080680847167969
            ],
            [
              78.44551849365251,
              14.080370903015137
            ],
            [
              78.45278930664062,
              14.08734989166254
            ],
            [
              78.45558929443354,
              14.095170021057072
            ],
            [
              78.45585632324224,
              14.104030609130803
            ],
            [
              78.44380187988298,
              14.12717056274414
            ],
            [
              78.42372894287104,
              14.138650894165153
            ],
            [
              78.4191970825197,
              14.146200180053825
            ],
            [
              78.41633605957048,
              14.15757274627697
            ],
            [
              78.41720581054716,
              14.166131019592228
            ],
            [
              78.42414855957048,
              14.181389808654728
            ],
            [
              78.42473602294939,
              14.189609527588004
            ],
            [
              78.41722106933622,
              14.197039604187125
            ],
            [
              78.41398620605497,
              14.192412376403752
            ],
            [
              78.40625,
              14.193840980529785
            ],
            [
              78.40103149414057,
              14.198970794677848
            ],
            [
              78.40483093261747,
              14.227490425109863
            ],
            [
              78.41470336914068,
              14.259310722351074
            ],
            [
              78.41678619384771,
              14.270669937133732
            ],
            [
              78.39402770996111,
              14.273011207580566
            ],
            [
              78.38474273681646,
              14.27534008026123
            ],
            [
              78.35634613037121,
              14.2787704467774
            ],
            [
              78.32338714599638,
              14.28081035614008
            ],
            [
              78.30963134765653,
              14.283431053161621
            ],
            [
              78.28881072998053,
              14.289990425109977
            ],
            [
              78.27828979492193,
              14.296549797058333
            ],
            [
              78.25595855712896,
              14.302990913391056
            ],
            [
              78.24794769287115,
              14.303840637207031
            ],
            [
              78.23745727539068,
              14.306969642639217
            ],
            [
              78.2269897460938,
              14.31422042846674
            ],
            [
              78.21800994873053,
              14.323459625244197
            ],
            [
              78.20896911621088,
              14.334531784057617
            ],
            [
              78.19840240478521,
              14.339281082153377
            ],
            [
              78.18454742431635,
              14.347429275512752
            ],
            [
              78.17008972167986,
              14.352499961853027
            ],
            [
              78.14306640625006,
              14.36572170257574
            ],
            [
              78.13172912597656,
              14.374329566955794
            ],
            [
              78.10164642333984,
              14.400850296020565
            ],
            [
              78.05371856689453,
              14.439400672912711
            ],
            [
              78.04335021972668,
              14.448581695556697
            ],
            [
              78.02973937988281,
              14.456210136413631
            ],
            [
              78.01560211181658,
              14.472469329834098
            ],
            [
              78.00615692138683,
              14.48091125488287
            ],
            [
              77.99227905273466,
              14.490810394287223
            ],
            [
              77.98877716064459,
              14.493500709533691
            ],
            [
              77.98703002929693,
              14.4984006881715
            ],
            [
              77.98391723632812,
              14.501460075378532
            ],
            [
              77.97718048095732,
              14.509132385253963
            ],
            [
              77.96938323974638,
              14.517291069030875
            ],
            [
              77.96784210205107,
              14.522960662841854
            ],
            [
              77.97197723388678,
              14.528020858764762
            ],
            [
              77.96752166748064,
              14.533161163330192
            ],
            [
              77.96311950683594,
              14.539791107177791
            ],
            [
              77.9550170898438,
              14.548341751098746
            ],
            [
              77.94541931152361,
              14.552350997924805
            ],
            [
              77.93976593017584,
              14.559310913086165
            ],
            [
              77.94750213623064,
              14.566020965576172
            ],
            [
              77.95275878906261,
              14.568580627441406
            ],
            [
              77.95619964599638,
              14.571290016174316
            ],
            [
              77.95915222167986,
              14.576081275939941
            ],
            [
              77.96234893798822,
              14.568181991577148
            ],
            [
              77.96697998046892,
              14.56432056427002
            ],
            [
              77.97722625732416,
              14.552619934082088
            ],
            [
              77.97704315185547,
              14.545429229736328
            ],
            [
              77.97685241699219,
              14.538249969482479
            ],
            [
              77.97984313964855,
              14.533009529113713
            ],
            [
              77.98475646972662,
              14.532290458679256
            ],
            [
              77.99079132080095,
              14.533041954040641
            ],
            [
              77.99234771728533,
              14.532110214233398
            ],
            [
              78.01483154296892,
              14.53352069854742
            ],
            [
              78.02017974853533,
              14.531400680542049
            ],
            [
              78.03032684326178,
              14.52963924407959
            ],
            [
              78.0393524169923,
              14.530969619751033
            ],
            [
              78.04590606689453,
              14.54004955291748
            ],
            [
              78.04595184326172,
              14.551140785217513
            ],
            [
              78.04741668701166,
              14.556221008300781
            ],
            [
              78.05610656738287,
              14.561711311340389
            ],
            [
              78.06433868408214,
              14.564640045165959
            ],
            [
              78.07071685791033,
              14.571269989013786
            ],
            [
              78.0753784179688,
              14.584859848022575
            ],
            [
              78.08019256591825,
              14.59447193145752
            ],
            [
              78.0868377685548,
              14.612231254577694
            ],
            [
              78.08975219726557,
              14.617771148681868
            ],
            [
              78.09720611572266,
              14.621150970458984
            ],
            [
              78.1035766601563,
              14.62202167510992
            ],
            [
              78.11987304687528,
              14.617180824279899
            ],
            [
              78.12613677978527,
              14.620740890503043
            ],
            [
              78.12140655517607,
              14.626660346984806
            ],
            [
              78.12721252441412,
              14.633700370788574
            ],
            [
              78.12975311279308,
              14.638210296630916
            ],
            [
              78.12927246093767,
              14.654641151428223
            ],
            [
              78.13259887695318,
              14.661271095275822
            ],
            [
              78.13630676269531,
              14.676691055297908
            ],
            [
              78.13249969482422,
              14.68645095825201
            ],
            [
              78.12319183349626,
              14.690150260925293
            ],
            [
              78.11590576171875,
              14.686539649963436
            ],
            [
              78.11563873291027,
              14.686559677124137
            ],
            [
              78.10946655273438,
              14.686820030212402
            ],
            [
              78.1038360595706,
              14.694919586181584
            ],
            [
              78.09926605224638,
              14.69519138336193
            ],
            [
              78.09838867187517,
              14.703651428222656
            ],
            [
              78.09597778320318,
              14.70890045166027
            ],
            [
              78.08940124511736,
              14.71306037902832
            ],
            [
              78.08315277099615,
              14.714131355285701
            ],
            [
              78.07361602783209,
              14.712750434875488
            ],
            [
              78.06667327880854,
              14.713421821594352
            ],
            [
              78.06830596923834,
              14.720560073852596
            ],
            [
              78.07679748535156,
              14.733819961547852
            ],
            [
              78.07892608642595,
              14.741410255432129
            ],
            [
              78.0778427124024,
              14.748089790344295
            ],
            [
              78.06890106201178,
              14.75082015991211
            ],
            [
              78.06259918212896,
              14.757659912109432
            ],
            [
              78.04876708984375,
              14.76945018768322
            ],
            [
              78.05278778076189,
              14.776029586791935
            ],
            [
              78.05928802490251,
              14.783690452575627
            ],
            [
              78.0648269653322,
              14.792200088500977
            ],
            [
              78.06694793701178,
              14.795471191406307
            ],
            [
              78.07177734375011,
              14.803900718688908
            ],
            [
              78.07520294189464,
              14.813791275024471
            ],
            [
              78.07929229736345,
              14.819109916687012
            ],
            [
              78.08503723144548,
              14.81637001037592
            ],
            [
              78.09764862060553,
              14.81227016448986
            ],
            [
              78.10379791259771,
              14.818570137023926
            ],
            [
              78.10929870605474,
              14.838650703430233
            ],
            [
              78.10935211181652,
              14.848590850830135
            ],
            [
              78.10440063476591,
              14.849130630493278
            ],
            [
              78.10051727294928,
              14.849550247192326
            ],
            [
              78.09208679199236,
              14.853080749511832
            ],
            [
              78.09223175048822,
              14.865519523620833
            ],
            [
              78.1114120483399,
              14.919990539551009
            ],
            [
              78.11823272705095,
              14.926449775695914
            ],
            [
              78.12961578369135,
              14.928871154785156
            ],
            [
              78.13632202148455,
              14.932811737060547
            ],
            [
              78.1367797851563,
              14.938031196594295
            ],
            [
              78.1479797363283,
              14.943780899047795
            ],
            [
              78.15394592285162,
              14.945611000061149
            ],
            [
              78.15814971923834,
              14.949831962585506
            ],
            [
              78.16265869140642,
              14.950540542602596
            ],
            [
              78.1714172363283,
              14.951910972595158
            ],
            [
              78.1812362670899,
              14.951801300048942
            ],
            [
              78.20784759521501,
              14.946640968322754
            ],
            [
              78.21907806396479,
              14.940940856933594
            ],
            [
              78.22956085205072,
              14.947060585021973
            ],
            [
              78.23310089111334,
              14.953460693359318
            ],
            [
              78.236312866211,
              14.978619575500488
            ],
            [
              78.23850250244169,
              14.985980987548771
            ],
            [
              78.24057769775402,
              14.99292087554943
            ],
            [
              78.24629211425793,
              14.997659683227596
            ],
            [
              78.24674224853516,
              14.998030662536735
            ],
            [
              78.25123596191412,
              15.00353145599371
            ],
            [
              78.25940704345709,
              15.01626014709467
            ],
            [
              78.26661682128923,
              15.020330429077262
            ],
            [
              78.27548980712919,
              15.02168178558361
            ],
            [
              78.27955627441406,
              15.025280952453727
            ],
            [
              78.28173065185553,
              15.032711029052678
            ],
            [
              78.2813568115235,
              15.040311813354549
            ],
            [
              78.27551269531278,
              15.04692077636713
            ],
            [
              78.27677154541021,
              15.054340362548885
            ],
            [
              78.2812805175783,
              15.060500144958496
            ],
            [
              78.28869628906244,
              15.065429687499943
            ],
            [
              78.30503845214855,
              15.062382698059139
            ],
            [
              78.3171463012697,
              15.061352729797306
            ],
            [
              78.32901000976568,
              15.06033134460472
            ],
            [
              78.34948730468761,
              15.056759834289494
            ],
            [
              78.3612670898438,
              15.053689956665039
            ],
            [
              78.36627197265636,
              15.049639701843375
            ],
            [
              78.37755584716825,
              15.049881935119686
            ],
            [
              78.38726806640653,
              15.046590805053938
            ],
            [
              78.38786315917997,
              15.038939476013184
            ],
            [
              78.38508605957037,
              15.034590721130428
            ],
            [
              78.37744903564453,
              15.031961441040039
            ],
            [
              78.37314605712919,
              15.028190612793082
            ],
            [
              78.36915588378935,
              15.020581245422363
            ],
            [
              78.3635864257813,
              15.019892692566032
            ],
            [
              78.35566711425798,
              15.021850585937727
            ],
            [
              78.351821899414,
              15.020289421081486
            ],
            [
              78.34787750244158,
              15.006991386413574
            ],
            [
              78.3415069580081,
              14.992800712585563
            ],
            [
              78.3423919677735,
              14.985780715942383
            ],
            [
              78.34691619873064,
              14.981621742248763
            ],
            [
              78.35750579834013,
              14.9764795303347
            ],
            [
              78.36598205566423,
              14.973681449890194
            ],
            [
              78.36974334716825,
              14.971221923828125
            ],
            [
              78.37824249267584,
              14.965589523315543
            ],
            [
              78.3855972290039,
              14.959700584411735
            ],
            [
              78.39907836914074,
              14.953681945800781
            ],
            [
              78.40515136718756,
              14.956061363220329
            ],
            [
              78.40782928466803,
              14.967550277709961
            ],
            [
              78.40827941894526,
              14.977931976318473
            ],
            [
              78.40962219238276,
              14.986660957336483
            ],
            [
              78.41288757324236,
              14.992699623107967
            ],
            [
              78.41822052001953,
              15.019479751587028
            ],
            [
              78.42072296142595,
              15.023739814758414
            ],
            [
              78.42221069335932,
              15.026269912719783
            ],
            [
              78.4308166503908,
              15.02633094787609
            ],
            [
              78.43300628662115,
              15.02719974517828
            ],
            [
              78.43492889404308,
              15.027970314026106
            ],
            [
              78.44126129150419,
              15.028149604797306
            ],
            [
              78.44763946533203,
              15.024611473083496
            ],
            [
              78.45709228515653,
              15.02694034576416
            ],
            [
              78.46363830566423,
              15.030830383300838
            ],
            [
              78.47090911865234,
              15.029911994934082
            ],
            [
              78.48007965087896,
              15.027311325073299
            ],
            [
              78.48713684082037,
              15.029460906982365
            ],
            [
              78.48256683349615,
              15.040659904480094
            ],
            [
              78.48146057128912,
              15.05039024353033
            ],
            [
              78.48681640625011,
              15.055501937866211
            ],
            [
              78.49077606201178,
              15.060211181640682
            ],
            [
              78.50284576416044,
              15.060270309448242
            ],
            [
              78.51416015625,
              15.05807971954357
            ],
            [
              78.51790618896496,
              15.05064964294445
            ],
            [
              78.52031707763678,
              15.03541088104248
            ],
            [
              78.52056884765636,
              15.024551391601676
            ],
            [
              78.51834106445307,
              15.00786113739025
            ],
            [
              78.51790618896496,
              14.992528915405273
            ],
            [
              78.51232910156256,
              14.984230995178223
            ],
            [
              78.50856781005888,
              14.971389770507756
            ],
            [
              78.50688171386747,
              14.960489273071346
            ],
            [
              78.50113677978544,
              14.949530601501692
            ],
            [
              78.49485778808622,
              14.942570686340332
            ],
            [
              78.48742675781278,
              14.930350303649846
            ],
            [
              78.47731781005888,
              14.903980255126953
            ],
            [
              78.47429656982422,
              14.892391204833984
            ],
            [
              78.48362731933588,
              14.89291095733654
            ],
            [
              78.48571014404325,
              14.896390914916935
            ],
            [
              78.48770904541021,
              14.902850151062012
            ],
            [
              78.49323272705084,
              14.910149574279899
            ],
            [
              78.50087738037115,
              14.915968894958723
            ],
            [
              78.51033020019526,
              14.92590141296398
            ],
            [
              78.51660156250028,
              14.936170578002987
            ],
            [
              78.52662658691412,
              14.947931289672965
            ],
            [
              78.53919219970703,
              14.952321052551326
            ],
            [
              78.54461669921903,
              14.948731422424316
            ],
            [
              78.5437316894533,
              14.94141960144043
            ],
            [
              78.54329681396513,
              14.925210952758846
            ],
            [
              78.54738616943376,
              14.9179105758667
            ],
            [
              78.55493164062528,
              14.918541908264274
            ],
            [
              78.56282043457048,
              14.920649528503475
            ],
            [
              78.57608032226574,
              14.92720890045166
            ],
            [
              78.58245086669939,
              14.928631782531738
            ],
            [
              78.58944702148466,
              14.93320083618164
            ],
            [
              78.59532928466803,
              14.940501213073787
            ],
            [
              78.60057067871111,
              14.940961837768668
            ],
            [
              78.60534667968767,
              14.936450958251953
            ],
            [
              78.61432647705095,
              14.936450958251953
            ],
            [
              78.62165832519543,
              14.933879852295036
            ],
            [
              78.6255264282226,
              14.928510665893612
            ],
            [
              78.6253967285158,
              14.918361663818416
            ],
            [
              78.62769317626953,
              14.9153213500976
            ],
            [
              78.656723022461,
              14.921821594238281
            ],
            [
              78.66271972656244,
              14.920401573181266
            ],
            [
              78.67671203613281,
              14.928489685058594
            ],
            [
              78.67961883544928,
              14.935230255127067
            ],
            [
              78.68052673339844,
              14.943210601806754
            ],
            [
              78.68315887451189,
              14.95502185821556
            ],
            [
              78.68511199951178,
              14.956100463867301
            ],
            [
              78.69864654541016,
              14.9537105560305
            ],
            [
              78.71013641357428,
              14.957180023193303
            ],
            [
              78.71150970459013,
              14.967801094055403
            ],
            [
              78.7085800170899,
              14.985031127929915
            ],
            [
              78.71041107177729,
              14.992110252380485
            ],
            [
              78.71225738525402,
              15.004740715026912
            ],
            [
              78.71132659912138,
              15.013092041015682
            ],
            [
              78.72200775146513,
              15.014320373535156
            ],
            [
              78.73208618164068,
              15.017390251159782
            ],
            [
              78.73902130126947,
              15.02063083648676
            ],
            [
              78.74677276611334,
              15.026950836181754
            ],
            [
              78.75418853759771,
              15.030030250549316
            ],
            [
              78.7516021728515,
              15.043499946594295
            ],
            [
              78.75644683837896,
              15.049460411071834
            ],
            [
              78.7609405517581,
              15.056600570678654
            ],
            [
              78.75833892822283,
              15.06466197967535
            ],
            [
              78.75196838378935,
              15.079161643981934
            ],
            [
              78.7522277832033,
              15.087801933288517
            ],
            [
              78.75142669677734,
              15.097029685974235
            ],
            [
              78.76077270507812,
              15.160820960998478
            ],
            [
              78.7603988647461,
              15.169989585876465
            ],
            [
              78.76117706298845,
              15.177691459655762
            ],
            [
              78.76545715332037,
              15.180661201477278
            ],
            [
              78.77352142334013,
              15.189649581909407
            ],
            [
              78.78040313720697,
              15.193719863891658
            ],
            [
              78.78837585449247,
              15.19685173034668
            ],
            [
              78.81453704834013,
              15.200049400329533
            ],
            [
              78.82142639160156,
              15.199880599975586
            ],
            [
              78.8475494384765,
              15.195599555969352
            ],
            [
              78.86492156982422,
              15.19402980804449
            ],
            [
              78.89708709716808,
              15.189270973205566
            ],
            [
              78.91455078125017,
              15.188140869140682
            ],
            [
              78.9214172363283,
              15.193631172180403
            ],
            [
              78.92664337158214,
              15.210470199585075
            ],
            [
              78.93016052246111,
              15.21830081939703
            ],
            [
              78.93615722656256,
              15.226790428161621
            ],
            [
              78.940902709961,
              15.22887134552002
            ],
            [
              78.9437332153322,
              15.216820716857967
            ],
            [
              78.9461212158206,
              15.194649696350154
            ]
          ]
        ]
      }
    },
    {
      "type": "Feature",
      "properties": {
        "ID_0": 105,
        "ISO": "IND",
        "NAME_0": "India",
        "ID_1": 2,
        "NAME_1": "Andhra Pradesh",
        "ID_2": 13,
        "NAME_2": "Kurnool",
        "NL_NAME_2": null,
        "VARNAME_2": null,
        "TYPE_2": "District",
        "ENGTYPE_2": "District",
        "district_name": "KURNOOL",
        "shapeName": "KURNOOL"
      },
      "geometry": {
        "type": "Polygon",
        "coordinates": [
          [
            [
              78.88906860351574,
              16.098560333251953
            ],
            [
              78.90117645263689,
              16.09762191772461
            ],
            [
              78.9104766845706,
              16.10522270202648
            ],
            [
              78.91335296630854,
              16.10884094238304
            ],
            [
              78.92553710937528,
              16.06282997131342
            ],
            [
              78.91934967041021,
              16.01904106140131
            ],
            [
              78.91336822509766,
              15.992880821228084
            ],
            [
              78.90556335449236,
              15.977351188659782
            ],
            [
              78.90297698974615,
              15.9693603515625
            ],
            [
              78.89404296875028,
              15.957281112670898
            ],
            [
              78.88581848144537,
              15.951040267944393
            ],
            [
              78.86561584472668,
              15.933459281921444
            ],
            [
              78.85222625732428,
              15.923610687255973
            ],
            [
              78.82549285888678,
              15.900201797485408
            ],
            [
              78.81266021728516,
              15.883001327514762
            ],
            [
              78.80925750732439,
              15.877100944519043
            ],
            [
              78.80499267578153,
              15.867731094360352
            ],
            [
              78.79825592041021,
              15.83823013305664
            ],
            [
              78.79206848144548,
              15.794821739196777
            ],
            [
              78.79035949707048,
              15.785351753234977
            ],
            [
              78.78720092773443,
              15.74868106842041
            ],
            [
              78.78380584716825,
              15.73013973236084
            ],
            [
              78.77160644531278,
              15.693751335144157
            ],
            [
              78.7672500610351,
              15.67151069641119
            ],
            [
              78.76603698730474,
              15.650410652160701
            ],
            [
              78.76548004150402,
              15.656030654907227
            ],
            [
              78.76496124267572,
              15.593261718750057
            ],
            [
              78.76892089843778,
              15.569741249084416
            ],
            [
              78.771781921387,
              15.525049209594954
            ],
            [
              78.76998901367193,
              15.503081321716422
            ],
            [
              78.76557159423845,
              15.465471267700195
            ],
            [
              78.76431274414068,
              15.44529056549078
            ],
            [
              78.76558685302751,
              15.412770271301326
            ],
            [
              78.76555633544939,
              15.398620605468864
            ],
            [
              78.75802612304693,
              15.379899978637923
            ],
            [
              78.74539184570318,
              15.354847908020133
            ],
            [
              78.74211883544939,
              15.345810890197868
            ],
            [
              78.73927307128906,
              15.333860397338924
            ],
            [
              78.73636627197266,
              15.313090324401855
            ],
            [
              78.73530578613287,
              15.297620773315487
            ],
            [
              78.7357788085937,
              15.262950897216797
            ],
            [
              78.7347030639649,
              15.233550071716365
            ],
            [
              78.73739624023443,
              15.202179908752555
            ],
            [
              78.74163055419933,
              15.174400329589844
            ],
            [
              78.75277709960955,
              15.17434120178234
            ],
            [
              78.75936889648449,
              15.176140785217285
            ],
            [
              78.76117706298845,
              15.177691459655762
            ],
            [
              78.7603988647461,
              15.169989585876465
            ],
            [
              78.76077270507812,
              15.160820960998478
            ],
            [
              78.75142669677734,
              15.097029685974235
            ],
            [
              78.7522277832033,
              15.087801933288517
            ],
            [
              78.75196838378935,
              15.079161643981934
            ],
            [
              78.75833892822283,
              15.06466197967535
            ],
            [
              78.7609405517581,
              15.056600570678654
            ],
            [
              78.75644683837896,
              15.049460411071834
            ],
            [
              78.7516021728515,
              15.043499946594295
            ],
            [
              78.75418853759771,
              15.030030250549316
            ],
            [
              78.74677276611334,
              15.026950836181754
            ],
            [
              78.73902130126947,
              15.02063083648676
            ],
            [
              78.73208618164068,
              15.017390251159782
            ],
            [
              78.72200775146513,
              15.014320373535156
            ],
            [
              78.71132659912138,
              15.013092041015682
            ],
            [
              78.71225738525402,
              15.004740715026912
            ],
            [
              78.71041107177729,
              14.992110252380485
            ],
            [
              78.7085800170899,
              14.985031127929915
            ],
            [
              78.71150970459013,
              14.967801094055403
            ],
            [
              78.71013641357428,
              14.957180023193303
            ],
            [
              78.69864654541016,
              14.9537105560305
            ],
            [
              78.68511199951178,
              14.956100463867301
            ],
            [
              78.68315887451189,
              14.95502185821556
            ],
            [
              78.68052673339844,
              14.943210601806754
            ],
            [
              78.67961883544928,
              14.935230255127067
            ],
            [
              78.67671203613281,
              14.928489685058594
            ],
            [
              78.66271972656244,
              14.920401573181266
            ],
            [
              78.656723022461,
              14.921821594238281
            ],
            [
              78.62769317626953,
              14.9153213500976
            ],
            [
              78.6253967285158,
              14.918361663818416
            ],
            [
              78.6255264282226,
              14.928510665893612
            ],
            [
              78.62165832519543,
              14.933879852295036
            ],
            [
              78.61432647705095,
              14.936450958251953
            ],
            [
              78.60534667968767,
              14.936450958251953
            ],
            [
              78.60057067871111,
              14.940961837768668
            ],
            [
              78.59532928466803,
              14.940501213073787
            ],
            [
              78.58944702148466,
              14.93320083618164
            ],
            [
              78.58245086669939,
              14.928631782531738
            ],
            [
              78.57608032226574,
              14.92720890045166
            ],
            [
              78.56282043457048,
              14.920649528503475
            ],
            [
              78.55493164062528,
              14.918541908264274
            ],
            [
              78.54738616943376,
              14.9179105758667
            ],
            [
              78.54329681396513,
              14.925210952758846
            ],
            [
              78.5437316894533,
              14.94141960144043
            ],
            [
              78.54461669921903,
              14.948731422424316
            ],
            [
              78.53919219970703,
              14.952321052551326
            ],
            [
              78.52662658691412,
              14.947931289672965
            ],
            [
              78.51660156250028,
              14.936170578002987
            ],
            [
              78.51033020019526,
              14.92590141296398
            ],
            [
              78.50087738037115,
              14.915968894958723
            ],
            [
              78.49323272705084,
              14.910149574279899
            ],
            [
              78.48770904541021,
              14.902850151062012
            ],
            [
              78.48571014404325,
              14.896390914916935
            ],
            [
              78.48362731933588,
              14.89291095733654
            ],
            [
              78.47429656982422,
              14.892391204833984
            ],
            [
              78.47731781005888,
              14.903980255126953
            ],
            [
              78.48742675781278,
              14.930350303649846
            ],
            [
              78.49485778808622,
              14.942570686340332
            ],
            [
              78.50113677978544,
              14.949530601501692
            ],
            [
              78.50688171386747,
              14.960489273071346
            ],
            [
              78.50856781005888,
              14.971389770507756
            ],
            [
              78.51232910156256,
              14.984230995178223
            ],
            [
              78.51790618896496,
              14.992528915405273
            ],
            [
              78.51834106445307,
              15.00786113739025
            ],
            [
              78.52056884765636,
              15.024551391601676
            ],
            [
              78.52031707763678,
              15.03541088104248
            ],
            [
              78.51790618896496,
              15.05064964294445
            ],
            [
              78.51416015625,
              15.05807971954357
            ],
            [
              78.50284576416044,
              15.060270309448242
            ],
            [
              78.49077606201178,
              15.060211181640682
            ],
            [
              78.48681640625011,
              15.055501937866211
            ],
            [
              78.48146057128912,
              15.05039024353033
            ],
            [
              78.48256683349615,
              15.040659904480094
            ],
            [
              78.48713684082037,
              15.029460906982365
            ],
            [
              78.48007965087896,
              15.027311325073299
            ],
            [
              78.47090911865234,
              15.029911994934082
            ],
            [
              78.46363830566423,
              15.030830383300838
            ],
            [
              78.45709228515653,
              15.02694034576416
            ],
            [
              78.44763946533203,
              15.024611473083496
            ],
            [
              78.44126129150419,
              15.028149604797306
            ],
            [
              78.43492889404308,
              15.027970314026106
            ],
            [
              78.43300628662115,
              15.02719974517828
            ],
            [
              78.4308166503908,
              15.02633094787609
            ],
            [
              78.42221069335932,
              15.026269912719783
            ],
            [
              78.42072296142595,
              15.023739814758414
            ],
            [
              78.41822052001953,
              15.019479751587028
            ],
            [
              78.41288757324236,
              14.992699623107967
            ],
            [
              78.40962219238276,
              14.986660957336483
            ],
            [
              78.40827941894526,
              14.977931976318473
            ],
            [
              78.40782928466803,
              14.967550277709961
            ],
            [
              78.40515136718756,
              14.956061363220329
            ],
            [
              78.39907836914074,
              14.953681945800781
            ],
            [
              78.3855972290039,
              14.959700584411735
            ],
            [
              78.37824249267584,
              14.965589523315543
            ],
            [
              78.36974334716825,
              14.971221923828125
            ],
            [
              78.36598205566423,
              14.973681449890194
            ],
            [
              78.35750579834013,
              14.9764795303347
            ],
            [
              78.34691619873064,
              14.981621742248763
            ],
            [
              78.3423919677735,
              14.985780715942383
            ],
            [
              78.3415069580081,
              14.992800712585563
            ],
            [
              78.34787750244158,
              15.006991386413574
            ],
            [
              78.351821899414,
              15.020289421081486
            ],
            [
              78.35566711425798,
              15.021850585937727
            ],
            [
              78.3635864257813,
              15.019892692566032
            ],
            [
              78.36915588378935,
              15.020581245422363
            ],
            [
              78.37314605712919,
              15.028190612793082
            ],
            [
              78.37744903564453,
              15.031961441040039
            ],
            [
              78.38508605957037,
              15.034590721130428
            ],
            [
              78.38786315917997,
              15.038939476013184
            ],
            [
              78.38726806640653,
              15.046590805053938
            ],
            [
              78.37755584716825,
              15.049881935119686
            ],
            [
              78.36627197265636,
              15.049639701843375
            ],
            [
              78.3612670898438,
              15.053689956665039
            ],
            [
              78.34948730468761,
              15.056759834289494
            ],
            [
              78.32901000976568,
              15.06033134460472
            ],
            [
              78.3171463012697,
              15.061352729797306
            ],
            [
              78.30503845214855,
              15.062382698059139
            ],
            [
              78.28869628906244,
              15.065429687499943
            ],
            [
              78.2812805175783,
              15.060500144958496
            ],
            [
              78.27677154541021,
              15.054340362548885
            ],
            [
              78.27551269531278,
              15.04692077636713
            ],
            [
              78.2813568115235,
              15.040311813354549
            ],
            [
              78.28173065185553,
              15.032711029052678
            ],
            [
              78.27955627441406,
              15.025280952453727
            ],
            [
              78.27548980712919,
              15.02168178558361
            ],
            [
              78.26661682128923,
              15.020330429077262
            ],
            [
              78.25940704345709,
              15.01626014709467
            ],
            [
              78.25123596191412,
              15.00353145599371
            ],
            [
              78.24674224853516,
              14.998030662536735
            ],
            [
              78.24629211425793,
              14.997659683227596
            ],
            [
              78.24057769775402,
              14.99292087554943
            ],
            [
              78.23850250244169,
              14.985980987548771
            ],
            [
              78.236312866211,
              14.978619575500488
            ],
            [
              78.23310089111334,
              14.953460693359318
            ],
            [
              78.22956085205072,
              14.947060585021973
            ],
            [
              78.21907806396479,
              14.940940856933594
            ],
            [
              78.20784759521501,
              14.946640968322754
            ],
            [
              78.1812362670899,
              14.951801300048942
            ],
            [
              78.1714172363283,
              14.951910972595158
            ],
            [
              78.16265869140642,
              14.950540542602596
            ],
            [
              78.15814971923834,
              14.949831962585506
            ],
            [
              78.15394592285162,
              14.945611000061149
            ],
            [
              78.1479797363283,
              14.943780899047795
            ],
            [
              78.1367797851563,
              14.938031196594295
            ],
            [
              78.137016296387,
              14.940850257873649
            ],
            [
              78.1339569091798,
              14.949011802673454
            ],
            [
              78.11811065673834,
              14.958971023559627
            ],
            [
              78.09616088867193,
              14.962150573730696
            ],
            [
              78.08809661865251,
              14.968819618225154
            ],
            [
              78.08352661132812,
              14.97404956817627
            ],
            [
              78.05454254150396,
              14.98766994476324
            ],
            [
              78.03836059570318,
              14.993060111999512
            ],
            [
              78.02839660644548,
              15.000570297241211
            ],
            [
              78.01690673828125,
              15.01194095611578
            ],
            [
              78.012435913086,
              15.018320083618278
            ],
            [
              78.01037597656278,
              15.042861938476676
            ],
            [
              78.00936889648443,
              15.04807186126709
            ],
            [
              78.00678253173822,
              15.050780296325684
            ],
            [
              77.9984130859375,
              15.044731140136946
            ],
            [
              77.99311828613281,
              15.03767013549799
            ],
            [
              77.98902893066435,
              15.039600372314453
            ],
            [
              77.98700714111345,
              15.04408073425293
            ],
            [
              77.98890686035173,
              15.05702018737793
            ],
            [
              77.99083709716803,
              15.058401107788143
            ],
            [
              77.98683166503912,
              15.062041282653865
            ],
            [
              77.98776245117205,
              15.068320274353027
            ],
            [
              77.9931259155274,
              15.065521240234602
            ],
            [
              77.99585723876964,
              15.065400123596305
            ],
            [
              78.00238037109403,
              15.066951751709212
            ],
            [
              78.00800323486334,
              15.069781303405819
            ],
            [
              78.01539611816423,
              15.081331253051758
            ],
            [
              78.01803588867182,
              15.08798027038597
            ],
            [
              78.018539428711,
              15.095810890197754
            ],
            [
              78.01825714111345,
              15.107420921325684
            ],
            [
              78.01087188720709,
              15.112899780273551
            ],
            [
              78.00329589843761,
              15.116941452026367
            ],
            [
              77.99317169189459,
              15.125359535217285
            ],
            [
              77.99120330810564,
              15.128621101379508
            ],
            [
              77.98587799072271,
              15.129618644714355
            ],
            [
              77.96988677978521,
              15.130710601806754
            ],
            [
              77.96199798584001,
              15.132000923156795
            ],
            [
              77.96219635009783,
              15.149200439453125
            ],
            [
              77.95175170898443,
              15.149971961975098
            ],
            [
              77.94079589843744,
              15.149087905883846
            ],
            [
              77.91940307617216,
              15.143961906433162
            ],
            [
              77.91564178466814,
              15.145270347595329
            ],
            [
              77.9183425903322,
              15.15130996704113
            ],
            [
              77.91703033447271,
              15.156780242919979
            ],
            [
              77.9146728515625,
              15.160240173339844
            ],
            [
              77.91443634033232,
              15.163518905639876
            ],
            [
              77.90751647949224,
              15.166500091552791
            ],
            [
              77.89702606201178,
              15.169590950012434
            ],
            [
              77.88817596435564,
              15.169981002807674
            ],
            [
              77.88169860839861,
              15.168620109558162
            ],
            [
              77.87435913085949,
              15.136320114135685
            ],
            [
              77.86952972412115,
              15.127389907836971
            ],
            [
              77.84944152832031,
              15.126610755920467
            ],
            [
              77.84240722656267,
              15.122510910034407
            ],
            [
              77.83875274658197,
              15.123240470886344
            ],
            [
              77.83579254150396,
              15.123832702636719
            ],
            [
              77.8340911865235,
              15.13595104217535
            ],
            [
              77.8174133300783,
              15.133660316467342
            ],
            [
              77.81717681884794,
              15.133660316467342
            ],
            [
              77.8122100830081,
              15.133831024169922
            ],
            [
              77.80802917480497,
              15.126850128174055
            ],
            [
              77.80771636962908,
              15.12223052978527
            ],
            [
              77.80751800537126,
              15.11899185180664
            ],
            [
              77.80455780029308,
              15.116081237793026
            ],
            [
              77.79714965820341,
              15.111860275268668
            ],
            [
              77.79290008544928,
              15.108001708984375
            ],
            [
              77.78708648681658,
              15.097319602966309
            ],
            [
              77.78318786621105,
              15.098431587219295
            ],
            [
              77.78037261962919,
              15.10117053985607
            ],
            [
              77.77587890625006,
              15.102329254150334
            ],
            [
              77.7721710205081,
              15.103759765624943
            ],
            [
              77.76686096191406,
              15.105430603027457
            ],
            [
              77.7681427001956,
              15.115900993347168
            ],
            [
              77.74466705322277,
              15.121472358703613
            ],
            [
              77.74153137207048,
              15.136269569396973
            ],
            [
              77.72689819335943,
              15.14246940612793
            ],
            [
              77.72563934326166,
              15.162669181823787
            ],
            [
              77.71495819091791,
              15.164678573608455
            ],
            [
              77.7108764648438,
              15.172321319580021
            ],
            [
              77.70662689209001,
              15.178249359130803
            ],
            [
              77.70291900634794,
              15.174909591674805
            ],
            [
              77.6937789916995,
              15.173469543457088
            ],
            [
              77.69000244140642,
              15.176280021667594
            ],
            [
              77.69193267822283,
              15.189229965209961
            ],
            [
              77.69428253173834,
              15.193781852722225
            ],
            [
              77.69307708740251,
              15.197292327880973
            ],
            [
              77.6901931762697,
              15.200901985168514
            ],
            [
              77.68541717529297,
              15.202590942382812
            ],
            [
              77.68382263183605,
              15.206070899963379
            ],
            [
              77.67922210693365,
              15.207000732421875
            ],
            [
              77.67301177978516,
              15.213028907775993
            ],
            [
              77.67288208007818,
              15.219240188598633
            ],
            [
              77.6701965332033,
              15.223389625549316
            ],
            [
              77.66333007812517,
              15.22528171539301
            ],
            [
              77.65629577636724,
              15.225621223449707
            ],
            [
              77.64598083496094,
              15.223251342773494
            ],
            [
              77.64499664306658,
              15.218359947204533
            ],
            [
              77.63797760009771,
              15.215419769287223
            ],
            [
              77.63468170166016,
              15.214949607849121
            ],
            [
              77.62992095947283,
              15.199939727783317
            ],
            [
              77.61081695556635,
              15.19779109954834
            ],
            [
              77.6065063476563,
              15.175459861755314
            ],
            [
              77.59099578857422,
              15.175799369812012
            ],
            [
              77.58168792724626,
              15.178149223327694
            ],
            [
              77.57624816894543,
              15.181879997253418
            ],
            [
              77.5668563842774,
              15.192400932312012
            ],
            [
              77.56006622314482,
              15.195790290832633
            ],
            [
              77.55197906494146,
              15.19866085052496
            ],
            [
              77.54331970214844,
              15.200429916381836
            ],
            [
              77.53759002685547,
              15.203070640564079
            ],
            [
              77.52494049072277,
              15.215360641479492
            ],
            [
              77.52098083496088,
              15.2169704437257
            ],
            [
              77.4992980957033,
              15.214530944824332
            ],
            [
              77.49452972412126,
              15.212499618530273
            ],
            [
              77.49299621582048,
              15.208299636840934
            ],
            [
              77.4810409545899,
              15.205190658569279
            ],
            [
              77.4785766601563,
              15.202189445495662
            ],
            [
              77.47366333007841,
              15.203330993652287
            ],
            [
              77.46375274658232,
              15.208099365234318
            ],
            [
              77.44718170166016,
              15.214171409606877
            ],
            [
              77.44602203369135,
              15.207260131835994
            ],
            [
              77.44272613525402,
              15.2051296234132
            ],
            [
              77.44732666015653,
              15.198921203613395
            ],
            [
              77.43016815185575,
              15.20264053344738
            ],
            [
              77.42897796630865,
              15.209711074829102
            ],
            [
              77.42694854736322,
              15.213911056518668
            ],
            [
              77.42022705078136,
              15.21660041809082
            ],
            [
              77.40396118164068,
              15.216857910156193
            ],
            [
              77.3999633789063,
              15.212080955505314
            ],
            [
              77.391586303711,
              15.210921287536564
            ],
            [
              77.38109588623053,
              15.210549354553336
            ],
            [
              77.3677597045899,
              15.214729309082145
            ],
            [
              77.36057281494135,
              15.215641021728516
            ],
            [
              77.35565948486345,
              15.19930171966547
            ],
            [
              77.35395812988298,
              15.19520187377941
            ],
            [
              77.35135650634771,
              15.194170951843319
            ],
            [
              77.35119628906278,
              15.19071197509777
            ],
            [
              77.34902954101568,
              15.18766021728527
            ],
            [
              77.34665679931635,
              15.170120239257926
            ],
            [
              77.33464813232422,
              15.169231414795036
            ],
            [
              77.31559753417986,
              15.169759750366211
            ],
            [
              77.30535125732428,
              15.147530555725098
            ],
            [
              77.29698944091803,
              15.146941184997786
            ],
            [
              77.2937698364259,
              15.136869430542106
            ],
            [
              77.28864288330107,
              15.124721527099666
            ],
            [
              77.27346038818376,
              15.125321388244743
            ],
            [
              77.26669311523466,
              15.124039649963379
            ],
            [
              77.26484680175781,
              15.131520271301383
            ],
            [
              77.26023101806669,
              15.135770797729492
            ],
            [
              77.25511169433594,
              15.135930061340275
            ],
            [
              77.24749755859392,
              15.137340545654524
            ],
            [
              77.23365020751959,
              15.137440681457463
            ],
            [
              77.22370147705084,
              15.139092445373535
            ],
            [
              77.21684265136724,
              15.141600608825911
            ],
            [
              77.21642303466814,
              15.144251823425407
            ],
            [
              77.20984649658214,
              15.145960807800407
            ],
            [
              77.20970153808588,
              15.148090362548942
            ],
            [
              77.19889068603533,
              15.151749610900936
            ],
            [
              77.19258117675798,
              15.153000831603947
            ],
            [
              77.18992614746111,
              15.150700569152889
            ],
            [
              77.18756866455107,
              15.150860786437988
            ],
            [
              77.18297576904325,
              15.149471282958984
            ],
            [
              77.17719268798834,
              15.136859893798771
            ],
            [
              77.17224884033209,
              15.136611938476562
            ],
            [
              77.1564483642581,
              15.139850616455192
            ],
            [
              77.15276336669928,
              15.131621360778809
            ],
            [
              77.13536071777361,
              15.136010169982853
            ],
            [
              77.13208007812494,
              15.1426811218264
            ],
            [
              77.13697052001959,
              15.149251937866325
            ],
            [
              77.14549255371094,
              15.150700569152889
            ],
            [
              77.15305328369135,
              15.148820877075138
            ],
            [
              77.15770721435553,
              15.148950576782283
            ],
            [
              77.1592864990235,
              15.152120590210075
            ],
            [
              77.1587905883789,
              15.157869338989315
            ],
            [
              77.16320037841814,
              15.161331176757926
            ],
            [
              77.1644821166995,
              15.168470382690657
            ],
            [
              77.16153717041021,
              15.182210922241438
            ],
            [
              77.15815734863293,
              15.193819999694938
            ],
            [
              77.15577697753923,
              15.194339752197322
            ],
            [
              77.14996337890653,
              15.207901000976506
            ],
            [
              77.1470794677735,
              15.208809852600154
            ],
            [
              77.14138031005888,
              15.218132019043026
            ],
            [
              77.12090301513678,
              15.22124099731451
            ],
            [
              77.12345886230497,
              15.233320236206282
            ],
            [
              77.13265991210938,
              15.234609603881836
            ],
            [
              77.14025115966825,
              15.251550674438533
            ],
            [
              77.14668273925787,
              15.250290870666504
            ],
            [
              77.15793609619146,
              15.251350402832145
            ],
            [
              77.16525268554716,
              15.250971794128475
            ],
            [
              77.16414642334001,
              15.259070396423397
            ],
            [
              77.15766906738298,
              15.260379791259822
            ],
            [
              77.14985656738298,
              15.26693058013916
            ],
            [
              77.14517211914068,
              15.266051292419377
            ],
            [
              77.14491271972673,
              15.269280433654842
            ],
            [
              77.1480331420899,
              15.270951271057186
            ],
            [
              77.14872741699236,
              15.277850151062012
            ],
            [
              77.14791107177729,
              15.285670280456543
            ],
            [
              77.13883972167974,
              15.285479545593262
            ],
            [
              77.12374877929688,
              15.287569999694824
            ],
            [
              77.1154174804688,
              15.289850234985408
            ],
            [
              77.11342620849626,
              15.319120407104492
            ],
            [
              77.11023712158209,
              15.3207302093507
            ],
            [
              77.10968780517584,
              15.327281951904354
            ],
            [
              77.09929656982439,
              15.326621055603255
            ],
            [
              77.06909179687528,
              15.31947135925293
            ],
            [
              77.06157684326178,
              15.321860313415584
            ],
            [
              77.06314849853521,
              15.328080177307072
            ],
            [
              77.0628967285158,
              15.337909698486328
            ],
            [
              77.05784606933622,
              15.343190193176326
            ],
            [
              77.04260253906278,
              15.352240562439079
            ],
            [
              77.03803253173857,
              15.358781814575309
            ],
            [
              77.04228973388689,
              15.374799728393555
            ],
            [
              77.04382324218767,
              15.38374137878418
            ],
            [
              77.04100799560553,
              15.391510009765682
            ],
            [
              77.033256530762,
              15.396260261535758
            ],
            [
              77.02854156494158,
              15.401302337646541
            ],
            [
              77.02686309814459,
              15.407752037048454
            ],
            [
              77.031005859375,
              15.418339729309139
            ],
            [
              77.03048706054693,
              15.42633056640625
            ],
            [
              77.02739715576189,
              15.435180664062557
            ],
            [
              77.02384185791021,
              15.43856143951416
            ],
            [
              77.01528167724615,
              15.441069602966365
            ],
            [
              77.00609588623053,
              15.44823074340843
            ],
            [
              77.00203704834001,
              15.45538139343273
            ],
            [
              77.00074005126959,
              15.461701393127669
            ],
            [
              76.99600219726568,
              15.467459678649846
            ],
            [
              76.98898315429716,
              15.473151206970329
            ],
            [
              76.9760818481447,
              15.482012748718375
            ],
            [
              76.97039031982439,
              15.490921974182243
            ],
            [
              76.97013854980463,
              15.494951248169059
            ],
            [
              76.97189331054705,
              15.506331443786735
            ],
            [
              76.98165130615234,
              15.504770278930664
            ],
            [
              76.99085235595709,
              15.501070976257381
            ],
            [
              76.99603271484386,
              15.499731063842773
            ],
            [
              77.0054321289062,
              15.50277137756359
            ],
            [
              77.02659606933588,
              15.499990463256893
            ],
            [
              77.02874755859392,
              15.508560180664062
            ],
            [
              77.028861999512,
              15.52512168884283
            ],
            [
              77.02371215820341,
              15.576381683349666
            ],
            [
              77.02443695068365,
              15.584362030029297
            ],
            [
              77.02889251708979,
              15.598259925842342
            ],
            [
              77.02839660644537,
              15.606849670410213
            ],
            [
              77.02710723876959,
              15.629349708557186
            ],
            [
              77.02928161621094,
              15.63383865356451
            ],
            [
              77.03266143798857,
              15.632008552551383
            ],
            [
              77.0360107421875,
              15.63237190246582
            ],
            [
              77.06887054443365,
              15.640909194946232
            ],
            [
              77.08143615722662,
              15.652840614318904
            ],
            [
              77.08889770507818,
              15.647521018981877
            ],
            [
              77.095932006836,
              15.644149780273438
            ],
            [
              77.10056304931669,
              15.63916110992443
            ],
            [
              77.10389709472673,
              15.633931159973088
            ],
            [
              77.11620330810575,
              15.62510967254633
            ],
            [
              77.12092590332037,
              15.637201309204329
            ],
            [
              77.12497711181669,
              15.659050941467285
            ],
            [
              77.11905670166027,
              15.66208934783947
            ],
            [
              77.11046600341808,
              15.671262741088924
            ],
            [
              77.1008377075197,
              15.678879737854004
            ],
            [
              77.07592773437506,
              15.690878868103027
            ],
            [
              77.07792663574219,
              15.693361282348576
            ],
            [
              77.0816497802735,
              15.695330619812012
            ],
            [
              77.08436584472685,
              15.708959579467773
            ],
            [
              77.07625579833984,
              15.710371017456112
            ],
            [
              77.07627105712896,
              15.721410751343
            ],
            [
              77.06299591064482,
              15.723671913146916
            ],
            [
              77.04708862304693,
              15.72501182556158
            ],
            [
              77.0472488403322,
              15.733171463012752
            ],
            [
              77.04322814941423,
              15.734481811523551
            ],
            [
              77.04669189453125,
              15.75133132934576
            ],
            [
              77.05171966552746,
              15.750129699707145
            ],
            [
              77.05316925048845,
              15.758879661560172
            ],
            [
              77.04850769042997,
              15.760760307312012
            ],
            [
              77.04972076416033,
              15.764101028442496
            ],
            [
              77.05372619628923,
              15.76364994049078
            ],
            [
              77.05660247802751,
              15.772280693054256
            ],
            [
              77.0597686767581,
              15.778840065002441
            ],
            [
              77.0624771118164,
              15.778390884399528
            ],
            [
              77.0672378540039,
              15.796050071716422
            ],
            [
              77.06151580810547,
              15.797921180725098
            ],
            [
              77.06388854980474,
              15.823169708251953
            ],
            [
              77.05226135253912,
              15.824338912963867
            ],
            [
              77.04991912841814,
              15.82014274597168
            ],
            [
              77.04154205322266,
              15.821660995483398
            ],
            [
              77.03836822509777,
              15.825510025024528
            ],
            [
              77.03388214111345,
              15.824399948120174
            ],
            [
              77.02815246582048,
              15.825590133667106
            ],
            [
              77.02442169189459,
              15.82948970794672
            ],
            [
              77.02227020263689,
              15.831780433654899
            ],
            [
              77.02902984619152,
              15.844901084900016
            ],
            [
              77.033187866211,
              15.853080749511776
            ],
            [
              77.04104614257824,
              15.863959312439079
            ],
            [
              77.0524520874024,
              15.876282691955566
            ],
            [
              77.05821228027355,
              15.887161254882812
            ],
            [
              77.06595611572266,
              15.899311065673885
            ],
            [
              77.07679748535173,
              15.909740447998047
            ],
            [
              77.09005737304699,
              15.917869567871094
            ],
            [
              77.10460662841791,
              15.924531936645451
            ],
            [
              77.12065887451189,
              15.928820610046387
            ],
            [
              77.129936218262,
              15.930391311645565
            ],
            [
              77.13677215576178,
              15.936219215393066
            ],
            [
              77.14343261718756,
              15.940600395202637
            ],
            [
              77.1571273803711,
              15.944480895996207
            ],
            [
              77.17070007324224,
              15.945549964904785
            ],
            [
              77.1806259155274,
              15.950062751770076
            ],
            [
              77.18782806396501,
              15.950710296630803
            ],
            [
              77.20295715332037,
              15.949879646301326
            ],
            [
              77.2186660766601,
              15.951642036438102
            ],
            [
              77.22711944580095,
              15.951609611511344
            ],
            [
              77.23609161376953,
              15.95271110534668
            ],
            [
              77.24405670166016,
              15.956761360168684
            ],
            [
              77.24891662597662,
              15.957740783691406
            ],
            [
              77.2581329345706,
              15.95397090911871
            ],
            [
              77.26317596435547,
              15.951389312744368
            ],
            [
              77.28244781494146,
              15.947361946105957
            ],
            [
              77.29178619384766,
              15.949969291687012
            ],
            [
              77.30021667480474,
              15.95049953460699
            ],
            [
              77.31478881835966,
              15.945190429687727
            ],
            [
              77.33516693115263,
              15.943270683288574
            ],
            [
              77.35360717773443,
              15.943701744079704
            ],
            [
              77.3598709106447,
              15.941550254822005
            ],
            [
              77.36814117431646,
              15.936040878296012
            ],
            [
              77.37622070312494,
              15.933250427246207
            ],
            [
              77.38559722900408,
              15.934451103210563
            ],
            [
              77.39270019531256,
              15.936761856079102
            ],
            [
              77.40003204345732,
              15.93546009063732
            ],
            [
              77.40763092041027,
              15.935651779174918
            ],
            [
              77.41644287109403,
              15.937960624694824
            ],
            [
              77.42193603515636,
              15.941299438476562
            ],
            [
              77.4264221191408,
              15.942278861999625
            ],
            [
              77.4364776611331,
              15.939031600952205
            ],
            [
              77.45250701904291,
              15.93152046203619
            ],
            [
              77.46697998046903,
              15.927580833435059
            ],
            [
              77.48332214355474,
              15.928059577941895
            ],
            [
              77.49732208251982,
              15.926300048828182
            ],
            [
              77.50945281982428,
              15.920860290527287
            ],
            [
              77.53173828125006,
              15.916119575500545
            ],
            [
              77.54884338378906,
              15.913668632507438
            ],
            [
              77.57163238525396,
              15.912320137024153
            ],
            [
              77.58010101318388,
              15.910209655761719
            ],
            [
              77.58841705322271,
              15.906991958618107
            ],
            [
              77.59868621826178,
              15.908741950988883
            ],
            [
              77.60637664794933,
              15.911729812622184
            ],
            [
              77.6138458251956,
              15.907830238342513
            ],
            [
              77.61882019042997,
              15.90375137329113
            ],
            [
              77.6257095336914,
              15.899130821228027
            ],
            [
              77.63204956054705,
              15.891800880432186
            ],
            [
              77.6396026611331,
              15.883131027221737
            ],
            [
              77.6482162475586,
              15.878939628601188
            ],
            [
              77.6589431762697,
              15.876520156860352
            ],
            [
              77.68353271484392,
              15.873891830444279
            ],
            [
              77.69249725341814,
              15.875321388244629
            ],
            [
              77.699447631836,
              15.880439758300724
            ],
            [
              77.70730590820341,
              15.884099960327205
            ],
            [
              77.71611785888672,
              15.886570930481184
            ],
            [
              77.72486114501982,
              15.8847913742066
            ],
            [
              77.7319564819336,
              15.882210731506348
            ],
            [
              77.73883056640642,
              15.878520965576229
            ],
            [
              77.74964141845732,
              15.87587928771984
            ],
            [
              77.76004791259771,
              15.876791000366211
            ],
            [
              77.7702026367188,
              15.873271942138615
            ],
            [
              77.77889251709001,
              15.8693017959597
            ],
            [
              77.78978729248064,
              15.86658859252941
            ],
            [
              77.79918670654303,
              15.865320205688704
            ],
            [
              77.80921936035173,
              15.867029190063533
            ],
            [
              77.81772613525419,
              15.869490623474235
            ],
            [
              77.82534790039074,
              15.873790740966854
            ],
            [
              77.83384704589861,
              15.875510215759277
            ],
            [
              77.83976745605469,
              15.873940467834586
            ],
            [
              77.85011291503912,
              15.873821258545036
            ],
            [
              77.8556518554688,
              15.875761032104606
            ],
            [
              77.86694335937528,
              15.892389297485408
            ],
            [
              77.87638092041033,
              15.896001815796012
            ],
            [
              77.887680053711,
              15.895921707153263
            ],
            [
              77.90756225585966,
              15.884890556335392
            ],
            [
              77.92829895019537,
              15.876509666443098
            ],
            [
              77.9440231323245,
              15.874910354614371
            ],
            [
              77.96308135986357,
              15.875900268554688
            ],
            [
              77.97287750244158,
              15.874119758605957
            ],
            [
              77.9936065673831,
              15.860980033874569
            ],
            [
              78.00186920166033,
              15.85923004150402
            ],
            [
              78.00660705566406,
              15.871970176696891
            ],
            [
              78.0147323608399,
              15.888811111450252
            ],
            [
              78.01696777343756,
              15.895149230957031
            ],
            [
              78.02423858642584,
              15.898582458496094
            ],
            [
              78.028793334961,
              15.902690887451172
            ],
            [
              78.03629302978527,
              15.90209102630621
            ],
            [
              78.03981781005876,
              15.898100852966422
            ],
            [
              78.04071807861357,
              15.872200965881461
            ],
            [
              78.04886627197271,
              15.87075138092041
            ],
            [
              78.05847167968744,
              15.850410461425838
            ],
            [
              78.06366729736345,
              15.844561576843489
            ],
            [
              78.1011428833009,
              15.827921867370605
            ],
            [
              78.10958099365263,
              15.827180862426985
            ],
            [
              78.11978912353521,
              15.830268859863224
            ],
            [
              78.12687683105474,
              15.834920883178768
            ],
            [
              78.12583160400408,
              15.848931312561149
            ],
            [
              78.13791656494146,
              15.850240707397404
            ],
            [
              78.14840698242193,
              15.849969863891545
            ],
            [
              78.15093231201183,
              15.849040031433049
            ],
            [
              78.16467285156278,
              15.848990440368652
            ],
            [
              78.16867065429699,
              15.853170394897461
            ],
            [
              78.1706619262697,
              15.866438865661735
            ],
            [
              78.17384338378935,
              15.872520446777571
            ],
            [
              78.17907714843767,
              15.879778861999512
            ],
            [
              78.18148803710966,
              15.887651443481502
            ],
            [
              78.17919158935575,
              15.894940376281795
            ],
            [
              78.18003082275408,
              15.900449752807617
            ],
            [
              78.19667053222662,
              15.912240028381404
            ],
            [
              78.20539855957048,
              15.917060852050724
            ],
            [
              78.22786712646484,
              15.923480987548828
            ],
            [
              78.23796844482422,
              15.929051399230957
            ],
            [
              78.2428665161134,
              15.937048912048283
            ],
            [
              78.24401092529308,
              15.946961402893123
            ],
            [
              78.24735260009783,
              15.96004962921154
            ],
            [
              78.24835968017584,
              15.968309402465877
            ],
            [
              78.25110626220732,
              15.97083854675293
            ],
            [
              78.25293731689459,
              15.978440284729118
            ],
            [
              78.25974273681658,
              15.99473094940197
            ],
            [
              78.25868225097662,
              16.00508117675804
            ],
            [
              78.25138092041021,
              16.025680541992415
            ],
            [
              78.25666809082031,
              16.03129959106451
            ],
            [
              78.26815795898438,
              16.034759521484375
            ],
            [
              78.28105926513666,
              16.032091140747184
            ],
            [
              78.29218292236345,
              16.028490066528263
            ],
            [
              78.31620788574236,
              16.02915191650402
            ],
            [
              78.3235626220706,
              16.037242889404354
            ],
            [
              78.33114624023443,
              16.047090530395735
            ],
            [
              78.34041595459001,
              16.052770614624137
            ],
            [
              78.35311126708996,
              16.054510116577262
            ],
            [
              78.37003326416021,
              16.05984115600586
            ],
            [
              78.38424682617182,
              16.071830749511776
            ],
            [
              78.40566253662126,
              16.08094978332514
            ],
            [
              78.42095184326178,
              16.08284950256342
            ],
            [
              78.45101165771479,
              16.08103179931652
            ],
            [
              78.49559783935575,
              16.073089599609375
            ],
            [
              78.52083587646484,
              16.0650691986084
            ],
            [
              78.53285980224626,
              16.062322616577262
            ],
            [
              78.54689788818371,
              16.05620002746582
            ],
            [
              78.55912780761747,
              16.05637168884283
            ],
            [
              78.56711578369152,
              16.061870574951286
            ],
            [
              78.57643127441412,
              16.070341110229606
            ],
            [
              78.59256744384783,
              16.08723068237316
            ],
            [
              78.603500366211,
              16.09643936157221
            ],
            [
              78.61701202392578,
              16.098909378051758
            ],
            [
              78.63648986816412,
              16.091449737548942
            ],
            [
              78.64669799804682,
              16.082731246948356
            ],
            [
              78.65776062011713,
              16.07143974304205
            ],
            [
              78.66837310791021,
              16.055799484252987
            ],
            [
              78.67498016357439,
              16.049030303955135
            ],
            [
              78.6865615844726,
              16.040380477905387
            ],
            [
              78.71366882324219,
              16.026660919189453
            ],
            [
              78.72596740722662,
              16.023040771484432
            ],
            [
              78.73898315429716,
              16.021141052246207
            ],
            [
              78.7539367675783,
              16.02100944519043
            ],
            [
              78.77504730224638,
              16.023609161376953
            ],
            [
              78.79001617431646,
              16.032699584960938
            ],
            [
              78.80799865722662,
              16.046190261840934
            ],
            [
              78.81376647949247,
              16.052190780639762
            ],
            [
              78.82155609130871,
              16.06220054626465
            ],
            [
              78.83650207519531,
              16.087377548217773
            ],
            [
              78.83937835693376,
              16.094240188598746
            ],
            [
              78.8402862548831,
              16.102830886840934
            ],
            [
              78.83808898925787,
              16.11086082458496
            ],
            [
              78.83394622802746,
              16.120140075683707
            ],
            [
              78.83127593994152,
              16.132978439331055
            ],
            [
              78.83049774169928,
              16.14215087890625
            ],
            [
              78.83213043212908,
              16.151769638061637
            ],
            [
              78.83783721923828,
              16.156738281250057
            ],
            [
              78.84628295898443,
              16.1595401763916
            ],
            [
              78.85645294189464,
              16.158599853515682
            ],
            [
              78.86293792724621,
              16.153089523315543
            ],
            [
              78.86633300781256,
              16.14385986328125
            ],
            [
              78.8680267333985,
              16.135261535644474
            ],
            [
              78.86942291259777,
              16.12162971496582
            ],
            [
              78.87267303466808,
              16.110170364379883
            ],
            [
              78.88906860351574,
              16.098560333251953
            ]
          ]
        ]
      }
    }
  ]
}